"","Accn","Super.Group","Organism_Taxonomic_ID","Organism.Name","SIN1","RICTOR","RAPTOR","TOR","LST8","Class.name","Phylum.name","Order.name","Family.name","Genus.name","Source","C.score","Frag.score","M.Strategy","HasRICTOR"
"1","Polgl2088","Alveolata",89957,"Polarella glacialis",NA,"L","L","H","M","Dinophyceae",NA,"Suessiales","Suessiaceae","Polarella","JGI",NA,NA,"Autotrophic","YES"
"2","Vitbras1","Alveolata",1169540,"Vitrella brassicaformis CCMP3155",NA,"M","H","H","H",NA,NA,NA,"Vitrellaceae","Vitrella","JGI",NA,NA,"Mixotroph","YES"
"3","Tetthe1","Alveolata",312017,"Tetrahymena thermophila SB210",NA,"H",NA,"H","M","Oligohymenophorea","Ciliophora","Hymenostomatida","Tetrahymenidae","Tetrahymena","JGI",NA,NA,"Heterotroph","YES"
"4","Oxytri1","Alveolata",1172189,"Oxytricha trifallax",NA,"H",NA,"H","M","Spirotrichea","Ciliophora","Sporadotrichida","Oxytrichidae","Oxytricha","JGI",NA,NA,"Heterotroph","YES"
"5","Partet1","Alveolata",412030,"Paramecium tetraurelia strain d4-2","M","H",NA,"H","H","Oligohymenophorea","Ciliophora","Peniculida","Parameciidae","Paramecium","JGI",98,0,NA,"YES"
"6","GCA_000006405.1","Alveolata",423536,"Perkinsus marinus ATCC 50983",NA,"L","M","H","M",NA,"Perkinsozoa","Perkinsida","Perkinsidae","Perkinsus","NCBI",97.08,1.17,"Parasite","YES"
"7","GCA_000165425.1","Alveolata",5888,"Paramecium tetraurelia","M","H",NA,"H","H","Oligohymenophorea","Ciliophora","Peniculida","Parameciidae","Paramecium","NCBI",98.83,0.58,"Heterotroph","YES"
"8","GCA_000220395.1","Alveolata",5932,"Ichthyophthirius multifiliis",NA,"M",NA,"H","M","Oligohymenophorea","Ciliophora","Hymenostomatida",NA,"Ichthyophthirius","NCBI",82.46,5.26,"Parasite","YES"
"9","GCA_000751175.1","Alveolata",5949,"Stylonychia lemnae",NA,"H",NA,"H","M","Spirotrichea","Ciliophora","Sporadotrichida","Oxytrichidae","Stylonychia","NCBI",97.66,1.17,"Heterotroph","YES"
"10","GCA_001447515.1","Alveolata",266149,"Pseudocohnilembus persalinus",NA,"H",NA,"H","M","Oligohymenophorea","Ciliophora","Philasterida","Pseudocohnilembidae","Pseudocohnilembus","NCBI",99.42,0,"Heterotroph","YES"
"11","GCA_013115115.1","Alveolata",32597,"Perkinsus olseni",NA,"M","H","H","M",NA,"Perkinsozoa","Perkinsida","Perkinsidae","Perkinsus","NCBI",89.47,2.34,"Parasite","YES"
"12","GCA_013115145.1","Alveolata",330153,"Perkinsus chesapeaki",NA,"L","M","H","M",NA,"Perkinsozoa","Perkinsida","Perkinsidae","Perkinsus","NCBI",91.23,3.51,"Parasite","YES"
"13","GCA_905182985.1","Alveolata",65129,"Paramecium sonneborni","M","H",NA,"H","H","Oligohymenophorea","Ciliophora","Peniculida","Parameciidae","Paramecium","NCBI",98.83,0.58,"Heterotroph","YES"
"14","GCA_905182995.1","Alveolata",43137,"Paramecium octaurelia","M","H",NA,"H","H","Oligohymenophorea","Ciliophora","Peniculida","Parameciidae","Paramecium","NCBI",96.49,1.75,"Heterotroph","YES"
"15","GCA_905183005.1","Alveolata",43138,"Paramecium pentaurelia","M","H",NA,"H","H","Oligohymenophorea","Ciliophora","Peniculida","Parameciidae","Paramecium","NCBI",98.25,1.17,"Heterotroph","YES"
"16","GCA_914767885.1","Alveolata",1481888,"Blepharisma stoltei",NA,"H",NA,"H","M","Heterotrichea","Ciliophora","Heterotrichida","Blepharismidae","Blepharisma","NCBI",95.91,2.92,"Heterotroph","YES"
"17","Chlpri1","Chlorophyta",1764295,"Chloropicon primus",NA,"M","H","H","H","Chloropicophyceae","Chlorophyta","Chloropicales","Chloropicaceae","Chloropicon","JGI",91.3,0.5,"Autotrophic","YES"
"18","GCA_001247695.2","Chlorophyta",36881,"Cymbomonas tetramitiformis","L","H","H","H","H","Pyramimonadophyceae","Chlorophyta","Pyramimonadales","Pyramimonadaceae","Cymbomonas","NCBI",83.54,5.33,"Mixotroph","YES"
"19","GCA_038396805.1","Chlorophyta",1461544,"Chloropicon roscoffensis",NA,"M","H","H","H","Chloropicophyceae","Chlorophyta","Chloropicales","Chloropicaceae","Chloropicon","NCBI",91.24,0.33,"Autotrophic","YES"
"20","Trivag1","Metamonada",412133,"Trichomonas vaginalis G3",NA,"M","H","H","M",NA,"Parabasalia","Trichomonadida","Trichomonadidae","Trichomonas","JGI",52.2,6.7,"Parasite","YES"
"21","Trybru1","Discoba",185431,"Trypanosoma brucei brucei TREU927",NA,"H","H","H","H","Kinetoplastea","Euglenozoa","Trypanosomatida","Trypanosomatidae","Trypanosoma","JGI",NA,NA,"Parasite","YES"
"22","GCA_000002435.2","Metamonada",5741,"Giardia intestinalis",NA,"H","H","H","M",NA,"Fornicata","Diplomonadida","Hexamitidae","Giardia","NCBI",23.92,5.88,"Parasite","YES"
"23","GCA_000182405.1","Metamonada",598745,"Giardia intestinalis ATCC 50581",NA,"H","H","H","M",NA,"Fornicata","Diplomonadida","Hexamitidae","Giardia","NCBI",23.53,6.67,"Parasite","YES"
"24","GCA_000182665.1","Metamonada",658858,"Giardia lamblia P15",NA,"H","H","H","M",NA,"Fornicata","Diplomonadida","Hexamitidae","Giardia","NCBI",23.92,6.27,"Parasite","YES"
"25","GCA_001543975.1","Metamonada",1394984,"Giardia intestinalis assemblage B",NA,"H","H","H","M",NA,"Fornicata","Diplomonadida","Hexamitidae","Giardia","NCBI",23.14,6.67,"Parasite","YES"
"26","GCA_001839685.2","Metamonada",1144522,"Tritrichomonas foetus",NA,"M","H","H","M",NA,"Parabasalia","Tritrichomonadida","Tritrichomonadidae","Tritrichomonas","NCBI",50.59,4.71,"Parasite","YES"
"27","GCA_003568945.1","Metamonada",797122,"Kipferlia bialata",NA,"L","M","H","L",NA,"Fornicata",NA,NA,"Kipferlia","NCBI",18.82,21.96,"Parasite","YES"
"28","GCA_006247105.1","Metamonada",5742,"Giardia muris",NA,"H","M","H","L",NA,"Fornicata","Diplomonadida","Hexamitidae","Giardia","NCBI",22.35,7.06,"Parasite","YES"
"29","GCA_019828565.1","Metamonada",201153,"Carpediemonas membranifera",NA,"H","H","H","M",NA,"Fornicata",NA,NA,"Carpediemonas","NCBI",48.63,11.37,"Parasite","YES"
"30","GCA_020184695.1","Metamonada",135588,"Histomonas meleagridis",NA,"M","M","H","M",NA,"Parabasalia","Tritrichomonadida","Dientamoebidae","Histomonas","NCBI",46.67,9.8,"Parasite","YES"
"31","GCA_027625915.1","Metamonada",1746091,"Anaeramoeba flamelloides","L","H","H","H","H",NA,NA,NA,"Anaeramoebidae","Anaeramoeba","NCBI",79.61,3.14,"Heterotroph","YES"
"32","GCA_028826165.1","Metamonada",1746090,"Anaeramoeba ignava","L","H","H","H","H",NA,NA,NA,"Anaeramoebidae","Anaeramoeba","NCBI",77.25,2.75,"Heterotroph","YES"
"33","GCA_033064195.1","Metamonada",2049346,"Blattamonas nauphoetae",NA,"L","H","H","L",NA,"Preaxostyla","Oxymonadida",NA,"Blattamonas","NCBI",52.94,9.02,"Heterotroph","YES"
"34","GCA_039105265.1","Metamonada",1915356,"Tritrichomonas musculus",NA,"M","H","H","M",NA,"Parabasalia","Tritrichomonadida","Tritrichomonadidae","Tritrichomonas","NCBI",54.51,7.06,"Heterotroph","YES"
"35","GCA_040285745.1","Metamonada",2654837,"Barthelona sp. PCE",NA,"M","H","H","M",NA,NA,NA,NA,"Barthelona","NCBI",40.78,7.45,"Heterotroph","YES"
"36","GCA_000002725.2","Discoba",347515,"Leishmania major strain Friedlin",NA,"H","H","H","H","Kinetoplastea","Euglenozoa","Trypanosomatida","Trypanosomatidae","Leishmania","NCBI",100,0,"Parasite","YES"
"37","GCA_000002845.2","Discoba",420245,"Leishmania braziliensis MHOM/BR/75/M2904",NA,"H","H","H","H","Kinetoplastea","Euglenozoa","Trypanosomatida","Trypanosomatidae","Leishmania","NCBI",96.92,1.54,"Parasite","YES"
"38","GCA_000002875.2","Discoba",435258,"Leishmania infantum JPCM5",NA,"H","H","H","H","Kinetoplastea","Euglenozoa","Trypanosomatida","Trypanosomatidae","Leishmania","NCBI",100,0,"Parasite","YES"
"39","GCA_000004985.1","Discoba",5762,"Naegleria gruberi",NA,"M","H","H","H",NA,"Heterolobosea",NA,"Vahlkampfiidae","Naegleria","NCBI",77.65,10.2,"Heterotroph","YES"
"40","GCA_000188675.2","Discoba",5693,"Trypanosoma cruzi",NA,"H","H","H","M","Kinetoplastea","Euglenozoa","Trypanosomatida","Trypanosomatidae","Trypanosoma","NCBI",93.08,4.62,"Parasite","YES"
"41","GCA_000210295.1","Discoba",679716,"Trypanosoma brucei gambiense DAL972",NA,"H","H","H","H","Kinetoplastea","Euglenozoa","Trypanosomatida","Trypanosomatidae","Trypanosoma","NCBI",98.46,1.54,"Parasite","YES"
"42","GCA_000227135.2","Discoba",5661,"Leishmania donovani",NA,"H","H","H","H","Kinetoplastea","Euglenozoa","Trypanosomatida","Trypanosomatidae","Leishmania","NCBI",99.23,0,"Parasite","YES"
"43","GCA_000234665.4","Discoba",929439,"Leishmania mexicana MHOM/GT/2001/U1103",NA,"H","H","H","H","Kinetoplastea","Euglenozoa","Trypanosomatida","Trypanosomatidae","Leishmania","NCBI",99.23,0.77,"Parasite","YES"
"44","GCA_000300495.1","Discoba",85056,"Trypanosoma cruzi marinkellei",NA,"H","H","H","M","Kinetoplastea","Euglenozoa","Trypanosomatida","Trypanosomatidae","Trypanosoma","NCBI",98.46,0.77,"Parasite","YES"
"45","GCA_000442575.2","Discoba",59799,"Angomonas deanei",NA,"M","H","H","M","Kinetoplastea","Euglenozoa","Trypanosomatida","Trypanosomatidae","Angomonas","NCBI",79.23,16.92,"Parasite","YES"
"46","GCA_000492115.1","Discoba",429131,"Trypanosoma rangeli SC58",NA,"H","H","H",NA,"Kinetoplastea","Euglenozoa","Trypanosomatida","Trypanosomatidae","Trypanosoma","NCBI",94.62,3.85,"Parasite","YES"
"47","GCA_000496795.1","Discoba",1416333,"Trypanosoma cruzi Dm28c",NA,"H","H","H","M","Kinetoplastea","Euglenozoa","Trypanosomatida","Trypanosomatidae","Trypanosoma","NCBI",90.77,8.46,"Parasite","YES"
"48","GCA_000582765.1","Discoba",479712,"Phytomonas sp. EM1",NA,"H","H","H","M","Kinetoplastea","Euglenozoa","Trypanosomatida","Trypanosomatidae","Phytomonas","NCBI",90,9.23,"Parasite","YES"
"49","GCA_000691245.1","Discoba",71804,"Trypanosoma grayi",NA,"H","H","H","M","Kinetoplastea","Euglenozoa","Trypanosomatida","Trypanosomatidae","Trypanosoma","NCBI",95.38,3.85,"Parasite","YES"
"50","GCA_000755165.1","Discoba",5679,"Leishmania panamensis",NA,"H","H","H","H","Kinetoplastea","Euglenozoa","Trypanosomatida","Trypanosomatidae","Leishmania","NCBI",100,0,"Parasite","YES"
"51","GCA_000982615.1","Discoba",223615,"Phytomonas sp. Hart1",NA,"L","H","H","M","Kinetoplastea","Euglenozoa","Trypanosomatida","Trypanosomatidae","Phytomonas","NCBI",80,19.23,"Parasite","YES"
"52","GCA_001293395.1","Discoba",157538,"Leptomonas pyrrhocoris",NA,"H","H","H","M","Kinetoplastea","Euglenozoa","Trypanosomatida","Trypanosomatidae","Leptomonas","NCBI",100,0,"Parasite","YES"
"53","GCA_001299535.1","Discoba",5684,"Leptomonas seymouri",NA,"H","H","H","M","Kinetoplastea","Euglenozoa","Trypanosomatida","Trypanosomatidae","Leptomonas","NCBI",99.23,0.77,"Parasite","YES"
"54","GCA_001457755.2","Discoba",5694,"Trypanosoma equiperdum",NA,"H","H","H","H","Kinetoplastea","Euglenozoa","Trypanosomatida","Trypanosomatidae","Trypanosoma","NCBI",94.62,0,"Parasite","YES"
"55","GCA_001460835.1","Discoba",75058,"Bodo saltans",NA,"H","H","H","M","Kinetoplastea","Euglenozoa","Eubodonida","Bodonidae","Bodo","NCBI",89.23,8.46,"Heterotroph","YES"
"56","GCA_002087225.1","Discoba",67003,"Trypanosoma theileri",NA,"H","H","H","M","Kinetoplastea","Euglenozoa","Trypanosomatida","Trypanosomatidae","Trypanosoma","NCBI",99.23,0.77,"Parasite","YES"
"57","GCA_002219105.2","Discoba",85057,"Trypanosoma cruzi cruzi",NA,"H","H","H","M","Kinetoplastea","Euglenozoa","Trypanosomatida","Trypanosomatidae","Trypanosoma","NCBI",100,0,"Parasite","YES"
"58","GCA_003324165.2","Discoba",51637,"Naegleria lovaniensis",NA,"H","H","H","H",NA,"Heterolobosea",NA,"Vahlkampfiidae","Naegleria","NCBI",86.27,4.71,"Heterotroph","YES"
"59","GCA_003543875.1","Discoba",630700,"Trypanosoma brucei equiperdum",NA,"H",NA,"H","H","Kinetoplastea","Euglenozoa","Trypanosomatida","Trypanosomatidae","Trypanosoma","NCBI",76.15,4.62,"Parasite","YES"
"60","GCA_003719475.1","Discoba",5698,"Trypanosoma rangeli",NA,"H","H","H","M","Kinetoplastea","Euglenozoa","Trypanosomatida","Trypanosomatidae","Trypanosoma","NCBI",96.15,3.85,"Parasite","YES"
"61","GCA_003719485.1","Discoba",83891,"Trypanosoma conorhini",NA,"H","H","H","M","Kinetoplastea","Euglenozoa","Trypanosomatida","Trypanosomatidae","Trypanosoma","NCBI",97.69,1.54,"Parasite","YES"
"62","GCA_008403515.1","Discoba",5763,"Naegleria fowleri",NA,"H","H","H","L",NA,"Heterolobosea",NA,"Vahlkampfiidae","Naegleria","NCBI",85.88,3.14,"Heterotroph","YES"
"63","GCA_009731335.1","Discoba",5689,"Leishmania tarentolae",NA,"H","H","H","H","Kinetoplastea","Euglenozoa","Trypanosomatida","Trypanosomatidae","Leishmania","NCBI",98.46,0.77,"Parasite","YES"
"64","GCA_017916305.1","Discoba",5663,"Leishmania enriettii",NA,"H","H","H","H","Kinetoplastea","Euglenozoa","Trypanosomatida","Trypanosomatidae","Leishmania","NCBI",98.46,0,"Parasite","YES"
"65","GCA_017916325.1","Discoba",1580590,"Leishmania martiniquensis",NA,"H","H","H","H","Kinetoplastea","Euglenozoa","Trypanosomatida","Trypanosomatidae","Leishmania","NCBI",100,0,"Parasite","YES"
"66","GCA_017916335.1","Discoba",2249476,"Leishmania orientalis",NA,"H","H","H","H","Kinetoplastea","Euglenozoa","Trypanosomatida","Trypanosomatidae","Leishmania","NCBI",99.23,0.77,"Parasite","YES"
"67","GCA_017918215.1","Discoba",2803181,"Leishmania sp. Ghana 2012 LV757",NA,"H","H","H","H","Kinetoplastea","Euglenozoa","Trypanosomatida","Trypanosomatidae","Leishmania","NCBI",96.92,0,"Parasite","YES"
"68","GCA_017918225.1","Discoba",2802991,"Leishmania sp. Namibia",NA,"H","H","H","H","Kinetoplastea","Euglenozoa","Trypanosomatida","Trypanosomatidae","Leishmania","NCBI",99.23,0,"Parasite","YES"
"69","GCA_017918235.1","Discoba",2761500,"Porcisia hertigi",NA,"H","H","H","M","Kinetoplastea","Euglenozoa","Trypanosomatida","Trypanosomatidae","Porcisia","NCBI",98.46,0,"Parasite","YES"
"70","GCA_019425475.1","Discoba",5699,"Trypanosoma vivax",NA,"H","H","H","M","Kinetoplastea","Euglenozoa","Trypanosomatida","Trypanosomatidae","Trypanosoma","NCBI",91.54,0.77,"Parasite","YES"
"71","GCA_022059095.1","Discoba",715481,"Trypanosoma melophagium",NA,"H","H","H","M","Kinetoplastea","Euglenozoa","Trypanosomatida","Trypanosomatidae","Trypanosoma","NCBI",100,0,"Parasite","YES"
"72","GCA_024505685.1","Discoba",5660,"Leishmania braziliensis",NA,"H","H","H","H","Kinetoplastea","Euglenozoa","Trypanosomatida","Trypanosomatidae","Leishmania","NCBI",93.08,2.31,"Parasite","YES"
"73","GCA_026419775.2","Discoba",1008807,"Acrasis kona",NA,"H","H","H","H",NA,"Heterolobosea",NA,"Acrasidae","Acrasis","NCBI",85.49,6.67,"Heterotroph","YES"
"74","GCA_030068145.1","Discoba",91374,"Diplonema papillatum",NA,"H","H","H","H","Diplonemea","Euglenozoa",NA,"Diplonemidae","Diplonema","NCBI",39.23,9.23,"Heterotroph","YES"
"75","GCA_040363505.1","Discoba",653362,"Leishmania utingensis",NA,"H","H","H","H","Kinetoplastea","Euglenozoa","Trypanosomatida","Trypanosomatidae","Leishmania","NCBI",97.69,0.77,"Parasite","YES"
"76","GCA_040363515.1","Discoba",5680,"Leishmania shawi",NA,"H","H","H","H","Kinetoplastea","Euglenozoa","Trypanosomatida","Trypanosomatidae","Leishmania","NCBI",96.92,0.77,"Parasite","YES"
"77","GCA_040363635.1","Discoba",5678,"Leishmania naiffi",NA,"H","H","H","H","Kinetoplastea","Euglenozoa","Trypanosomatida","Trypanosomatidae","Leishmania","NCBI",95.38,1.54,"Parasite","YES"
"78","GCA_040363675.1","Discoba",651832,"Leishmania lindenbergi",NA,"H","H","H","H","Kinetoplastea","Euglenozoa","Trypanosomatida","Trypanosomatidae","Leishmania","NCBI",96.15,0.77,"Parasite","YES"
"79","GCA_900500625.2","Discoba",5671,"Leishmania infantum",NA,"H","H","H","H","Kinetoplastea","Euglenozoa","Trypanosomatida","Trypanosomatidae","Leishmania","NCBI",100,0,"Parasite","YES"
"80","Retfil1","Rhizaria",46433,"Reticulomyxa filosa",NA,"M","M","H","M",NA,"Foraminifera",NA,"Reticulomyxidae","Reticulomyxa","JGI",36.9,27.8,"Heterotroph","YES"
"81","Bigna1","Rhizaria",753081,"Bigelowiella natans CCMP2755",NA,"H","H","H","H","Chlorarachniophyceae","Cercozoa",NA,NA,"Bigelowiella","JGI",72.9,12.2,"Mixotroph","YES"
"82","GCA_001049375.1","Rhizaria",37360,"Plasmodiophora brassicae",NA,"H","H","M","L","Phytomyxea","Endomyxa","Plasmodiophorida","Plasmodiophoridae","Plasmodiophora","NCBI",88.63,3.92,"Heterotroph","YES"
"83","Brelac1","Stramenopiles",4779,"Bremia lactucae","M","H","H","H","H",NA,"Oomycota","Peronosporales","Peronosporaceae","Bremia","JGI",93,2,"Heterotroph","YES"
"84","Persor1","Stramenopiles",230839,"Peronosclerospora sorghi",NA,"H","H","H","H",NA,"Oomycota","Peronosporales","Peronosporaceae","Peronosclerospora","JGI",79,4,"Heterotroph","YES"
"85","Pereff1","Stramenopiles",542832,"Peronospora effusa","M","H","H","H","H",NA,"Oomycota","Peronosporales","Peronosporaceae","Peronospora","JGI",95,2,"Heterotroph","YES"
"86","ScaPar1","Stramenopiles",2962637,"Parmales sp. scaly parma",NA,"H","H","H","H","Bolidophyceae",NA,"Parmales",NA,NA,"JGI",91,1,"Mixotroph","YES"
"87","Trilae1","Stramenopiles",1714386,"Triparma laevis f. inornata",NA,"H","H","H","L","Bolidophyceae",NA,"Parmales","Triparmaceae","Triparma","JGI",75,9,"Mixotroph","YES"
"88","Nansal1776","Stramenopiles",1027361,"Nannochloropsis salina CCMP1776",NA,"M","H","H","H","Eustigmatophyceae",NA,"Eustigmatales","Monodopsidaceae","Microchloropsis","JGI",92,4,"Mixotroph","YES"
"89","NanspC018","Stramenopiles",52230,"Nannochloropsis sp.",NA,"M","H","H","H","Eustigmatophyceae",NA,"Eustigmatales","Monodopsidaceae","Nannochloropsis","JGI",97,1,"Autotrophic","YES"
"90","Sarfu1","Stramenopiles",590727,"Sargassum fusiforme",NA,"H","H","H","M","Phaeophyceae",NA,"Fucales","Sargassaceae","Sargassum","JGI",93,5,"Mixotroph","YES"
"91","Nanoce84910","Stramenopiles",145522,"Nannochloropsis oceanica",NA,"M","H","H","H","Eustigmatophyceae",NA,"Eustigmatales","Monodopsidaceae","Nannochloropsis","JGI",94,4,"Autotrophic","YES"
"92","Undpi1","Stramenopiles",74381,"Undaria pinnatifida",NA,"H","H","H","M","Phaeophyceae",NA,"Laminariales","Alariaceae","Undaria","JGI",93,2,"Autotrophic","YES"
"93","Alaesc1","Stramenopiles",2889,"Alaria esculenta",NA,"H","H","H","H","Phaeophyceae",NA,"Laminariales","Alariaceae","Alaria","JGI",95,2,"Autotrophic","YES"
"94","MonC73","Stramenopiles",1745946,"Monodopsis","L","H","H","H","H","Eustigmatophyceae",NA,"Eustigmatales","Monodopsidaceae","Monodopsis","JGI",100,0,"Autotrophic","YES"
"95","VisC74","Stramenopiles",44431,"Vischeria","L","H","H","H","H","Eustigmatophyceae",NA,"Eustigmatales","Chlorobotryaceae","Vischeria","JGI",100,0,"Autotrophic","YES"
"96","Macpyr2","Stramenopiles",35122,"Macrocystis pyrifera",NA,"H","H","H","H","Phaeophyceae",NA,"Laminariales","Laminariaceae","Macrocystis","JGI",88,6,"Autotrophic","YES"
"97","Hypcat1","Stramenopiles",42384,"Hyphochytrium catenoides","L","M","H","H","H","Hyphochytriomycetes",NA,NA,"Hyphochytriaceae","Hyphochytrium","JGI",74,15,"Heterotroph","YES"
"98","LabyHa","Stramenopiles",2710872,"Labyrinthula sp. Ha",NA,"M",NA,"H",NA,"Bigyra",NA,"Labyrinthulida","Labyrinthulaceae","Labyrinthula","JGI",77,3,"Heterotroph","YES"
"99","Honfer1","Stramenopiles",2315210,"Hondaea fermentalgiana",NA,"H","H","H","H","Bigyra",NA,"Thraustochytrida","Thraustochytriaceae","Hondaea","JGI",95,2,"Heterotroph","YES"
"100","Trimin1","Stramenopiles",303371,"Tribonema minus",NA,"M","H","H","H","Xanthophyceae",NA,"Tribonematales","Tribonemataceae","Tribonema","JGI",93,2,"Mixotroph","YES"
"101","Hyaar1","Stramenopiles",559515,"Hyaloperonospora arabidopsidis Emoy2","M","H","H","H","H",NA,"Oomycota","Peronosporales","Peronosporaceae","Hyaloperonospora","JGI",87,5,"Heterotroph","YES"
"102","Nemde1","Stramenopiles",2185085,"Nemacystus decipiens",NA,"H","H","H","H","Phaeophyceae",NA,"Ectocarpales","Chordariaceae","Nemacystus","JGI",97,2,"Autotrophic","YES"
"103","Claok1","Stramenopiles",309737,"Cladosiphon okamuranus",NA,"H","H","H","L","Phaeophyceae",NA,"Ectocarpales","Chordariaceae","Cladosiphon","JGI",97,1,"Autotrophic","YES"
"104","Ochro1393","Stramenopiles",420556,"Ochromonas sp. CCMP1393","L","M","H","H","H","Chrysophyceae",NA,"Chromulinales","Chromulinaceae","Ochromonas","JGI",94,3,"Mixotroph","YES"
"105","Parimp1","Stramenopiles",37642,"Paraphysomonas imperforata","L","H","H","H","H","Chrysophyceae",NA,"Chromulinales","Paraphysomonadaceae","Paraphysomonas","JGI",98,0,"Mixotroph","YES"
"106","Blahom1","Stramenopiles",12968,"Blastocystis hominis",NA,"H","H","H","M","Bigyra",NA,"Opalinata","Blastocystidae","Blastocystis","JGI",87,13,"Parasite","YES"
"107","Sappar1","Stramenopiles",695850,"Saprolegnia parasitica CBS 223.65","M","H","H","H","H",NA,"Oomycota","Saprolegniales","Saprolegniaceae","Saprolegnia","JGI",99,1,"Heterotroph","YES"
"108","Ectsil1","Stramenopiles",2880,"Ectocarpus siliculosus",NA,"H","H","H","H","Phaeophyceae",NA,"Ectocarpales","Ectocarpaceae","Ectocarpus","JGI",97,3,"Autotrophic","YES"
"109","Phyinf1","Stramenopiles",403677,"Phytophthora infestans T30-4","M","H","H","H","H",NA,"Oomycota","Peronosporales","Peronosporaceae","Phytophthora","JGI",100,0,"Heterotroph","YES"
"110","Physo3","Stramenopiles",67593,"Phytophthora sojae","M","H","H","H","M",NA,"Oomycota","Peronosporales","Peronosporaceae","Phytophthora","JGI",99,1,"Heterotroph","YES"
"111","Schag1","Stramenopiles",876976,"Schizochytrium aggregatum ATCC 28209",NA,"H","H","H","H","Bigyra",NA,"Thraustochytrida","Thraustochytriaceae","Schizochytrium","JGI",91,3,"Heterotroph","YES"
"112","Aplke1","Stramenopiles",87111,"Aplanochytrium kerguelense",NA,"H","H","H","H","Bigyra",NA,"Thraustochytrida","Thraustochytriaceae","Aplanochytrium","JGI",94,3,"Heterotroph","YES"
"113","Phyci1","Stramenopiles",622258,"Phytophthora cinnamomi var. cinnamomi","M","H","H","H","H",NA,"Oomycota","Peronosporales","Peronosporaceae","Phytophthora","JGI",96,4,"Heterotroph","YES"
"114","Aurli1","Stramenopiles",717989,"Aurantiochytrium limacinum ATCC MYA-1381",NA,"L","H","H","H","Bigyra",NA,"Thraustochytrida","Thraustochytriaceae","Aurantiochytrium","JGI",94,2,"Heterotroph","YES"
"115","Sacja1","Stramenopiles",88149,"Saccharina japonica",NA,"H","M","H","M","Phaeophyceae",NA,"Laminariales","Laminariaceae","Saccharina","JGI",90,6,"Autotrophic","YES"
"116","GCA_000281045.1","Stramenopiles",1156394,"Saprolegnia diclina VS20","M","H","H","H","H",NA,"Oomycota","Saprolegniales","Saprolegniaceae","Saprolegnia","NCBI",99,0,"Heterotroph","YES"
"117","GCA_000333075.3","Stramenopiles",1284355,"Phytophthora kernoviae 00238/432","M","H","M","H","H",NA,"Oomycota","Peronosporales","Peronosporaceae","Phytophthora","NCBI",95,4,"Heterotroph","YES"
"118","GCA_000365505.1","Stramenopiles",1317065,"Phytophthora nicotianae P1569","M","H","H","H","H",NA,"Oomycota","Peronosporales","Peronosporaceae","Phytophthora","NCBI",99,0,"Heterotroph","YES"
"119","GCA_000365525.1","Stramenopiles",1317066,"Phytophthora nicotianae P1976","M","H","H","H","H",NA,"Oomycota","Peronosporales","Peronosporaceae","Phytophthora","NCBI",99,0,"Heterotroph","YES"
"120","GCA_000365545.1","Stramenopiles",1317063,"Phytophthora nicotianae CJ01A1","M","H","H","H","H",NA,"Oomycota","Peronosporales","Peronosporaceae","Phytophthora","NCBI",99,0,"Heterotroph","YES"
"121","GCA_000367145.1","Stramenopiles",1317064,"Phytophthora nicotianae P10297","M","H","H","H","H",NA,"Oomycota","Peronosporales","Peronosporaceae","Phytophthora","NCBI",99,0,"Heterotroph","YES"
"122","GCA_000509465.1","Stramenopiles",4792,"Phytophthora nicotianae","M","H","H","H","H",NA,"Oomycota","Peronosporales","Peronosporaceae","Phytophthora","NCBI",99,0,"Heterotroph","YES"
"123","GCA_000520075.1","Stramenopiles",112090,"Aphanomyces astaci","M","H","H","H","H",NA,"Oomycota","Saprolegniales","Saprolegniaceae","Aphanomyces","NCBI",100,0,"Heterotroph","YES"
"124","GCA_000520115.1","Stramenopiles",157072,"Aphanomyces invadans","M","H","H","H","H",NA,"Oomycota","Saprolegniales","Saprolegniaceae","Aphanomyces","NCBI",99,1,"Heterotroph","YES"
"125","GCA_000743755.1","Stramenopiles",944170,"Blastocystis sp. subtype 4",NA,"H","H","H","M","Bigyra",NA,"Opalinata","Blastocystidae","Blastocystis","NCBI",98,2,"Parasite","YES"
"126","GCA_000785725.3","Stramenopiles",325452,"Phytophthora kernoviae","M","H","M","H","H",NA,"Oomycota","Peronosporales","Peronosporaceae","Phytophthora","NCBI",96,3,"Heterotroph","YES"
"127","GCA_001029375.2","Stramenopiles",114742,"Pythium insidiosum","M","H","H","H","H",NA,"Oomycota","Pythiales","Pythiaceae","Pythium","NCBI",94,4,"Heterotroph","YES"
"128","GCA_001078535.1","Stramenopiles",65357,"Albugo candida","M","H","H","H","H",NA,"Oomycota","Albuginales","Albuginaceae","Albugo","NCBI",99,1,"Heterotroph","YES"
"129","GCA_001651215.1","Stramenopiles",478820,"Blastocystis sp. ATCC 50177/Nand II",NA,"H","H","H","M","Bigyra",NA,"Opalinata","Blastocystidae","Blastocystis","NCBI",99,0,"Parasite","YES"
"130","GCA_001712635.2","Stramenopiles",2483409,"Nothophytophthora sp. Chile5",NA,"H","H","H","H",NA,"Oomycota","Peronosporales","Peronosporaceae","Nothophytophthora","NCBI",89,4,"Heterotroph","YES"
"131","GCA_002081575.1","Stramenopiles",74557,"Thraustotheca clavata","M","H","H","H","H",NA,"Oomycota","Saprolegniales","Saprolegniaceae","Thraustotheca","NCBI",100,0,"Heterotroph","YES"
"132","GCA_002081595.1","Stramenopiles",1202772,"Achlya hypogyna","M","H","H","H","H",NA,"Oomycota","Saprolegniales","Saprolegniaceae","Achlya","NCBI",99,1,"Heterotroph","YES"
"133","GCA_002911725.1","Stramenopiles",4796,"Phytophthora palmivora","L","H","M","H","H",NA,"Oomycota","Peronosporales","Peronosporaceae","Phytophthora","NCBI",81,12,"Heterotroph","YES"
"134","GCA_003287315.1","Stramenopiles",29920,"Phytophthora cactorum","M","H","H","H","H",NA,"Oomycota","Peronosporales","Peronosporaceae","Phytophthora","NCBI",100,0,"Heterotroph","YES"
"135","GCA_005966545.1","Stramenopiles",41045,"Pythium oligandrum","M","H","H","H","H",NA,"Oomycota","Pythiales","Pythiaceae","Pythium","NCBI",100,0,"Heterotroph","YES"
"136","GCA_005966545.1","Stramenopiles",41045,"Pythium oligandrum","M","H","H","H","H",NA,"Oomycota","Pythiales","Pythiaceae","Pythium","NCBI",100,0,"Heterotroph","YES"
"137","GCA_006386115.1","Stramenopiles",82926,"Globisporangium splendens","M","H","H","H","H",NA,"Oomycota","Pythiales","Pythiaceae","Globisporangium","NCBI",92,0,"Heterotroph","YES"
"138","GCA_006386115.1","Stramenopiles",82926,"Globisporangium splendens","M","H","H","H","H",NA,"Oomycota","Pythiales","Pythiaceae","Globisporangium","NCBI",92,0,"Heterotroph","YES"
"139","GCA_008271595.1","Stramenopiles",1485010,"[Pythium] brassicae (nom. inval.)","M","H","H","H","H",NA,"Oomycota","Pythiales","Pythiaceae","Globisporangium","NCBI",100,0,"Heterotroph","YES"
"140","GCA_009729455.1","Stramenopiles",53985,"Phytophthora fragariae","M","H","H","H","H",NA,"Oomycota","Peronosporales","Peronosporaceae","Phytophthora","NCBI",94,0,"Heterotroph","YES"
"141","GCA_009732905.1","Stramenopiles",129364,"Phytophthora rubi","M","H","H","H","H",NA,"Oomycota","Peronosporales","Peronosporaceae","Phytophthora","NCBI",100,0,"Heterotroph","YES"
"142","GCA_009835175.1","Stramenopiles",100861,"Aphanomyces euteiches","M","H","H","H","H",NA,"Oomycota","Saprolegniales","Saprolegniaceae","Aphanomyces","NCBI",100,0,"Heterotroph","YES"
"143","GCA_012295175.1","Stramenopiles",4787,"Phytophthora infestans","M","H","H","H","H",NA,"Oomycota","Peronosporales","Peronosporaceae","Phytophthora","NCBI",98,1,"Heterotroph","YES"
"144","GCA_016618375.1","Stramenopiles",4784,"Phytophthora capsici","M","H","H","H","H",NA,"Oomycota","Peronosporales","Peronosporaceae","Phytophthora","NCBI",99,0,"Heterotroph","YES"
"145","GCA_016865095.1","Stramenopiles",53986,"Phytophthora idaei","M","H","H","H","H",NA,"Oomycota","Peronosporales","Peronosporaceae","Phytophthora","NCBI",99,1,"Heterotroph","YES"
"146","GCA_018691715.1","Stramenopiles",4785,"Phytophthora cinnamomi","M","H","H","H","H",NA,"Oomycota","Peronosporales","Peronosporaceae","Phytophthora","NCBI",100,0,"Heterotroph","YES"
"147","GCA_018873745.1","Stramenopiles",2496075,"Phytophthora aleatoria","M","H","H","H","H",NA,"Oomycota","Peronosporales","Peronosporaceae","Phytophthora","NCBI",99,0,"Heterotroph","YES"
"148","GCA_019155685.1","Stramenopiles",109152,"Phytophthora boehmeriae","M","H","H","H","H",NA,"Oomycota","Peronosporales","Peronosporaceae","Phytophthora","NCBI",92,0,"Heterotroph","YES"
"149","GCA_020800215.1","Stramenopiles",164328,"Phytophthora ramorum","M","H","H","H","H",NA,"Oomycota","Peronosporales","Peronosporaceae","Phytophthora","NCBI",99,1,"Heterotroph","YES"
"150","GCA_027925865.1","Stramenopiles",4803,"Lagenidium giganteum","M","H","H","H","H",NA,"Oomycota","Lagenidiales","Lagenidiaceae","Lagenidium","NCBI",92,0,"Heterotroph","YES"
"151","GCA_030267505.1","Stramenopiles",2962635,"Tetraparma gracilis",NA,"H","H","H","M","Bolidophyceae",NA,"Parmales","Triparmaceae","Tetraparma","NCBI",66,12,"Mixotroph","YES"
"152","GCA_030267625.1","Stramenopiles",2557542,"Triparma retinervis",NA,"H","H","H","H","Bolidophyceae",NA,"Parmales","Triparmaceae","Triparma","NCBI",68,14,"Mixotroph","YES"
"153","GCA_030267725.1","Stramenopiles",2077276,"Phytophthora lilii",NA,"H","H","H","M",NA,"Oomycota","Peronosporales","Peronosporaceae","Phytophthora","NCBI",78,14,"Heterotroph","YES"
"154","GCA_030267785.1","Stramenopiles",1490495,"Phytophthora fragariaefolia",NA,"H","H","H","M",NA,"Oomycota","Peronosporales","Peronosporaceae","Phytophthora","NCBI",74,14,"Heterotroph","YES"
"155","GCA_030267805.1","Stramenopiles",1714387,"Triparma laevis f. longispina",NA,"H","H","H","H","Bolidophyceae",NA,"Parmales","Triparmaceae","Triparma","NCBI",93,0,"Mixotroph","YES"
"156","GCA_030267905.1","Stramenopiles",1606542,"Triparma verrucosa",NA,"H","H","H","H","Bolidophyceae",NA,"Parmales","Triparmaceae","Triparma","NCBI",95,0,"Mixotroph","YES"
"157","GCA_030267945.1","Stramenopiles",1606541,"Triparma strigata",NA,"H","H","H","H","Bolidophyceae",NA,"Parmales","Triparmaceae","Triparma","NCBI",94,0,"Mixotroph","YES"
"158","GCA_030267965.1","Stramenopiles",722753,"Triparma columacea",NA,"H","H","H","H","Bolidophyceae",NA,"Parmales","Triparmaceae","Triparma","NCBI",91,3,"Mixotroph","YES"
"159","GCA_031305395.1","Stramenopiles",4793,"Phytophthora citrophthora","M","H","H","H",NA,NA,"Oomycota","Peronosporales","Peronosporaceae","Phytophthora","NCBI",91,1,"Heterotroph","YES"
"160","GCA_039096195.1","Stramenopiles",3128534,"Blastocystis sp. BT1",NA,"H","H","H","M","Bigyra",NA,"Opalinata","Blastocystidae","Blastocystis","NCBI",93,2,"Parasite","YES"
"161","GCA_039096215.1","Stramenopiles",3128537,"Blastocystis sp. NMH",NA,"H","H","H","M","Bigyra",NA,"Opalinata","Blastocystidae","Blastocystis","NCBI",95,2,"Parasite","YES"
"162","GCA_039096225.1","Stramenopiles",3128533,"Blastocystis sp. Blastoise",NA,"H","H","H","H","Bigyra",NA,"Opalinata","Blastocystidae","Blastocystis","NCBI",98,1,"Parasite","YES"
"163","GCA_039096365.1","Stramenopiles",3128536,"Blastocystis sp. JDR",NA,"H","H","H","M","Bigyra",NA,"Opalinata","Blastocystidae","Blastocystis","NCBI",93,2,"Parasite","YES"
"164","GCA_039096925.1","Stramenopiles",3128535,"Blastocystis sp. DL",NA,"H","H","H","M","Bigyra",NA,"Opalinata","Blastocystidae","Blastocystis","NCBI",85,8,"Parasite","YES"
"165","GCA_900000015.1","Stramenopiles",4781,"Plasmopara halstedii","M","H","H","H","H",NA,"Oomycota","Peronosporales","Peronosporaceae","Plasmopara","NCBI",100,0,"Heterotroph","YES"
"166","GCA_902602495.3","Stramenopiles",867726,"Ectocarpus sp. CCAP 1310/34",NA,"H","H","H","L","Phaeophyceae",NA,"Ectocarpales","Ectocarpaceae","Ectocarpus","NCBI",83,4,"Autotrophic","YES"
"167","GCA_920618645.1","Stramenopiles",622444,"Peronospora belbahrii","M","H","H","H","H",NA,"Oomycota","Peronosporales","Peronosporaceae","Peronospora","NCBI",98,0,"Heterotroph","YES"
"168","GCA_920940705.1","Stramenopiles",134698,"Peronospora farinosa","M","H","H","H","H",NA,"Oomycota","Peronosporales","Peronosporaceae","Peronospora","NCBI",98,0,"Heterotroph","YES"
"169","GCA_921007115.2","Stramenopiles",2874970,"Peronospora matthiolae","M","H","H","H","H",NA,"Oomycota","Peronosporales","Peronosporaceae","Peronospora","NCBI",98,1,"Heterotroph","YES"
"170","GCA_947650285.1","Stramenopiles",162125,"Hyaloperonospora brassicae","M","H","H","H","H",NA,"Oomycota","Peronosporales","Peronosporaceae","Hyaloperonospora","NCBI",99,0,"Heterotroph","YES"
"171","GCA_947650345.1","Stramenopiles",86335,"Peronospora destructor","M","H","H","H","H",NA,"Oomycota","Peronosporales","Peronosporaceae","Peronospora","NCBI",96,3,"Heterotroph","YES"
"172","GCA_905182975.1","Alveolata",5886,"Paramecium primaurelia","M","P",NA,"H","H","Oligohymenophorea","Ciliophora","Peniculida","Parameciidae","Paramecium","NCBI",97.08,1.17,"Heterotroph","YES"
"173","GCA_040357525.1","Rhizaria",126728,"Bonamia ostreae",NA,"L","P","L","L","Ascetosporea","Endomyxa","Haplosporida",NA,"Bonamia","NCBI",25.88,18.82,"Parasite","YES"
"174","GCA_000698435.2","Rhizaria",641309,"Lotharella oceanica",NA,"P","P","P","P","Chlorarachniophyceae","Cercozoa",NA,NA,"Lotharella","NCBI",1.96,1.18,"Mixotroph","YES"
"175","Paumic1","Rhizaria",1928728,"Paulinella micropora","L","H","P","P","P","Imbricatea","Cercozoa","Euglyphida","Paulinellidae","Paulinella","JGI",65.5,9.4,"Autotrophic","YES"
"176","Nangad1894","Stramenopiles",72520,"Nannochloropsis gaditana",NA,"P","H","H","H","Eustigmatophyceae",NA,"Eustigmatales","Monodopsidaceae","Nannochloropsis","JGI",96,0,"Autotrophic","YES"
"177","GCA_002215365.1","Stramenopiles",4795,"Phytophthora megakarya","M","P","H","H","P",NA,"Oomycota","Peronosporales","Peronosporaceae","Phytophthora","NCBI",91,3,"Heterotroph","YES"
"178","GCA_000240725.1","Stramenopiles",1093141,"Nannochloropsis gaditana CCMP526",NA,"P","H","H","P","Eustigmatophyceae",NA,"Eustigmatales","Monodopsidaceae","Nannochloropsis","NCBI",40,9,"Autotrophic","YES"
"179","GCA_019828595.1","Stramenopiles",112091,"Aphanomyces cochlioides","M","H","P","H","L",NA,"Oomycota","Saprolegniales","Saprolegniaceae","Aphanomyces","NCBI",80,2,"Heterotroph","YES"
"180","Amoce1","Alveolata",1775427,"Amoebophrya sp. AT5.2",NA,NA,NA,"M",NA,"Dinophyceae",NA,"Syndiniales","Amoebophryaceae","Amoebophrya","JGI",87.9,11.1,NA,"NO"
"181","Chrveli1","Alveolata",1169474,"Chromera velia CCMP2878",NA,NA,"H","H","H",NA,NA,NA,"Chromeraceae","Chromera","JGI",95.9,3.5,NA,"NO"
"182","Fugka2468","Alveolata",2697096,"Fugacium kawagutii",NA,NA,NA,"M","L","Dinophyceae",NA,"Suessiales","Symbiodiniaceae","Fugacium","JGI",52.5,19.2,NA,"NO"
"183","Clago1","Alveolata",2562237,"Cladocopium goreaui",NA,NA,NA,"H","L","Dinophyceae",NA,"Suessiales","Symbiodiniaceae","Cladocopium","JGI",NA,NA,"Autotrophic","NO"
"184","Bremi1","Alveolata",2499525,"Breviolum minutum",NA,NA,NA,"H","L","Dinophyceae",NA,"Suessiales","Symbiodiniaceae","Breviolum","JGI",64.6,28.3,NA,"NO"
"185","Toxgon1","Alveolata",508771,"Toxoplasma gondii ME49",NA,NA,NA,"H","L","Conoidasida","Apicomplexa","Eucoccidiorida","Sarcocystidae","Toxoplasma","JGI",NA,NA,"Parasite","NO"
"186","Symmic1","Alveolata",2951,"Symbiodinium microadriaticum",NA,NA,NA,"H","L","Dinophyceae",NA,"Suessiales","Symbiodiniaceae","Symbiodinium","JGI",NA,NA,"Parasite","NO"
"187","GCA_000002415.2","Alveolata",5855,"Plasmodium vivax",NA,NA,NA,NA,NA,"Aconoidasida","Apicomplexa","Haemosporida","Plasmodiidae","Plasmodium","NCBI",95.25,1.1,"Parasite","NO"
"188","GCA_000002765.3","Alveolata",36329,"Plasmodium falciparum 3D7",NA,NA,NA,NA,NA,"Aconoidasida","Apicomplexa","Haemosporida","Plasmodiidae","Plasmodium","NCBI",99.12,0,"Parasite","NO"
"189","GCA_000003085.2","Alveolata",73239,"Plasmodium yoelii yoelii",NA,NA,NA,NA,NA,"Aconoidasida","Apicomplexa","Haemosporida","Plasmodiidae","Plasmodium","NCBI",64.91,10.38,"Parasite","NO"
"190","GCA_000003225.1","Alveolata",5874,"Theileria annulata",NA,NA,NA,"M",NA,"Aconoidasida","Apicomplexa","Piroplasmida","Theileriidae","Theileria","NCBI",93.74,2.47,"Parasite","NO"
"191","GCA_000006355.3","Alveolata",5851,"Plasmodium knowlesi strain H",NA,NA,NA,NA,NA,"Aconoidasida","Apicomplexa","Haemosporida","Plasmodiidae","Plasmodium","NCBI",99.18,0.05,"Parasite","NO"
"192","GCA_000006515.1","Alveolata",441375,"Cryptosporidium muris RN66",NA,NA,NA,"H",NA,"Conoidasida","Apicomplexa","Eucoccidiorida","Cryptosporidiidae","Cryptosporidium","NCBI",99.2,0.4,"Parasite","NO"
"193","GCA_000149665.2","Alveolata",137071,"Plasmodium falciparum HB3",NA,NA,NA,NA,NA,"Aconoidasida","Apicomplexa","Haemosporida","Plasmodiidae","Plasmodium","NCBI",85.78,4.06,"Parasite","NO"
"194","GCA_000149715.2","Alveolata",507601,"Toxoplasma gondii GT1",NA,NA,NA,"H","L","Conoidasida","Apicomplexa","Eucoccidiorida","Sarcocystidae","Toxoplasma","NCBI",100,0,"Parasite","NO"
"195","GCA_000149795.1","Alveolata",57267,"Plasmodium falciparum Dd2",NA,NA,NA,NA,NA,"Aconoidasida","Apicomplexa","Haemosporida","Plasmodiidae","Plasmodium","NCBI",51.37,6.64,"Parasite","NO"
"196","GCA_000150015.2","Alveolata",432359,"Toxoplasma gondii VEG",NA,NA,NA,"H","L","Conoidasida","Apicomplexa","Eucoccidiorida","Sarcocystidae","Toxoplasma","NCBI",99.4,0.6,"Parasite","NO"
"197","GCA_000150435.3","Alveolata",57266,"Plasmodium falciparum 7G8",NA,NA,NA,NA,NA,"Aconoidasida","Apicomplexa","Haemosporida","Plasmodiidae","Plasmodium","NCBI",89.95,4.37,"Parasite","NO"
"198","GCA_000165345.1","Alveolata",353152,"Cryptosporidium parvum Iowa II",NA,NA,NA,"H",NA,"Conoidasida","Apicomplexa","Eucoccidiorida","Cryptosporidiidae","Cryptosporidium","NCBI",96.61,1.99,"Parasite","NO"
"199","GCA_000165365.1","Alveolata",333668,"Theileria parva strain Muguga",NA,NA,NA,"M",NA,"Aconoidasida","Apicomplexa","Piroplasmida","Theileriidae","Theileria","NCBI",98.06,0.62,"Parasite","NO"
"200","GCA_000165395.2","Alveolata",484906,"Babesia bovis T2Bo",NA,NA,NA,"H",NA,"Aconoidasida","Apicomplexa","Piroplasmida","Babesiidae","Babesia","NCBI",98.41,0.09,"Parasite","NO"
"201","GCA_000186025.2","Alveolata",580058,"Plasmodium falciparum RAJ116",NA,NA,NA,NA,NA,"Aconoidasida","Apicomplexa","Haemosporida","Plasmodiidae","Plasmodium","NCBI",24.6,19.71,"Parasite","NO"
"202","GCA_000186055.2","Alveolata",580059,"Plasmodium falciparum IGH-CR14",NA,NA,NA,NA,NA,"Aconoidasida","Apicomplexa","Haemosporida","Plasmodiidae","Plasmodium","NCBI",74.79,4.61,"Parasite","NO"
"203","GCA_000208865.2","Alveolata",572307,"Neospora caninum Liverpool",NA,NA,NA,"H","L","Conoidasida","Apicomplexa","Eucoccidiorida","Sarcocystidae","Neospora","NCBI",98.21,0.8,"Parasite","NO"
"204","GCA_000209695.1","Alveolata",5807,"Cryptosporidium parvum",NA,NA,NA,"H",NA,"Conoidasida","Apicomplexa","Eucoccidiorida","Cryptosporidiidae","Cryptosporidium","NCBI",14.34,0.4,"Parasite","NO"
"205","GCA_000223845.4","Alveolata",110365,"Gregarina niphandrodes",NA,NA,NA,"H",NA,"Conoidasida","Apicomplexa","Eugregarinorida","Gregarinidae","Gregarina","NCBI",65.74,3.39,"Parasite","NO"
"206","GCA_000224805.2","Alveolata",935652,"Toxoplasma gondii RUB",NA,NA,NA,"H","L","Conoidasida","Apicomplexa","Eucoccidiorida","Sarcocystidae","Toxoplasma","NCBI",89.64,8.57,"Parasite","NO"
"207","GCA_000224845.2","Alveolata",933077,"Toxoplasma gondii VAND",NA,NA,NA,"H","L","Conoidasida","Apicomplexa","Eucoccidiorida","Sarcocystidae","Toxoplasma","NCBI",93.23,5.18,"Parasite","NO"
"208","GCA_000224865.2","Alveolata",943118,"Toxoplasma gondii MAS",NA,NA,NA,"H","L","Conoidasida","Apicomplexa","Eucoccidiorida","Sarcocystidae","Toxoplasma","NCBI",89.84,6.77,"Parasite","NO"
"209","GCA_000224885.2","Alveolata",943119,"Toxoplasma gondii p89",NA,NA,NA,"H","L","Conoidasida","Apicomplexa","Eucoccidiorida","Sarcocystidae","Toxoplasma","NCBI",91.04,6.37,"Parasite","NO"
"210","GCA_000224905.2","Alveolata",943167,"Toxoplasma gondii FOU",NA,NA,NA,"H","L","Conoidasida","Apicomplexa","Eucoccidiorida","Sarcocystidae","Toxoplasma","NCBI",88.25,7.97,"Parasite","NO"
"211","GCA_000250965.2","Alveolata",1074872,"Toxoplasma gondii ARI",NA,NA,NA,"H","L","Conoidasida","Apicomplexa","Eucoccidiorida","Sarcocystidae","Toxoplasma","NCBI",92.63,5.78,"Parasite","NO"
"212","GCA_000256705.2","Alveolata",943122,"Toxoplasma gondii CAST",NA,NA,NA,"H","L","Conoidasida","Apicomplexa","Eucoccidiorida","Sarcocystidae","Toxoplasma","NCBI",92.23,5.38,"Parasite","NO"
"213","GCA_000256725.2","Alveolata",1130821,"Toxoplasma gondii TgCatPRC2",NA,NA,NA,"H","L","Conoidasida","Apicomplexa","Eucoccidiorida","Sarcocystidae","Toxoplasma","NCBI",92.03,6.18,"Parasite","NO"
"214","GCA_000258005.2","Alveolata",99158,"Hammondia hammondi",NA,NA,NA,"H","L","Conoidasida","Apicomplexa","Eucoccidiorida","Sarcocystidae","Hammondia","NCBI",99.8,0.2,"Parasite","NO"
"215","GCA_000320625.2","Alveolata",1077284,"Plasmodium vivax India VII",NA,NA,NA,NA,NA,"Aconoidasida","Apicomplexa","Haemosporida","Plasmodiidae","Plasmodium","NCBI",94.23,2.42,"Parasite","NO"
"216","GCA_000320645.2","Alveolata",1033975,"Plasmodium vivax Brazil I",NA,NA,NA,NA,NA,"Aconoidasida","Apicomplexa","Haemosporida","Plasmodiidae","Plasmodium","NCBI",95.36,1.76,"Parasite","NO"
"217","GCA_000320665.2","Alveolata",1035515,"Plasmodium vivax Mauritania I",NA,NA,NA,NA,NA,"Aconoidasida","Apicomplexa","Haemosporida","Plasmodiidae","Plasmodium","NCBI",95.28,1.59,"Parasite","NO"
"218","GCA_000320685.2","Alveolata",1035514,"Plasmodium vivax North Korean",NA,NA,NA,NA,NA,"Aconoidasida","Apicomplexa","Haemosporida","Plasmodiidae","Plasmodium","NCBI",94.67,2.2,"Parasite","NO"
"219","GCA_000321355.1","Alveolata",1120755,"Plasmodium cynomolgi strain B",NA,NA,NA,NA,NA,"Aconoidasida","Apicomplexa","Haemosporida","Plasmodiidae","Plasmodium","NCBI",80.62,10.24,"Parasite","NO"
"220","GCA_000325525.2","Alveolata",1130820,"Toxoplasma gondii GAB2-2007-GAL-DOM2",NA,NA,NA,"H","L","Conoidasida","Apicomplexa","Eucoccidiorida","Sarcocystidae","Toxoplasma","NCBI",93.23,5.18,"Parasite","NO"
"221","GCA_000342415.1","Alveolata",1537102,"Theileria equi strain WA",NA,NA,NA,"H",NA,"Aconoidasida","Apicomplexa","Piroplasmida","Theileriidae","Theileria","NCBI",94.36,3.79,"Parasite","NO"
"222","GCA_000401695.2","Alveolata",5843,"Plasmodium falciparum NF54",NA,NA,NA,NA,NA,"Aconoidasida","Apicomplexa","Haemosporida","Plasmodiidae","Plasmodium","NCBI",79.46,6.18,"Parasite","NO"
"223","GCA_000401715.2","Alveolata",1237627,"Plasmodium falciparum UGT5.1",NA,NA,NA,NA,NA,"Aconoidasida","Apicomplexa","Haemosporida","Plasmodiidae","Plasmodium","NCBI",81.71,5.27,"Parasite","NO"
"224","GCA_000499385.1","Alveolata",51315,"Eimeria necatrix",NA,NA,NA,NA,NA,"Conoidasida","Apicomplexa","Eucoccidiorida","Eimeriidae","Eimeria","NCBI",88.45,6.77,"Parasite","NO"
"225","GCA_000499425.1","Alveolata",5801,"Eimeria acervulina",NA,NA,NA,"M",NA,"Conoidasida","Apicomplexa","Eucoccidiorida","Eimeriidae","Eimeria","NCBI",89.44,7.57,"Parasite","NO"
"226","GCA_000499445.1","Alveolata",51316,"Eimeria praecox",NA,NA,NA,NA,NA,"Conoidasida","Apicomplexa","Eucoccidiorida","Eimeriidae","Eimeria","NCBI",48.41,14.34,"Parasite","NO"
"227","GCA_000499545.1","Alveolata",5802,"Eimeria tenella",NA,NA,NA,"M","L","Conoidasida","Apicomplexa","Eucoccidiorida","Eimeriidae","Eimeria","NCBI",89.24,7.57,"Parasite","NO"
"228","GCA_000499605.1","Alveolata",5804,"Eimeria maxima",NA,NA,NA,"L",NA,"Conoidasida","Apicomplexa","Eucoccidiorida","Eimeriidae","Eimeria","NCBI",77.49,10.96,"Parasite","NO"
"229","GCA_000499725.1","Alveolata",51314,"Eimeria brunetti",NA,NA,NA,"M","L","Conoidasida","Apicomplexa","Eucoccidiorida","Eimeriidae","Eimeria","NCBI",76.29,9.96,"Parasite","NO"
"230","GCA_000499745.2","Alveolata",44415,"Eimeria mitis",NA,NA,NA,NA,NA,"Conoidasida","Apicomplexa","Eucoccidiorida","Eimeriidae","Eimeria","NCBI",50.8,20.92,"Parasite","NO"
"231","GCA_000505035.1","Alveolata",1323249,"Plasmodium yoelii 17X",NA,NA,NA,NA,NA,"Aconoidasida","Apicomplexa","Haemosporida","Plasmodiidae","Plasmodium","NCBI",96.02,1.43,"Parasite","NO"
"232","GCA_000521015.1","Alveolata",1036723,"Plasmodium falciparum Vietnam Oak-Knoll (FVO)",NA,NA,NA,NA,NA,"Aconoidasida","Apicomplexa","Haemosporida","Plasmodiidae","Plasmodium","NCBI",87.34,4.64,"Parasite","NO"
"233","GCA_000521035.1","Alveolata",1036727,"Plasmodium falciparum MaliPS096_E11",NA,NA,NA,NA,NA,"Aconoidasida","Apicomplexa","Haemosporida","Plasmodiidae","Plasmodium","NCBI",83.28,5.96,"Parasite","NO"
"234","GCA_000521055.1","Alveolata",1036725,"Plasmodium falciparum Tanzania (2000708)",NA,NA,NA,NA,NA,"Aconoidasida","Apicomplexa","Haemosporida","Plasmodiidae","Plasmodium","NCBI",83.44,6.48,"Parasite","NO"
"235","GCA_000521075.1","Alveolata",1036726,"Plasmodium falciparum NF135/5.C10",NA,NA,NA,NA,NA,"Aconoidasida","Apicomplexa","Haemosporida","Plasmodiidae","Plasmodium","NCBI",89.98,3.6,"Parasite","NO"
"236","GCA_000521095.1","Alveolata",57270,"Plasmodium falciparum Palo Alto/Uganda",NA,NA,NA,NA,NA,"Aconoidasida","Apicomplexa","Haemosporida","Plasmodiidae","Plasmodium","NCBI",85.48,4.75,"Parasite","NO"
"237","GCA_000521115.1","Alveolata",5835,"Plasmodium falciparum CAMP/Malaysia",NA,NA,NA,NA,NA,"Aconoidasida","Apicomplexa","Haemosporida","Plasmodiidae","Plasmodium","NCBI",90.25,3.73,"Parasite","NO"
"238","GCA_000521155.1","Alveolata",1036724,"Plasmodium falciparum FCH/4",NA,NA,NA,NA,NA,"Aconoidasida","Apicomplexa","Haemosporida","Plasmodiidae","Plasmodium","NCBI",68.62,8.35,"Parasite","NO"
"239","GCA_000524495.1","Alveolata",1237626,"Plasmodium inui San Antonio 1",NA,NA,NA,NA,NA,"Aconoidasida","Apicomplexa","Haemosporida","Plasmodiidae","Plasmodium","NCBI",96.51,1.78,"Parasite","NO"
"240","GCA_000524515.1","Alveolata",138298,"Plasmodium vinckei petteri",NA,NA,NA,NA,NA,"Aconoidasida","Apicomplexa","Haemosporida","Plasmodiidae","Plasmodium","NCBI",96.87,1.21,"Parasite","NO"
"241","GCA_000691945.2","Alveolata",1133968,"Babesia microti strain RI",NA,NA,NA,"M",NA,"Aconoidasida","Apicomplexa","Piroplasmida","Babesiidae","Babesia","NCBI",95.15,1.15,"Parasite","NO"
"242","GCA_000709005.1","Alveolata",54757,"Plasmodium vinckei vinckei",NA,NA,NA,NA,NA,"Aconoidasida","Apicomplexa","Haemosporida","Plasmodiidae","Plasmodium","NCBI",97.12,1.15,"Parasite","NO"
"243","GCA_000723685.1","Alveolata",5854,"Plasmodium reichenowi",NA,NA,NA,NA,NA,"Aconoidasida","Apicomplexa","Haemosporida","Plasmodiidae","Plasmodium","NCBI",98.98,0.11,"Parasite","NO"
"244","GCA_000740895.1","Alveolata",869250,"Theileria orientalis strain Shintoku",NA,NA,NA,"M",NA,"Aconoidasida","Apicomplexa","Piroplasmida","Theileriidae","Theileria","NCBI",94.27,0.62,"Parasite","NO"
"245","GCA_000769155.2","Alveolata",88456,"Cyclospora cayetanensis",NA,NA,NA,"M",NA,"Conoidasida","Apicomplexa","Eucoccidiorida","Eimeriidae","Cyclospora","NCBI",94.02,3.19,"Parasite","NO"
"246","GCA_000956335.1","Alveolata",5857,"Plasmodium fragile",NA,NA,NA,NA,NA,"Aconoidasida","Apicomplexa","Haemosporida","Plasmodiidae","Plasmodium","NCBI",96.79,1.24,"Parasite","NO"
"247","GCA_000981445.1","Alveolata",5866,"Babesia bigemina",NA,NA,NA,"H",NA,"Aconoidasida","Apicomplexa","Piroplasmida","Babesiidae","Babesia","NCBI",97.53,0.53,"Parasite","NO"
"248","GCA_001483515.1","Alveolata",237895,"Cryptosporidium hominis",NA,NA,NA,"H",NA,"Conoidasida","Apicomplexa","Eucoccidiorida","Cryptosporidiidae","Cryptosporidium","NCBI",97.61,0.8,"Parasite","NO"
"249","GCA_001593445.1","Alveolata",93969,"Cryptosporidium meleagridis",NA,NA,NA,"H",NA,"Conoidasida","Apicomplexa","Eucoccidiorida","Cryptosporidiidae","Cryptosporidium","NCBI",98.61,0.4,"Parasite","NO"
"250","GCA_001602025.1","Alveolata",647221,"Plasmodium gaboni",NA,NA,NA,NA,NA,"Aconoidasida","Apicomplexa","Haemosporida","Plasmodiidae","Plasmodium","NCBI",95.14,1.24,"Parasite","NO"
"251","GCA_001865345.1","Alveolata",857276,"Cryptosporidium ubiquitum",NA,NA,NA,"H",NA,"Conoidasida","Apicomplexa","Eucoccidiorida","Cryptosporidiidae","Cryptosporidium","NCBI",97.41,0.6,"Parasite","NO"
"252","GCA_001865355.1","Alveolata",117008,"Cryptosporidium andersoni",NA,NA,NA,"H",NA,"Conoidasida","Apicomplexa","Eucoccidiorida","Cryptosporidiidae","Cryptosporidium","NCBI",99.2,0.2,"Parasite","NO"
"253","GCA_002095265.1","Alveolata",462227,"Babesia sp. Xinjiang",NA,NA,NA,"H",NA,"Aconoidasida","Apicomplexa","Piroplasmida","Babesiidae","Babesia","NCBI",80.09,2.47,"Parasite","NO"
"254","GCA_002140095.1","Alveolata",5850,"Plasmodium knowlesi",NA,NA,NA,NA,NA,"Aconoidasida","Apicomplexa","Haemosporida","Plasmodiidae","Plasmodium","NCBI",98.54,0.11,"Parasite","NO"
"255","GCA_002157705.1","Alveolata",77519,"Plasmodium gonderi",NA,NA,NA,NA,NA,"Aconoidasida","Apicomplexa","Haemosporida","Plasmodiidae","Plasmodium","NCBI",99.12,0.03,"Parasite","NO"
"256","GCA_002563875.1","Alveolata",94643,"Besnoitia besnoiti",NA,NA,NA,"H","L","Conoidasida","Apicomplexa","Eucoccidiorida","Sarcocystidae","Besnoitia","NCBI",99.8,0.2,"Parasite","NO"
"257","GCA_002600585.1","Alveolata",483139,"Cystoisospora suis",NA,NA,NA,"H","L","Conoidasida","Apicomplexa","Eucoccidiorida","Sarcocystidae","Cystoisospora","NCBI",83.47,11.16,"Parasite","NO"
"258","GCA_002897235.1","Alveolata",189622,"Babesia ovata",NA,NA,NA,"H",NA,"Aconoidasida","Apicomplexa","Piroplasmida","Babesiidae","Babesia","NCBI",83.7,5.9,"Parasite","NO"
"259","GCA_003072535.4","Alveolata",68886,"Theileria orientalis",NA,NA,NA,"M",NA,"Aconoidasida","Apicomplexa","Piroplasmida","Theileriidae","Theileria","NCBI",95.59,1.5,"Parasite","NO"
"260","GCA_004936735.2","Alveolata",1280935,"Cryptosporidium sp. chipmunk genotype I",NA,NA,NA,"H",NA,"Conoidasida","Apicomplexa","Eucoccidiorida","Cryptosporidiidae","Cryptosporidium","NCBI",97.61,1,"Parasite","NO"
"261","GCA_007210665.1","Alveolata",756076,"Cryptosporidium tyzzeri",NA,NA,NA,"H",NA,"Conoidasida","Apicomplexa","Eucoccidiorida","Cryptosporidiidae","Cryptosporidium","NCBI",98.01,0.6,"Parasite","NO"
"262","GCA_009768925.2","Alveolata",310047,"Cryptosporidium bovis",NA,NA,NA,"H",NA,"Conoidasida","Apicomplexa","Eucoccidiorida","Cryptosporidiidae","Cryptosporidium","NCBI",95.62,0.6,"Parasite","NO"
"263","GCA_009792415.2","Alveolata",515981,"Cryptosporidium ryanae",NA,NA,NA,"H",NA,"Conoidasida","Apicomplexa","Eucoccidiorida","Cryptosporidiidae","Cryptosporidium","NCBI",94.62,1,"Parasite","NO"
"264","GCA_013099955.1","Alveolata",5811,"Toxoplasma gondii",NA,NA,NA,"H","L","Conoidasida","Apicomplexa","Eucoccidiorida","Sarcocystidae","Toxoplasma","NCBI",100,0,"Parasite","NO"
"265","GCA_014529505.1","Alveolata",83540,"Cryptosporidium felis",NA,NA,NA,"H",NA,"Conoidasida","Apicomplexa","Eucoccidiorida","Cryptosporidiidae","Cryptosporidium","NCBI",91.04,2.19,"Parasite","NO"
"266","GCA_015476325.1","Alveolata",476202,"Cardiosporidium cionae",NA,NA,NA,"M","M","Aconoidasida","Apicomplexa","Nephromycida",NA,"Cardiosporidium","NCBI",59.21,3.7,"Parasite","NO"
"267","GCA_019968955.1","Alveolata",2853593,"Porospora cf. gigantea A",NA,NA,NA,"M",NA,"Conoidasida","Apicomplexa","Eugregarinorida","Porosporidae","Porospora","NCBI",71.71,1.79,"Parasite","NO"
"268","GCA_023705535.2","Alveolata",5869,"Babesia ovis",NA,NA,NA,"H",NA,"Aconoidasida","Apicomplexa","Piroplasmida","Babesiidae","Babesia","NCBI",90.04,2.38,"Parasite","NO"
"269","GCA_023973825.1","Alveolata",5824,"Plasmodium brasilianum",NA,NA,NA,NA,NA,"Aconoidasida","Apicomplexa","Haemosporida","Plasmodiidae","Plasmodium","NCBI",89.07,1.78,"Parasite","NO"
"270","GCA_027243965.1","Alveolata",195482,"Cryptosporidium canis",NA,NA,NA,"H",NA,"Conoidasida","Apicomplexa","Eucoccidiorida","Cryptosporidiidae","Cryptosporidium","NCBI",93.03,2.19,"Parasite","NO"
"271","GCA_028658345.1","Alveolata",323732,"Babesia duncani",NA,NA,NA,"H",NA,"Aconoidasida","Apicomplexa","Piroplasmida","Babesiidae","Babesia","NCBI",76.21,5.29,"Parasite","NO"
"272","GCA_030849525.1","Alveolata",33632,"Babesia gibsoni",NA,NA,NA,"H",NA,"Aconoidasida","Apicomplexa","Piroplasmida","Babesiidae","Babesia","NCBI",94.19,1.15,"Parasite","NO"
"273","GCA_031892065.1","Alveolata",2138604,"Cryptosporidium sp. 43IA8",NA,NA,NA,"H",NA,"Conoidasida","Apicomplexa","Eucoccidiorida","Cryptosporidiidae","Cryptosporidium","NCBI",98.21,0.8,"Parasite","NO"
"274","GCA_037039495.1","Alveolata",659607,"Cryptosporidium xiaoi",NA,NA,NA,"H",NA,"Conoidasida","Apicomplexa","Eucoccidiorida","Cryptosporidiidae","Cryptosporidium","NCBI",96.22,0.2,"Parasite","NO"
"275","GCA_900002335.2","Alveolata",31271,"Plasmodium chabaudi chabaudi",NA,NA,NA,NA,NA,"Aconoidasida","Apicomplexa","Haemosporida","Plasmodiidae","Plasmodium","NCBI",99.2,0,"Parasite","NO"
"276","GCA_900002375.2","Alveolata",5823,"Plasmodium berghei ANKA",NA,NA,NA,NA,NA,"Aconoidasida","Apicomplexa","Haemosporida","Plasmodiidae","Plasmodium","NCBI",99.07,0.03,"Parasite","NO"
"277","GCA_900002385.2","Alveolata",5861,"Plasmodium yoelii",NA,NA,NA,NA,NA,"Aconoidasida","Apicomplexa","Haemosporida","Plasmodiidae","Plasmodium","NCBI",64.72,10.57,"Parasite","NO"
"278","GCA_900002385.2","Alveolata",5861,"Plasmodium yoelii",NA,NA,NA,NA,NA,"Aconoidasida","Apicomplexa","Haemosporida","Plasmodiidae","Plasmodium","NCBI",98.98,0.05,"Parasite","NO"
"279","GCA_900005765.1","Alveolata",85471,"Plasmodium relictum",NA,NA,NA,NA,NA,"Aconoidasida","Apicomplexa","Haemosporida","Plasmodiidae","Plasmodium","NCBI",98.82,0.11,"Parasite","NO"
"280","GCA_900005855.1","Alveolata",5849,"Plasmodium gallinaceum",NA,NA,NA,NA,NA,"Aconoidasida","Apicomplexa","Haemosporida","Plasmodiidae","Plasmodium","NCBI",98.46,0.38,"Parasite","NO"
"281","GCA_900044335.1","Alveolata",5821,"Plasmodium berghei",NA,NA,NA,NA,NA,"Aconoidasida","Apicomplexa","Haemosporida","Plasmodiidae","Plasmodium","NCBI",98.3,0.16,"Parasite","NO"
"282","GCA_900088485.1","Alveolata",864142,"Plasmodium ovale wallikeri",NA,NA,NA,NA,NA,"Aconoidasida","Apicomplexa","Haemosporida","Plasmodiidae","Plasmodium","NCBI",80.89,5.35,"Parasite","NO"
"283","GCA_900088555.1","Alveolata",864141,"Plasmodium ovale curtisi",NA,NA,NA,NA,NA,"Aconoidasida","Apicomplexa","Haemosporida","Plasmodiidae","Plasmodium","NCBI",84.02,3.98,"Parasite","NO"
"284","GCA_900088575.1","Alveolata",5858,"Plasmodium malariae",NA,NA,NA,NA,NA,"Aconoidasida","Apicomplexa","Haemosporida","Plasmodiidae","Plasmodium","NCBI",77.68,6.59,"Parasite","NO"
"285","GCA_900090025.2","Alveolata",36330,"Plasmodium ovale",NA,NA,NA,NA,NA,"Aconoidasida","Apicomplexa","Haemosporida","Plasmodiidae","Plasmodium","NCBI",88.3,1.46,"Parasite","NO"
"286","GCA_900095565.1","Alveolata",5826,"Plasmodium chabaudi adami",NA,NA,NA,NA,NA,"Aconoidasida","Apicomplexa","Haemosporida","Plasmodiidae","Plasmodium","NCBI",98.11,0.03,"Parasite","NO"
"287","GCA_900095595.1","Alveolata",880534,"Plasmodium sp. gorilla clade G1",NA,NA,NA,NA,NA,"Aconoidasida","Apicomplexa","Haemosporida","Plasmodiidae","Plasmodium","NCBI",98.63,0.14,"Parasite","NO"
"288","GCA_900097015.1","Alveolata",880535,"Plasmodium sp. gorilla clade G2",NA,NA,NA,NA,NA,"Aconoidasida","Apicomplexa","Haemosporida","Plasmodiidae","Plasmodium","NCBI",98.98,0.05,"Parasite","NO"
"289","GCA_900097035.1","Alveolata",880536,"Plasmodium sp. gorilla clade G3",NA,NA,NA,NA,NA,"Aconoidasida","Apicomplexa","Haemosporida","Plasmodiidae","Plasmodium","NCBI",97.2,0.6,"Parasite","NO"
"290","GCA_900240055.1","Alveolata",720590,"Plasmodium sp. DRC-Itaito",NA,NA,NA,NA,NA,"Aconoidasida","Apicomplexa","Haemosporida","Plasmodiidae","Plasmodium","NCBI",98.79,0.05,"Parasite","NO"
"291","GCA_902459845.2","Alveolata",2600580,"Hepatocystis sp. ex Piliocolobus tephrosceles",NA,NA,NA,NA,NA,"Aconoidasida","Apicomplexa","Haemosporida","Plasmodiidae","Hepatocystis","NCBI",90.22,3.08,"Parasite","NO"
"292","GCA_903994205.1","Alveolata",119398,"Plasmodium vinckei brucechwatti",NA,NA,NA,NA,NA,"Aconoidasida","Apicomplexa","Haemosporida","Plasmodiidae","Plasmodium","NCBI",97.25,0.88,"Parasite","NO"
"293","GCA_903994225.1","Alveolata",138297,"Plasmodium vinckei lentum",NA,NA,NA,NA,NA,"Aconoidasida","Apicomplexa","Haemosporida","Plasmodiidae","Plasmodium","NCBI",97.2,0.6,"Parasite","NO"
"294","GCA_903994265.1","Alveolata",5860,"Plasmodium vinckei",NA,NA,NA,NA,NA,"Aconoidasida","Apicomplexa","Haemosporida","Plasmodiidae","Plasmodium","NCBI",96.62,1.02,"Parasite","NO"
"295","GCA_905178155.1","Alveolata",2202890,"Amoebophrya sp. A120",NA,NA,NA,"M",NA,"Dinophyceae",NA,"Syndiniales","Amoebophryaceae","Amoebophrya","NCBI",95.32,0.58,"Parasite","NO"
"296","GCA_905221605.1","Alveolata",878477,"Symbiodinium natans",NA,NA,NA,"H","L","Dinophyceae",NA,"Suessiales","Symbiodiniaceae","Symbiodinium","NCBI",69.59,12.28,"Autotrophic","NO"
"297","GCA_905221615.1","Alveolata",631055,"Symbiodinium sp. CCMP2592",NA,NA,NA,"H","L","Dinophyceae",NA,"Suessiales","Symbiodiniaceae","Symbiodinium","NCBI",75.44,11.11,"Autotrophic","NO"
"298","GCA_905221625.1","Alveolata",230985,"Symbiodinium sp. KB8",NA,NA,NA,"H","H","Dinophyceae",NA,"Suessiales","Symbiodiniaceae","Symbiodinium","NCBI",91.23,4.09,"Autotrophic","NO"
"299","GCA_905221635.1","Alveolata",1519616,"Symbiodinium sp. CCMP2456",NA,NA,NA,"H",NA,"Dinophyceae",NA,"Suessiales","Symbiodiniaceae","Symbiodinium","NCBI",70.18,11.7,"Autotrophic","NO"
"300","GCA_905231905.1","Alveolata",2952,"Symbiodinium pilosum",NA,NA,NA,NA,NA,"Dinophyceae",NA,"Suessiales","Symbiodiniaceae","Symbiodinium","NCBI",54.97,13.45,"Autotrophic","NO"
"301","GCA_905231915.1","Alveolata",1628268,"Symbiodinium necroappetens",NA,NA,NA,NA,"L","Dinophyceae",NA,"Suessiales","Symbiodiniaceae","Symbiodinium","NCBI",63.16,15.79,"Autotrophic","NO"
"302","GCA_946863485.1","Alveolata",5936,"Moneuplotes crassus",NA,NA,NA,"H","M","Spirotrichea","Ciliophora","Euplotida","Euplotidae","Moneuplotes","NCBI",91.81,1.17,"Heterotroph","NO"
"303","Coprin2167","Chlorophyta",574566,"Coccomyxa subellipsoidea C-169",NA,NA,"H","H","H","Trebouxiophyceae","Chlorophyta",NA,NA,"Coccomyxa","JGI",95.4,1,"Autotrophic","NO"
"304","Apalob2145","Chlorophyta",904363,"Apatococcus lobatus",NA,NA,"H","H","H","Trebouxiophyceae","Chlorophyta","Chlorellales","Chlorellaceae","Apatococcus","JGI",95.1,0.5,"Autotrophic","NO"
"305","Myrbis2043","Chlorophyta",41462,"[Myrmecia] bisecta",NA,NA,"H","H","H","Trebouxiophyceae","Chlorophyta","Trebouxiales","Trebouxiaceae","Myrmecia","JGI",96.8,1,"Autotrophic","NO"
"306","Ellbil24580","Chlorophyta",381761,"Elliptochloris bilobata",NA,NA,"H","H","H","Trebouxiophyceae","Chlorophyta",NA,NA,"Elliptochloris","JGI",93.5,1.1,"Autotrophic","NO"
"307","DesarSE107","Chlorophyta",375941,"Desmodesmus armatus",NA,NA,"H","H","H","Chlorophyceae","Chlorophyta","Sphaeropleales","Scenedesmaceae","Desmodesmus","JGI",93.1,1.7,"Autotrophic","NO"
"308","TrebouA12","Chlorophyta",2608996,"Trebouxia sp. A1-2",NA,NA,"H","H","H","Trebouxiophyceae","Chlorophyta","Trebouxiales","Trebouxiaceae","Trebouxia","JGI",85.5,1.7,"Autotrophic","NO"
"309","Limspi1","Chlorophyta",2954232,"Limnomonas spitsbergensis",NA,NA,"H","H","H","Chlorophyceae","Chlorophyta","Chlamydomonadales",NA,"Limnomonas","JGI",92.2,0.6,"Autotrophic","NO"
"310","Tetso1","Chlorophyta",47790,"Tetrabaena socialis",NA,NA,"H","M","H","Chlorophyceae","Chlorophyta","Chlamydomonadales","Tetrabaenaceae","Tetrabaena","JGI",58.2,18.2,"Autotrophic","NO"
"311","Chrzof2","Chlorophyta",31302,"Chromochloris zofingiensis",NA,NA,"H","H","H","Chlorophyceae","Chlorophyta","Sphaeropleales","Chromochloridaceae","Chromochloris","JGI",98.9,0.5,"Autotrophic","NO"
"312","ScespWC1","Chlorophyta",3087,"Scenedesmus",NA,NA,"H","H","H","Chlorophyceae","Chlorophyta","Sphaeropleales","Scenedesmaceae","Scenedesmus","JGI",96.6,0.6,"Autotrophic","NO"
"313","Haeplu1","Chlorophyta",44745,"Haematococcus lacustris",NA,NA,"H","H","H","Chlorophyceae","Chlorophyta","Chlamydomonadales","Haematococcaceae","Haematococcus","JGI",96.4,1.2,"Autotrophic","NO"
"314","Volre3786","Chlorophyta",1737510,"Volvox reticuliferus",NA,NA,"H","H","H","Chlorophyceae","Chlorophyta","Chlamydomonadales","Volvocaceae","Volvox","JGI",90.4,0.7,"Autotrophic","NO"
"315","Volafr1","Chlorophyta",51714,"Volvox africanus",NA,NA,"H","H","H","Chlorophyceae","Chlorophyta","Chlamydomonadales","Volvocaceae","Volvox","JGI",89,0.9,"Autotrophic","NO"
"316","ChloDOE1412","Chlorophyta",3076,"Chlorella sorokiniana",NA,NA,"H","H","H","Trebouxiophyceae","Chlorophyta","Chlorellales","Chlorellaceae","Chlorella","JGI",91.1,0.7,"Autotrophic","NO"
"317","Chloso1230","Chlorophyta",3071,"Chlorella",NA,NA,"H","H","H","Trebouxiophyceae","Chlorophyta","Chlorellales","Chlorellaceae","Chlorella","JGI",96.8,0.7,"Autotrophic","NO"
"318","Micco1","Chlorophyta",554055,"Micractinium conductrix",NA,NA,"H","H","H","Trebouxiophyceae","Chlorophyta","Chlorellales","Chlorellaceae","Micractinium","JGI",95,0.7,"Autotrophic","NO"
"319","Auxpr25","Chlorophyta",3075,"Auxenochlorella protothecoides",NA,NA,"H","H","H","Trebouxiophyceae","Chlorophyta","Chlorellales","Chlorellaceae","Auxenochlorella","JGI",88.4,2.8,"Autotrophic","NO"
"320","Chleu1","Chlorophyta",1157962,"Chlamydomonas eustigma",NA,NA,"H","H","H","Chlorophyceae","Chlorophyta","Chlamydomonadales","Chlamydomonadaceae","Chlamydomonas","JGI",97,0.6,"Autotrophic","NO"
"321","Trebou978","Chlorophyta",75966,"Trebouxiophyceae",NA,NA,"H","H","H","Trebouxiophyceae","Chlorophyta",NA,NA,NA,"JGI",91.6,0.5,"Autotrophic","NO"
"322","Trebou4402","Chlorophyta",2941158,"Chlorellaceae sp.",NA,NA,"H","H","H","Trebouxiophyceae","Chlorophyta","Chlorellales","Chlorellaceae",NA,"JGI",88,2.2,"Autotrophic","NO"
"323","Chlremi1","Chlorophyta",2069334,"Chloromonas remiasii",NA,NA,"H","H","H","Chlorophyceae","Chlorophyta","Chlamydomonadales","Chlamydomonadaceae","Chloromonas","JGI",92.8,1.8,"Autotrophic","NO"
"324","Rapsub1","Chlorophyta",307507,"Raphidocelis subcapitata",NA,NA,"H","H","H","Chlorophyceae","Chlorophyta","Sphaeropleales","Selenastraceae","Raphidocelis","JGI",95.9,1.2,"Autotrophic","NO"
"325","Botrbrau1","Chlorophyta",1202541,"Botryococcus braunii Showa",NA,NA,"H","H","M","Trebouxiophyceae","Chlorophyta",NA,NA,"Botryococcus","JGI",81.7,5.9,"Autotrophic","NO"
"326","Astgub1","Chlorophyta",47775,"Astrephomene gubernaculifera",NA,NA,"H","H","H","Chlorophyceae","Chlorophyta","Chlamydomonadales","Astrephomenaceae","Astrephomene","JGI",83,3.4,"Autotrophic","NO"
"327","Ostque1","Chlorophyta",121088,"Ostreobium quekettii",NA,NA,"H","H","H","Ulvophyceae","Chlorophyta","Bryopsidales","Ostreobiaceae","Ostreobium","JGI",64.4,2.8,"Autotrophic","NO"
"328","Nandes2526","Chlorophyta",1650286,"Chlorella desiccata (nom. nud.)",NA,NA,"H","H","H","Trebouxiophyceae","Chlorophyta","Chlorellales","Chlorellaceae","Chlorella","JGI",96.1,0.4,"Autotrophic","NO"
"329","Heli50920","Chlorophyta",1291522,"Helicosporidium sp. ATCC 50920",NA,NA,"H","H","H","Trebouxiophyceae","Chlorophyta","Chlorellales","Chlorellaceae","Helicosporidium","JGI",61.8,13.8,"Autotrophic","NO"
"330","Pedmin1","Chlorophyta",3159,"Pedinomonas minor",NA,NA,"H","H","H","Pedinophyceae","Chlorophyta","Pedinomonadales","Pedinomonadaceae","Pedinomonas","JGI",89.5,1.8,"Autotrophic","NO"
"331","PedYPF701","Chlorophyta",765719,"Pedinophyceae sp. YPF-701",NA,NA,"H","H","H","Pedinophyceae","Chlorophyta",NA,NA,NA,"JGI",86.6,0.8,"Autotrophic","NO"
"332","MicrYARC1","Chlorophyta",2904290,"Microglena sp. YARC",NA,NA,"H","H","H","Chlorophyceae","Chlorophyta","Chlamydomonadales","Chlamydomonadaceae","Microglena","JGI",82.7,5.5,"Autotrophic","NO"
"333","MicrAD1","Chlorophyta",38832,"Micromonas",NA,NA,"H","H","M","Mamiellophyceae","Chlorophyta","Mamiellales","Mamiellaceae","Micromonas","JGI",92.8,0.9,"Autotrophic","NO"
"334","ChlUWO241","Chlorophyta",1653778,"Chlamydomonas sp. UWO 241",NA,NA,"H","H","H","Chlorophyceae","Chlorophyta","Chlamydomonadales","Chlamydomonadaceae","Chlamydomonas","JGI",82.2,2.5,"Autotrophic","NO"
"335","Monmin1","Chlorophyta",39955,"Monoraphidium minutum",NA,NA,"H","H","H","Chlorophyceae","Chlorophyta","Sphaeropleales","Selenastraceae","Monoraphidium","JGI",96.4,0.9,"Autotrophic","NO"
"336","TetrdesSNI2","Chlorophyta",2780016,"Tetradesmus deserticola",NA,NA,"H","H","H","Chlorophyceae","Chlorophyta","Sphaeropleales","Scenedesmaceae","Tetradesmus","JGI",96.4,1,"Autotrophic","NO"
"337","Flerot1","Chlorophyta",269715,"Flechtneria rotunda",NA,NA,"H","H","H","Chlorophyceae","Chlorophyta","Sphaeropleales","Scenedesmaceae","Flechtneria","JGI",98.6,0.3,"Autotrophic","NO"
"338","Enacos1","Chlorophyta",113528,"Enallax costatus",NA,NA,"H","H","H","Chlorophyceae","Chlorophyta","Sphaeropleales","Scenedesmaceae","Enallax","JGI",98.4,0.5,"Autotrophic","NO"
"339","Chlsc1","Chlorophyta",2026947,"Chlamydomonas schloesseri",NA,NA,"H","H","H","Chlorophyceae","Chlorophyta","Chlamydomonadales","Chlamydomonadaceae","Chlamydomonas","JGI",97.8,0.8,"Autotrophic","NO"
"340","Pico","Chlorophyta",2320818,"Picocystis sp. ML",NA,NA,NA,"M",NA,"Picocystophyceae","Chlorophyta","Picocystales","Picocystaceae","Picocystis","JGI",32.1,5.7,"Autotrophic","NO"
"341","Chlin1","Chlorophyta",51695,"Chlamydomonas incerta",NA,NA,"H","H","H","Chlorophyceae","Chlorophyta","Chlamydomonadales","Chlamydomonadaceae","Chlamydomonas","JGI",95.9,2,"Autotrophic","NO"
"342","Edade1","Chlorophyta",47281,"Edaphochlamys debaryana",NA,NA,"H","H","H","Chlorophyceae","Chlorophyta","Chlamydomonadales",NA,"Edaphochlamys","JGI",96.8,1.4,"Autotrophic","NO"
"343","Picre1","Chlorophyta",2601844,"Picochlorum sp. BH-2019",NA,NA,"H","H","H","Trebouxiophyceae","Chlorophyta",NA,NA,"Picochlorum","JGI",67.3,11.3,"Autotrophic","NO"
"344","Picsp","Chlorophyta",2053932,"Picochlorum sp. 'soloecismus'",NA,NA,"H","H","H","Trebouxiophyceae","Chlorophyta",NA,NA,"Picochlorum","JGI",87,0.8,"Autotrophic","NO"
"345","ChloA99","Chlorophyta",2041167,"Chlorella sp. A99",NA,NA,"H","H","H","Trebouxiophyceae","Chlorophyta","Chlorellales","Chlorellaceae","Chlorella","JGI",90.1,2.4,"Autotrophic","NO"
"346","Tetstr1","Chlorophyta",3165,"Tetraselmis striata",NA,NA,"H","H","H","Chlorodendrophyceae","Chlorophyta","Chlorodendrales","Chlorodendraceae","Tetraselmis","JGI",93.2,1.1,"Autotrophic","NO"
"347","Caulen1","Chlorophyta",148947,"Caulerpa lentillifera",NA,NA,"H","H","H","Ulvophyceae","Chlorophyta","Bryopsidales","Caulerpaceae","Caulerpa","JGI",75,2.3,"Autotrophic","NO"
"348","Volca2","Chlorophyta",3067,"Volvox carteri",NA,NA,"H","H","H","Chlorophyceae","Chlorophyta","Chlamydomonadales","Volvocaceae","Volvox","JGI",95.4,1,"Autotrophic","NO"
"349","SymretSc1","Chlorophyta",40981,"Symbiochloris reticulata",NA,NA,"H","H","H","Trebouxiophyceae","Chlorophyta","Trebouxiales","Trebouxiaceae","Symbiochloris","JGI",96.3,0.5,"Autotrophic","NO"
"350","Ostta4221","Chlorophyta",70448,"Ostreococcus tauri",NA,NA,"H","H","H","Mamiellophyceae","Chlorophyta","Mamiellales","Bathycoccaceae","Ostreococcus","JGI",98.3,0.4,"Autotrophic","NO"
"351","Astpho2","Chlorophyta",763042,"Asterochloris sp. Cgr/DA1pho",NA,NA,"H","H","H","Trebouxiophyceae","Chlorophyta","Trebouxiales","Trebouxiaceae","Asterochloris","JGI",92.4,2,"Autotrophic","NO"
"352","Gonpec1","Chlorophyta",33097,"Gonium pectorale",NA,NA,"H","H","H","Chlorophyceae","Chlorophyta","Chlamydomonadales","Volvocaceae","Gonium","JGI",91.6,5,"Autotrophic","NO"
"353","Monneg1","Chlorophyta",145388,"Monoraphidium neglectum",NA,NA,"H","H","H","Chlorophyceae","Chlorophyta","Sphaeropleales","Selenastraceae","Monoraphidium","JGI",73.1,18.2,"Autotrophic","NO"
"354","Batpra1","Chlorophyta",1075084,"Bathycoccus prasinos RCC1105",NA,NA,"H","H","H","Mamiellophyceae","Chlorophyta","Mamiellales","Bathycoccaceae","Bathycoccus","JGI",96.5,0.9,"Autotrophic","NO"
"355","Ulvmu1","Chlorophyta",498180,"Ulva mutabilis",NA,NA,"H","H","H","Ulvophyceae","Chlorophyta","Ulvales","Ulvaceae","Ulva","JGI",87.3,0.9,"Autotrophic","NO"
"356","Dunsal1","Chlorophyta",3046,"Dunaliella salina",NA,NA,"M","H","H","Chlorophyceae","Chlorophyta","Chlamydomonadales","Dunaliellaceae","Dunaliella","JGI",81.8,7,"Autotrophic","NO"
"357","GCA_000090985.2","Chlorophyta",296587,"Micromonas commoda",NA,NA,"H","H","H","Mamiellophyceae","Chlorophyta","Mamiellales","Mamiellaceae","Micromonas","NCBI",98.03,0.99,"Autotrophic","NO"
"358","GCA_000092065.1","Chlorophyta",436017,"Ostreococcus lucimarinus CCE9901",NA,NA,"H","H","H","Mamiellophyceae","Chlorophyta","Mamiellales","Bathycoccaceae","Ostreococcus","NCBI",97.37,1.38,"Autotrophic","NO"
"359","GCA_000143455.1","Chlorophyta",3068,"Volvox carteri f. nagariensis",NA,NA,"H","H","H","Chlorophyceae","Chlorophyta","Chlamydomonadales","Volvocaceae","Volvox","NCBI",96.58,1.12,"Autotrophic","NO"
"360","GCA_000147415.1","Chlorophyta",554065,"Chlorella variabilis",NA,NA,"H","H","H","Trebouxiophyceae","Chlorophyta","Chlorellales","Chlorellaceae","Chlorella","NCBI",92.36,3.09,"Autotrophic","NO"
"361","GCA_000151265.1","Chlorophyta",564608,"Micromonas pusilla CCMP1545",NA,NA,"H","H","H","Mamiellophyceae","Chlorophyta","Mamiellales","Mamiellaceae","Micromonas","NCBI",96.77,1.38,"Autotrophic","NO"
"362","GCA_002220235.1","Chlorophyta",41875,"Bathycoccus prasinos",NA,NA,"H","H","H","Mamiellophyceae","Chlorophyta","Mamiellales","Bathycoccaceae","Bathycoccus","NCBI",96.51,0.92,"Autotrophic","NO"
"363","GCA_014080715.1","Chlorophyta",2650976,"Scenedesmus sp. NREL 46B-D3",NA,NA,"H","H","H","Chlorophyceae","Chlorophyta","Sphaeropleales","Scenedesmaceae","Scenedesmus","NCBI",93.15,2.17,"Autotrophic","NO"
"364","GCA_014905635.1","Chlorophyta",2742167,"Scenedesmus sp. PABB004",NA,NA,"H","H","H","Chlorophyceae","Chlorophyta","Sphaeropleales","Scenedesmaceae","Scenedesmus","NCBI",90.19,0.46,"Autotrophic","NO"
"365","GCA_015473125.1","Chlorophyta",41880,"Pycnococcus provasolii",NA,NA,"H","H","H",NA,"Chlorophyta",NA,"Pycnococcaceae","Pycnococcus","NCBI",85.98,0.92,"Autotrophic","NO"
"366","GCA_020887355.1","Chlorophyta",2315456,"Coccomyxa sp. Obi",NA,NA,"H","H","H","Trebouxiophyceae","Chlorophyta",NA,NA,"Coccomyxa","NCBI",98.75,0.2,"Autotrophic","NO"
"367","GCA_023343905.1","Chlorophyta",3077,"Chlorella vulgaris",NA,NA,"H","H","H","Trebouxiophyceae","Chlorophyta","Chlorellales","Chlorellaceae","Chlorella","NCBI",98.95,0.26,"Autotrophic","NO"
"368","GCA_025026875.1","Chlorophyta",2649997,"Chlorella ohadii",NA,NA,"H","H","H","Trebouxiophyceae","Chlorophyta","Chlorellales","Chlorellaceae","Chlorella","NCBI",95.39,1.32,"Autotrophic","NO"
"369","GCA_025209345.1","Chlorophyta",2696299,"Picochlorum sp. BPE23",NA,NA,"H","H","H","Trebouxiophyceae","Chlorophyta",NA,NA,"Picochlorum","NCBI",95.26,0.59,"Autotrophic","NO"
"370","GCA_030267485.1","Chlorophyta",330485,"Pleodorina starrii",NA,NA,"H","H","H","Chlorophyceae","Chlorophyta","Chlamydomonadales","Volvocaceae","Pleodorina","NCBI",97.3,0.26,"Autotrophic","NO"
"371","GCA_030272585.1","Chlorophyta",3041901,"Bryopsis sp. KO-2023",NA,NA,"H","H","H","Ulvophyceae","Chlorophyta","Bryopsidales","Bryopsidaceae","Bryopsis","NCBI",95.33,0.33,"Autotrophic","NO"
"372","GCA_031763795.1","Chlorophyta",3111,"Prototheca wickerhamii",NA,NA,"H","H","H","Trebouxiophyceae","Chlorophyta","Chlorellales","Chlorellaceae","Prototheca","NCBI",77.88,3.55,"Autotrophic","NO"
"373","GCA_034226045.1","Chlorophyta",1470871,"Picochlorum sp. SENEW3",NA,NA,"H","H","H","Trebouxiophyceae","Chlorophyta",NA,NA,"Picochlorum","NCBI",25.54,0.33,"Autotrophic","NO"
"374","GCA_040144375.1","Chlorophyta",2026836,"Apatococcus fuscideae",NA,NA,"H","H","L","Trebouxiophyceae","Chlorophyta","Chlorellales","Chlorellaceae","Apatococcus","NCBI",75.77,2.5,"Autotrophic","NO"
"375","GCA_040144405.1","Chlorophyta",706552,"Symbiochloris irregularis",NA,NA,"H","H","H","Trebouxiophyceae","Chlorophyta","Trebouxiales","Trebouxiaceae","Symbiochloris","NCBI",91.05,1.45,"Autotrophic","NO"
"376","GCA_040182555.1","Chlorophyta",248742,"Coccomyxa subellipsoidea",NA,NA,"H","H","H","Trebouxiophyceae","Chlorophyta",NA,NA,"Coccomyxa","NCBI",95.46,0.99,"Autotrophic","NO"
"377","GCA_040206735.1","Chlorophyta",2905653,"Trebouxia sp. C0004",NA,NA,"H","H","H","Trebouxiophyceae","Chlorophyta","Trebouxiales","Trebouxiaceae","Trebouxia","NCBI",96.51,0.66,"Autotrophic","NO"
"378","GCA_040206745.1","Chlorophyta",2905655,"Trebouxia sp. C0006",NA,NA,"H","H","H","Trebouxiophyceae","Chlorophyta","Trebouxiales","Trebouxiaceae","Trebouxia","NCBI",94.34,1.91,"Autotrophic","NO"
"379","GCA_040206755.1","Chlorophyta",2905654,"Trebouxia sp. C0005",NA,NA,"H","H","M","Trebouxiophyceae","Chlorophyta","Trebouxiales","Trebouxiaceae","Trebouxia","NCBI",93.22,1.97,"Autotrophic","NO"
"380","GCA_040746505.1","Chlorophyta",2578422,"Sanguina aurantia",NA,NA,"H","H","H","Chlorophyceae","Chlorophyta","Chlamydomonadales","Chlamydomonadaceae","Sanguina","NCBI",88.08,1.51,"Autotrophic","NO"
"381","GCA_045269255.1","Chlorophyta",3373144,"Trebouxia sp. C0009 RCD-2024",NA,NA,"H","H","H","Trebouxiophyceae","Chlorophyta","Trebouxiales","Trebouxiaceae","Trebouxia","NCBI",93.22,1.45,"Autotrophic","NO"
"382","GCA_045269315.1","Chlorophyta",3373145,"Trebouxia sp. C0010 RCD-2024",NA,NA,"H","H","H","Trebouxiophyceae","Chlorophyta","Trebouxiales","Trebouxiaceae","Trebouxia","NCBI",92.69,2.7,"Autotrophic","NO"
"383","GCA_963575595.1","Chlorophyta",1274662,"Coccomyxa viridis",NA,NA,"H","H","H","Trebouxiophyceae","Chlorophyta",NA,NA,"Coccomyxa","NCBI",96.51,0.86,"Autotrophic","NO"
"384","GCA_964261555.1","Chlorophyta",1965095,"Coccomyxa elongata",NA,NA,"H","H","H","Trebouxiophyceae","Chlorophyta",NA,NA,"Coccomyxa","NCBI",98.09,0.33,"Autotrophic","NO"
"385","Euggra1","Discoba",3039,"Euglena gracilis",NA,NA,"H","H","L","Euglenida","Euglenozoa","Euglenales","Euglenaceae","Euglena","JGI",30.6,12.5,"Mixotroph","NO"
"386","Giaint1","Metamonada",184922,"Giardia lamblia ATCC 50803",NA,NA,"H","H","M",NA,"Fornicata","Diplomonadida","Hexamitidae","Giardia","JGI",23.5,5.1,"Parasite","NO"
"387","GCA_000497125.2","Metamonada",348837,"Spironucleus salmonicida",NA,NA,"M","H",NA,NA,"Fornicata","Diplomonadida","Hexamitidae","Spironucleus","NCBI",18.82,7.06,"Parasite","NO"
"388","GCA_001643675.2","Metamonada",2049356,"Monocercomonoides exilis",NA,NA,"H","H","L",NA,"Preaxostyla","Oxymonadida","Polymastigidae","Monocercomonoides","NCBI",59.61,5.1,"Heterotroph","NO"
"389","GCA_008636045.1","Metamonada",222440,"Streblomastix strix",NA,NA,"H","H","L",NA,"Preaxostyla","Oxymonadida","Streblomastigidae","Streblomastix","NCBI",38.04,18.04,"Heterotroph","NO"
"390","GCA_024181965.1","Metamonada",2918883,"Aduncisulcus paluster",NA,NA,"M","H","L",NA,"Fornicata",NA,NA,"Aduncisulcus","NCBI",31.37,11.37,"Heterotroph","NO"
"391","GCA_027972325.1","Metamonada",342808,"Paratrimastix pyriformis",NA,NA,"H","H","H",NA,"Preaxostyla",NA,"Paratrimastigidae","Paratrimastix","NCBI",62.35,6.67,"Heterotroph","NO"
"392","GCA_963988835.2","Metamonada",28002,"Hexamita inflata",NA,NA,"M","H","L",NA,"Fornicata","Diplomonadida","Hexamitidae","Hexamita","NCBI",24.71,5.88,"Heterotroph","NO"
"393","GCA_000442495.1","Discoba",28005,"Strigomonas culicis",NA,NA,"H","H",NA,"Kinetoplastea","Euglenozoa","Trypanosomatida","Trypanosomatidae","Strigomonas","NCBI",73.08,20,"Parasite","NO"
"394","GCA_001235845.1","Discoba",1314962,"Perkinsela sp. CCAP 1560/4",NA,NA,NA,"H",NA,"Kinetoplastea","Euglenozoa",NA,"Ichthyobodonidae","Perkinsela","NCBI",65.38,6.92,"Parasite","NO"
"395","GCA_019188245.1","Discoba",1808958,"Novymonas esmeraldas",NA,NA,"H","H","M","Kinetoplastea","Euglenozoa","Trypanosomatida","Trypanosomatidae","Novymonas","NCBI",96.15,0,"Parasite","NO"
"396","GCA_039583845.1","Rhizaria",2184066,"Marteilia pararefringens",NA,NA,NA,"L",NA,"Ascetosporea","Endomyxa","Paramyxida","Marteiliidae","Marteilia","NCBI",21.18,12.94,"Parasite","NO"
"397","GCA_040357535.1","Rhizaria",2844372,"Paramarteilia canceri",NA,NA,"L","L",NA,"Ascetosporea","Endomyxa","Paramyxida","Marteiliidae","Paramarteilia","NCBI",9.41,15.29,"Parasite","NO"
"398","GCA_040357565.1","Rhizaria",1215613,"Cercozoa sp. M6MM",NA,NA,NA,"L","L",NA,"Cercozoa",NA,NA,NA,"NCBI",55.29,14.51,"Heterotroph","NO"
"399","GCA_000091205.1","Rhodophyta",280699,"Cyanidioschyzon merolae strain 10D",NA,NA,"H","H","M","Bangiophyceae","Rhodophyta","Cyanidiales","Cyanidiaceae","Cyanidioschyzon","NCBI",72.94,6.27,"Autotrophic","NO"
"400","GCA_000341285.1","Rhodophyta",130081,"Galdieria sulphuraria",NA,NA,"H","H","M","Bangiophyceae","Rhodophyta","Galdieriales","Galdieriaceae","Galdieria","NCBI",78.04,7.45,"Mixotroph","NO"
"401","GCA_000350225.2","Rhodophyta",2769,"Chondrus crispus",NA,NA,"H","H","L","Florideophyceae","Rhodophyta","Gigartinales","Gigartinaceae","Chondrus","NCBI",63.14,8.24,"Autotrophic","NO"
"402","GCA_002049455.2","Rhodophyta",2786,"Porphyra umbilicalis",NA,NA,"M","H","L","Bangiophyceae","Rhodophyta","Bangiales","Bangiaceae","Porphyra","NCBI",43.92,14.51,"Autotrophic","NO"
"403","GCA_003194525.1","Rhodophyta",448386,"Gracilariopsis chorda",NA,NA,"H","H","L","Florideophyceae","Rhodophyta","Gracilariales","Gracilariaceae","Gracilariopsis","NCBI",81.18,4.71,"Autotrophic","NO"
"404","GCA_008690995.1","Rhodophyta",35688,"Porphyridium purpureum",NA,NA,"H","H","M","Bangiophyceae","Rhodophyta","Porphyridiales","Porphyridiaceae","Porphyridium","NCBI",71.76,8.63,"Autotrophic","NO"
"405","GCA_009829735.1","Rhodophyta",2788,"Pyropia yezoensis",NA,NA,"H","H","M","Bangiophyceae","Rhodophyta","Bangiales","Bangiaceae","Neopyropia","NCBI",50.2,16.86,"Autotrophic","NO"
"406","GCA_013995675.1","Rhodophyta",2690220,"Cyanidiococcus yangmingshanensis",NA,NA,"H","H","M","Bangiophyceae","Rhodophyta","Cyanidiales","Cyanidiaceae","Cyanidiococcus","NCBI",54.51,16.86,"Autotrophic","NO"
"407","GCA_022539475.1","Rhodophyta",172961,"Gracilaria domingensis",NA,NA,"H","H","L","Florideophyceae","Rhodophyta","Gracilariales","Gracilariaceae","Gracilaria","NCBI",60,9.02,"Autotrophic","NO"
"408","GCA_025991245.1","Rhodophyta",83374,"Galdieria partita",NA,NA,"H","H","M","Bangiophyceae","Rhodophyta","Galdieriales","Galdieriaceae","Galdieria","NCBI",81.96,5.49,"Autotrophic","NO"
"409","GCA_026122205.1","Rhodophyta",3028027,"Galdieria yellowstonensis",NA,NA,"H","H","M","Bangiophyceae","Rhodophyta","Galdieriales","Galdieriaceae","Galdieria","NCBI",80.78,6.27,"Autotrophic","NO"
"410","GCA_026184775.1","Rhodophyta",2771,"Cyanidium caldarium",NA,NA,"H","H","M","Bangiophyceae","Rhodophyta","Cyanidiales","Cyanidiaceae","Cyanidium","NCBI",67.06,9.8,"Autotrophic","NO"
"411","GCA_029953675.1","Rhodophyta",101924,"Rhodosorus marinus",NA,NA,"H","H","M","Stylonematophyceae","Rhodophyta","Stylonematales","Stylonemataceae","Rhodosorus","NCBI",83.92,4.31,"Autotrophic","NO"
"412","GCA_042855435.1","Rhodophyta",683352,"Pyropia vietnamensis",NA,NA,"H","H","L","Bangiophyceae","Rhodophyta","Bangiales","Bangiaceae","Pyropia","NCBI",61.18,12.94,"Autotrophic","NO"
"413","Cylclo1","Stramenopiles",2856,"Cylindrotheca closterium",NA,NA,"H","H","H","Bacillariophyceae","Bacillariophyta","Bacillariales","Bacillariaceae","Cylindrotheca","JGI",97,1,"Autotrophic","NO"
"414","Mosaich1","Stramenopiles",33852,"Bacillariaceae",NA,NA,"H","H","H","Bacillariophyceae","Bacillariophyta","Bacillariales","Bacillariaceae",NA,"JGI",97,1,"Autotrophic","NO"
"415","Conwei1","Stramenopiles",1577725,"Conticribra weissflogii",NA,NA,"H","H","H","Coscinodiscophyceae","Bacillariophyta","Thalassiosirales","Thalassiosiraceae","Conticribra","JGI",95,4,"Autotrophic","NO"
"416","Ent11IV18","Stramenopiles",186042,"Entomoneis",NA,NA,"H","H","H","Bacillariophyceae","Bacillariophyta",NA,"Entomoneidaceae","Entomoneis","JGI",96,1,"Autotrophic","NO"
"417","Semro1","Stramenopiles",568900,"Seminavis robusta",NA,NA,"H","H","H","Bacillariophyceae","Bacillariophyta","Naviculales","Naviculaceae","Seminavis","JGI",99,0,"Autotrophic","NO"
"418","Fisso2","Stramenopiles",1519565,"Fistulifera solaris",NA,NA,"H","H","H","Bacillariophyceae","Bacillariophyta","Naviculales","Naviculaceae","Fistulifera","JGI",97,1,"Autotrophic","NO"
"419","Cyccr2","Stramenopiles",29204,"Cyclotella cryptica",NA,NA,"H","H","H","Coscinodiscophyceae","Bacillariophyta","Stephanodiscales","Stephanodiscaceae","Cyclotella","JGI",96,1,"Autotrophic","NO"
"420","Maypse1","Stramenopiles",2872254,"Mayamaea pseudoterrestris",NA,NA,"H","H","H","Bacillariophyceae","Bacillariophyta","Naviculales","Naviculaceae","Mayamaea","JGI",95,1,"Autotrophic","NO"
"421","Fracro1","Stramenopiles",210448,"Fragilaria crotonensis",NA,NA,"H","H","H","Fragilariophyceae","Bacillariophyta","Fragilariales","Fragilariaceae","Fragilaria","JGI",75,6,"Autotrophic","NO"
"422","Chaten1","Stramenopiles",426638,"Chaetoceros tenuissimus",NA,NA,"H","H","H","Coscinodiscophyceae","Bacillariophyta","Chaetocerotales","Chaetocerotaceae","Chaetoceros","JGI",95,0,"Autotrophic","NO"
"423","Nitput1","Stramenopiles",2742595,"Nitzschia putrida",NA,NA,"H","H","M","Bacillariophyceae","Bacillariophyta","Bacillariales","Bacillariaceae","Nitzschia","JGI",97,1,"Autotrophic","NO"
"424","Cafroe1","Stramenopiles",33653,"Cafeteria roenbergensis",NA,NA,"H","H","M","Bigyra",NA,"Bicosoecida","Cafeteriaceae","Cafeteria","JGI",89,2,"Heterotroph","NO"
"425","Nithil2","Stramenopiles",2857,"Nitzschia",NA,NA,"H","H","H","Bacillariophyceae","Bacillariophyta","Bacillariales","Bacillariaceae","Nitzschia","JGI",100,0,"Autotrophic","NO"
"426","Mintr2","Stramenopiles",265540,"Minidiscus trioculatus",NA,NA,"H","H",NA,"Coscinodiscophyceae","Bacillariophyta","Thalassiosirales","Thalassiosiraceae","Minidiscus","JGI",94,3,"Autotrophic","NO"
"427","Thaoce1","Stramenopiles",637379,"Thalassiosira oceanica CCMP1005",NA,NA,"H","H","M","Coscinodiscophyceae","Bacillariophyta","Thalassiosirales","Thalassiosiraceae","Thalassiosira","JGI",89,7,"Autotrophic","NO"
"428","Pelago2097","Stramenopiles",483370,"Pelagophyceae sp. CCMP2097",NA,NA,"H","H","H","Pelagophyceae",NA,NA,NA,NA,"JGI",96,0,"Autotrophic","NO"
"429","Ochro2298","Stramenopiles",483371,"Ochromonadaceae sp. CCMP2298",NA,NA,"H","H","H","Synurophyceae",NA,"Ochromonadales","Ochromonadaceae",NA,"JGI",80,11,"Autotrophic","NO"
"430","Auran1","Stramenopiles",44056,"Aureococcus anophagefferens",NA,NA,"H","H","H","Pelagophyceae",NA,"Pelagomonadales","Pelagomonadaceae","Aureococcus","JGI",84,11,"Autotrophic","NO"
"431","Psemu1","Stramenopiles",37319,"Pseudo-nitzschia multiseries",NA,NA,"H","H","H","Bacillariophyceae","Bacillariophyta","Bacillariales","Bacillariaceae","Pseudo-nitzschia","JGI",98,2,"Autotrophic","NO"
"432","GCA_000149405.2","Stramenopiles",296543,"Thalassiosira pseudonana CCMP1335",NA,NA,"H","H","H","Coscinodiscophyceae","Bacillariophyta","Thalassiosirales","Thalassiosiraceae","Thalassiosira","NCBI",97,3,"Autotrophic","NO"
"433","GCA_000150955.2","Stramenopiles",556484,"Phaeodactylum tricornutum CCAP 1055/1",NA,NA,"H","H","H","Bacillariophyceae","Bacillariophyta","Naviculales","Phaeodactylaceae","Phaeodactylum","NCBI",96,4,"Autotrophic","NO"
"434","GCA_000296195.2","Stramenopiles",159749,"Thalassiosira oceanica",NA,NA,"H","H","M","Coscinodiscophyceae","Bacillariophyta","Thalassiosirales","Thalassiosiraceae","Thalassiosira","NCBI",89,7,"Autotrophic","NO"
"435","GCA_001750085.1","Stramenopiles",635003,"Fragilariopsis cylindrus CCMP1102",NA,NA,"H","H","H","Bacillariophyceae","Bacillariophyta","Bacillariales","Bacillariaceae","Fragilariopsis","NCBI",94,5,"Autotrophic","NO"
"436","GCA_009835185.1","Stramenopiles",120398,"Aphanomyces stellatus","M",NA,"H","H","H",NA,"Oomycota","Saprolegniales","Saprolegniaceae","Aphanomyces","NCBI",97,1,"Heterotroph","NO"
"437","GCA_019154785.2","Stramenopiles",303405,"Nitzschia inconspicua",NA,NA,"H","H","H","Bacillariophyceae","Bacillariophyta","Bacillariales","Bacillariaceae","Nitzschia","NCBI",100,0,"Autotrophic","NO"
"438","GCA_029834535.1","Stramenopiles",2483200,"Chrysophaeum taylorii",NA,NA,"H","H","H","Pelagophyceae",NA,"Pelagomonadales","Pelagomonadaceae","Chrysophaeum","NCBI",86,2,"Autotrophic","NO"
"439","GCA_030871285.1","Stramenopiles",267567,"Skeletonema marinoi",NA,NA,"H","H","H","Coscinodiscophyceae","Bacillariophyta","Thalassiosirales","Skeletonemataceae","Skeletonema","NCBI",87,7,"Autotrophic","NO"
"440","GCA_918797485.1","Stramenopiles",35677,"Pelagomonas calceolata",NA,NA,"H","H","H","Pelagophyceae",NA,"Pelagomonadales","Pelagomonadaceae","Pelagomonas","NCBI",89,1,"Autotrophic","NO"
"441","GCA_963377065.1","Alveolata",2562239,"Effrenium voratum",NA,NA,"P","H","P","Dinophyceae",NA,"Suessiales","Symbiodiniaceae","Effrenium","NCBI",67.25,15.2,"Autotrophic","NO"
"442","GCA_963969995.1","Alveolata",1381693,"Durusdinium trenchii",NA,NA,"P","H","L","Dinophyceae",NA,"Suessiales","Symbiodiniaceae","Durusdinium","NCBI",83.63,5.85,"Autotrophic","NO"
"443","Sob3031","Chlorophyta",3088,"Tetradesmus obliquus",NA,NA,"P","H","H","Chlorophyceae","Chlorophyta","Sphaeropleales","Scenedesmaceae","Tetradesmus","JGI",89.6,1.2,"Autotrophic","NO"
"444","Sob3031","Chlorophyta",3088,"Tetradesmus obliquus",NA,NA,"P","H","H","Chlorophyceae","Chlorophyta","Sphaeropleales","Scenedesmaceae","Tetradesmus","JGI",94.5,1.1,"Autotrophic","NO"
"445","GCA_900660405.1","Stramenopiles",183589,"Pseudo-nitzschia multistriata",NA,NA,"H","H","P","Bacillariophyceae","Bacillariophyta","Bacillariales","Bacillariaceae","Pseudo-nitzschia","NCBI",86,1,"Autotrophic","NO"
"446","GCA_024862765.1","Alveolata",5871,"Babesia caballi",NA,NA,NA,"P",NA,"Aconoidasida","Apicomplexa","Piroplasmida","Babesiidae","Babesia","NCBI",79.03,5.9,"Parasite","NO"
"447","ChlreiCC4532","Chlorophyta",3055,"Chlamydomonas reinhardtii",NA,NA,"H","H","H","Chlorophyceae","Chlorophyta","Chlamydomonadales","Chlamydomonadaceae","Chlamydomonas","JGI",99.5,0.1,"Autotrophic","NO"
