Super_Group,Organism_Name,M_Strategy,Reference
Alveolata,Amoebophrya sp. AT5.2,Parasite,https://pmc.ncbi.nlm.nih.gov/articles/PMC6482013/
Alveolata,Polarella glacialis,Autotrophic,https://bmcbiol.biomedcentral.com/articles/10.1186/s12915-020-00782-8
Alveolata,Chromera velia CCMP2878,Autotrophic,https://pmc.ncbi.nlm.nih.gov/articles/PMC4501334/
Alveolata,Fugacium kawagutii,Endosymbiotic,https://pmc.ncbi.nlm.nih.gov/articles/PMC7023079/
Alveolata,Cladocopium goreaui,Endosymbiotic,https://pmc.ncbi.nlm.nih.gov/articles/PMC9412976/
Alveolata,Breviolum minutum,Endosymbiotic,https://pmc.ncbi.nlm.nih.gov/articles/PMC6972872/
Alveolata,Vitrella brassicaformis CCMP3155,Autotrophic,https://pmc.ncbi.nlm.nih.gov/articles/PMC4501334/
Alveolata,Tetrahymena thermophila SB210,Heterotroph,"https://pmc.ncbi.nlm.nih.gov/articles/PMC4896184/#:~:text=Tetrahymena%20Biology,extracts)%20or%20chemically%20defined%20media."
Alveolata,Toxoplasma gondii ME49,Parasite,https://www.ncbi.nlm.nih.gov/books/NBK7752/
Alveolata,Oxytricha trifallax,Heterotroph,https://www.sciencedirect.com/science/article/pii/S0932473916301341
Alveolata,Paramecium tetraurelia strain d4-2,Heterotroph,https://pmc.ncbi.nlm.nih.gov/articles/PMC8208649/
Alveolata,Symbiodinium microadriaticum,Endosymbiotic,"https://pmc.ncbi.nlm.nih.gov/articles/PMC4746876/#:~:text=The%20organism,1)."
Alveolata,Plasmodium vivax,Parasite,https://pmc.ncbi.nlm.nih.gov/articles/PMC6381214/
Alveolata,Plasmodium falciparum 3D7,Parasite,https://pmc.ncbi.nlm.nih.gov/articles/PMC6381214/
Alveolata,Plasmodium yoelii yoelii,Parasite,https://pmc.ncbi.nlm.nih.gov/articles/PMC6381214/
Alveolata,Theileria annulata,Parasite,https://www.sciencedirect.com/science/article/pii/S1471492221002816
Alveolata,Plasmodium knowlesi strain H,Parasite,https://pmc.ncbi.nlm.nih.gov/articles/PMC6381214/
Alveolata,Perkinsus marinus ATCC 50983,Parasite,https://www.nature.com/articles/s41598-021-92379-6
Alveolata,Cryptosporidium muris RN66,Parasite,https://pmc.ncbi.nlm.nih.gov/articles/PMC6381214/
Alveolata,Plasmodium falciparum HB3,Parasite,https://pmc.ncbi.nlm.nih.gov/articles/PMC6381214/
Alveolata,Toxoplasma gondii GT1,Parasite,https://pmc.ncbi.nlm.nih.gov/articles/PMC6381214/
Alveolata,Plasmodium falciparum Dd2,Parasite,https://pmc.ncbi.nlm.nih.gov/articles/PMC6381214/
Alveolata,Toxoplasma gondii VEG,Parasite,https://pmc.ncbi.nlm.nih.gov/articles/PMC6381214/
Alveolata,Plasmodium falciparum 7G8,Parasite,https://pmc.ncbi.nlm.nih.gov/articles/PMC6381214/
Alveolata,Cryptosporidium parvum Iowa II,Parasite,https://pmc.ncbi.nlm.nih.gov/articles/PMC6381214/
Alveolata,Theileria parva strain Muguga,Parasite,https://pmc.ncbi.nlm.nih.gov/articles/PMC7294229/
Alveolata,Babesia bovis T2Bo,Parasite,https://www.sciencedirect.com/science/article/pii/B9780124095274000158
Alveolata,Paramecium tetraurelia,Heterotroph,https://pmc.ncbi.nlm.nih.gov/articles/PMC8208649/
Alveolata,Plasmodium falciparum RAJ116,Parasite,https://pmc.ncbi.nlm.nih.gov/articles/PMC6381214/
Alveolata,Plasmodium falciparum IGH-CR14,Parasite,https://pmc.ncbi.nlm.nih.gov/articles/PMC6381214/
Alveolata,Neospora caninum Liverpool,Parasite,https://www.sciencedirect.com/topics/agricultural-and-biological-sciences/neospora-caninum
Alveolata,Cryptosporidium parvum,Parasite,https://pmc.ncbi.nlm.nih.gov/articles/PMC6381214/
Alveolata,Ichthyophthirius multifiliis,Parasite,https://www.sciencedirect.com/science/article/pii/B9780128165096000094
Alveolata,Gregarina niphandrodes,Parasite,https://onlinelibrary.wiley.com/doi/10.1111/j.1550-7408.1956.tb02433.x
Alveolata,Toxoplasma gondii RUB,Parasite,https://pmc.ncbi.nlm.nih.gov/articles/PMC6381214/
Alveolata,Toxoplasma gondii VAND,Parasite,https://pmc.ncbi.nlm.nih.gov/articles/PMC6381214/
Alveolata,Toxoplasma gondii MAS,Parasite,https://pmc.ncbi.nlm.nih.gov/articles/PMC6381214/
Alveolata,Toxoplasma gondii p89,Parasite,https://pmc.ncbi.nlm.nih.gov/articles/PMC6381214/
Alveolata,Toxoplasma gondii FOU,Parasite,https://pmc.ncbi.nlm.nih.gov/articles/PMC6381214/
Alveolata,Toxoplasma gondii ARI,Parasite,https://pmc.ncbi.nlm.nih.gov/articles/PMC6381214/
Alveolata,Toxoplasma gondii CAST,Parasite,https://pmc.ncbi.nlm.nih.gov/articles/PMC6381214/
Alveolata,Toxoplasma gondii TgCatPRC2,Parasite,https://pmc.ncbi.nlm.nih.gov/articles/PMC6381214/
Alveolata,Hammondia hammondi,Parasite,https://www.sciencedirect.com/science/article/pii/B9780120749034500169
Alveolata,Plasmodium vivax India VII,Parasite,https://pmc.ncbi.nlm.nih.gov/articles/PMC6381214/
Alveolata,Plasmodium vivax Brazil I,Parasite,https://pmc.ncbi.nlm.nih.gov/articles/PMC6381214/
Alveolata,Plasmodium vivax Mauritania I,Parasite,https://pmc.ncbi.nlm.nih.gov/articles/PMC6381214/
Alveolata,Plasmodium vivax North Korean,Parasite,https://pmc.ncbi.nlm.nih.gov/articles/PMC6381214/
Alveolata,Plasmodium cynomolgi strain B,Parasite,https://pmc.ncbi.nlm.nih.gov/articles/PMC6381214/
Alveolata,Toxoplasma gondii GAB2-2007-GAL-DOM2,Parasite,https://pmc.ncbi.nlm.nih.gov/articles/PMC6381214/
Alveolata,Theileria equi strain WA,Parasite,https://www.sciencedirect.com/science/article/pii/B9781455708925000404
Alveolata,Plasmodium falciparum NF54,Parasite,https://pmc.ncbi.nlm.nih.gov/articles/PMC6381214/
Alveolata,Plasmodium falciparum UGT5.1,Parasite,https://pmc.ncbi.nlm.nih.gov/articles/PMC6381214/
Alveolata,Eimeria necatrix,Parasite,https://www.sciencedirect.com/science/article/pii/S0921448811004366?via%3Dihub
Alveolata,Eimeria acervulina,Parasite,https://www.sciencedirect.com/science/article/pii/S0921448811004366?via%3Dihub
Alveolata,Eimeria praecox,Parasite,https://www.sciencedirect.com/science/article/pii/S0921448811004366?via%3Dihub
Alveolata,Eimeria tenella,Parasite,https://www.sciencedirect.com/science/article/pii/S0921448811004366?via%3Dihub
Alveolata,Eimeria maxima,Parasite,https://www.sciencedirect.com/science/article/pii/S0921448811004366?via%3Dihub
Alveolata,Eimeria brunetti,Parasite,https://www.sciencedirect.com/science/article/pii/S0921448811004366?via%3Dihub
Alveolata,Eimeria mitis,Parasite,https://www.sciencedirect.com/science/article/pii/S0921448811004366?via%3Dihub
Alveolata,Plasmodium yoelii 17X,Parasite,https://pmc.ncbi.nlm.nih.gov/articles/PMC6381214/
Alveolata,Plasmodium falciparum Vietnam Oak-Knoll (FVO),Parasite,https://pmc.ncbi.nlm.nih.gov/articles/PMC6381214/
Alveolata,Plasmodium falciparum MaliPS096_E11,Parasite,https://pmc.ncbi.nlm.nih.gov/articles/PMC6381214/
Alveolata,Plasmodium falciparum Tanzania (2000708),Parasite,https://pmc.ncbi.nlm.nih.gov/articles/PMC6381214/
Alveolata,Plasmodium falciparum NF135/5.C10,Parasite,https://pmc.ncbi.nlm.nih.gov/articles/PMC6381214/
Alveolata,Plasmodium falciparum Palo Alto/Uganda,Parasite,https://pmc.ncbi.nlm.nih.gov/articles/PMC6381214/
Alveolata,Plasmodium falciparum CAMP/Malaysia,Parasite,https://pmc.ncbi.nlm.nih.gov/articles/PMC6381214/
Alveolata,Plasmodium falciparum FCH/4,Parasite,https://pmc.ncbi.nlm.nih.gov/articles/PMC6381214/
Alveolata,Plasmodium inui San Antonio 1,Parasite,https://pmc.ncbi.nlm.nih.gov/articles/PMC6381214/
Alveolata,Plasmodium vinckei petteri,Parasite,https://pmc.ncbi.nlm.nih.gov/articles/PMC6381214/
Alveolata,Babesia microti strain RI,Parasite,https://pmc.ncbi.nlm.nih.gov/articles/PMC4649939/#R1
Alveolata,Plasmodium vinckei vinckei,Parasite,https://pmc.ncbi.nlm.nih.gov/articles/PMC6381214/
Alveolata,Plasmodium reichenowi,Parasite,https://pmc.ncbi.nlm.nih.gov/articles/PMC6381214/
Alveolata,Theileria orientalis strain Shintoku,Parasite,https://pmc.ncbi.nlm.nih.gov/articles/PMC8096294/
Alveolata,Stylonychia lemnae,Heterotroph,https://www.cambridge.org/core/journals/antarctic-science/article/provisional-checklist-of-terrestrial-heterotrophic-protists-from-antarctica/DC08D89ABDC5AF2CC83E38B1C6F1F78C
Alveolata,Cyclospora cayetanensis,Parasite,https://pmc.ncbi.nlm.nih.gov/articles/PMC10317703/
Alveolata,Plasmodium fragile,Parasite,https://pmc.ncbi.nlm.nih.gov/articles/PMC6381214/
Alveolata,Babesia bigemina,Parasite,https://www.sciencedirect.com/science/article/pii/B978143770173900004X
Alveolata,Pseudocohnilembus persalinus,Heterotroph,https://bmcgenomics.biomedcentral.com/articles/10.1186/s12864-018-5046-6
Alveolata,Cryptosporidium hominis,Parasite,https://pmc.ncbi.nlm.nih.gov/articles/PMC6381214/
Alveolata,Cryptosporidium meleagridis,Parasite,https://pmc.ncbi.nlm.nih.gov/articles/PMC6381214/
Alveolata,Plasmodium gaboni,Parasite,https://pmc.ncbi.nlm.nih.gov/articles/PMC6381214/
Alveolata,Cryptosporidium ubiquitum,Parasite,https://pmc.ncbi.nlm.nih.gov/articles/PMC6381214/
Alveolata,Cryptosporidium andersoni,Parasite,https://pmc.ncbi.nlm.nih.gov/articles/PMC6381214/
Alveolata,Babesia sp. Xinjiang,Parasite,https://www.sciencedirect.com/science/article/pii/B978143770173900004X
Alveolata,Plasmodium knowlesi,Parasite,https://pmc.ncbi.nlm.nih.gov/articles/PMC6381214/
Alveolata,Plasmodium gonderi,Parasite,https://pmc.ncbi.nlm.nih.gov/articles/PMC6381214/
Alveolata,Besnoitia besnoiti,Parasite,https://www.frontiersin.org/journals/veterinary-science/articles/10.3389/fvets.2024.1454855/full
Alveolata,Cystoisospora suis,Parasite,https://pmc.ncbi.nlm.nih.gov/articles/PMC4672278/
Alveolata,Babesia ovata,Parasite,https://www.sciencedirect.com/science/article/pii/B978143770173900004X
Alveolata,Theileria orientalis,Parasite,https://pmc.ncbi.nlm.nih.gov/articles/PMC8096294/
Alveolata,Cryptosporidium sp. chipmunk genotype I,Parasite,https://pmc.ncbi.nlm.nih.gov/articles/PMC6381214/
Alveolata,Cryptosporidium tyzzeri,Parasite,https://pmc.ncbi.nlm.nih.gov/articles/PMC6381214/
Alveolata,Cryptosporidium bovis,Parasite,https://pmc.ncbi.nlm.nih.gov/articles/PMC6381214/
Alveolata,Cryptosporidium ryanae,Parasite,https://pmc.ncbi.nlm.nih.gov/articles/PMC6381214/
Alveolata,Toxoplasma gondii,Parasite,https://pmc.ncbi.nlm.nih.gov/articles/PMC6381214/
Alveolata,Perkinsus olseni,Parasite,https://www.woah.org/fileadmin/Home/eng/Health_standards/aahm/current/2.4.06_P_OLSENI.pdf
Alveolata,Perkinsus chesapeaki,Parasite,https://www.woah.org/fileadmin/Home/eng/Health_standards/aahm/current/2.4.06_P_OLSENI.pdf
Alveolata,Cryptosporidium felis,Parasite,https://pmc.ncbi.nlm.nih.gov/articles/PMC6381214/
Alveolata,Cardiosporidium cionae,Parasite,https://www.sciencedirect.com/science/article/pii/S0932473907000752?via%3Dihub
Alveolata,Porospora cf. gigantea A,Parasite,https://bmcgenomics.biomedcentral.com/articles/10.1186/s12864-022-08700-8
Alveolata,Babesia ovis,Parasite,https://www.sciencedirect.com/science/article/pii/B978143770173900004X
Alveolata,Plasmodium brasilianum,Parasite,https://pmc.ncbi.nlm.nih.gov/articles/PMC6381214/
Alveolata,Cryptosporidium canis,Parasite,https://pmc.ncbi.nlm.nih.gov/articles/PMC6381214/
Alveolata,Babesia duncani,Parasite,https://www.sciencedirect.com/science/article/pii/B978143770173900004X
Alveolata,Babesia gibsoni,Parasite,https://www.sciencedirect.com/science/article/pii/B978143770173900004X
Alveolata,Cryptosporidium sp. 43IA8,Parasite,https://pmc.ncbi.nlm.nih.gov/articles/PMC6381214/
Alveolata,Cryptosporidium xiaoi,Parasite,https://pmc.ncbi.nlm.nih.gov/articles/PMC6381214/
Alveolata,Plasmodium chabaudi chabaudi,Parasite,https://pmc.ncbi.nlm.nih.gov/articles/PMC6381214/
Alveolata,Plasmodium berghei ANKA,Parasite,https://pmc.ncbi.nlm.nih.gov/articles/PMC6381214/
Alveolata,Plasmodium yoelii,Parasite,https://pmc.ncbi.nlm.nih.gov/articles/PMC6381214/
Alveolata,Plasmodium relictum,Parasite,https://pmc.ncbi.nlm.nih.gov/articles/PMC6381214/
Alveolata,Plasmodium gallinaceum,Parasite,https://pmc.ncbi.nlm.nih.gov/articles/PMC6381214/
Alveolata,Plasmodium berghei,Parasite,https://pmc.ncbi.nlm.nih.gov/articles/PMC6381214/
Alveolata,Plasmodium ovale wallikeri,Parasite,https://pmc.ncbi.nlm.nih.gov/articles/PMC6381214/
Alveolata,Plasmodium ovale curtisi,Parasite,https://pmc.ncbi.nlm.nih.gov/articles/PMC6381214/
Alveolata,Plasmodium malariae,Parasite,https://pmc.ncbi.nlm.nih.gov/articles/PMC6381214/
Alveolata,Plasmodium ovale,Parasite,https://pmc.ncbi.nlm.nih.gov/articles/PMC6381214/
Alveolata,Plasmodium chabaudi adami,Parasite,https://pmc.ncbi.nlm.nih.gov/articles/PMC6381214/
Alveolata,Plasmodium sp. gorilla clade G1,Parasite,https://pmc.ncbi.nlm.nih.gov/articles/PMC6381214/
Alveolata,Plasmodium sp. gorilla clade G2,Parasite,https://pmc.ncbi.nlm.nih.gov/articles/PMC6381214/
Alveolata,Plasmodium sp. gorilla clade G3,Parasite,https://pmc.ncbi.nlm.nih.gov/articles/PMC6381214/
Alveolata,Plasmodium sp. DRC-Itaito,Parasite,https://pmc.ncbi.nlm.nih.gov/articles/PMC6381214/
Alveolata,Hepatocystis sp. ex Piliocolobus tephrosceles,Parasite,https://pmc.ncbi.nlm.nih.gov/articles/PMC7425995/
Alveolata,Plasmodium vinckei brucechwatti,Parasite,https://pmc.ncbi.nlm.nih.gov/articles/PMC6381214/
Alveolata,Plasmodium vinckei lentum,Parasite,https://pmc.ncbi.nlm.nih.gov/articles/PMC6381214/
Alveolata,Plasmodium vinckei,Parasite,https://pmc.ncbi.nlm.nih.gov/articles/PMC6381214/
Alveolata,Amoebophrya sp. A120,Parasite,https://academic.oup.com/g3journal/article/15/4/jkaf030/8015395
Alveolata,Paramecium sonneborni,Heterotroph,https://pmc.ncbi.nlm.nih.gov/articles/PMC8208649/
Alveolata,Paramecium octaurelia,Heterotroph,https://pmc.ncbi.nlm.nih.gov/articles/PMC8208649/
Alveolata,Paramecium pentaurelia,Heterotroph,https://pmc.ncbi.nlm.nih.gov/articles/PMC8208649/
Alveolata,Symbiodinium natans,Endosymbiotic,https://www.sciencedirect.com/science/article/pii/S0065288122000141
Alveolata,Symbiodinium sp. CCMP2592,Endosymbiotic,https://www.sciencedirect.com/science/article/pii/S0065288122000141
Alveolata,Symbiodinium sp. KB8,Endosymbiotic,https://www.sciencedirect.com/science/article/pii/S0065288122000141
Alveolata,Symbiodinium sp. CCMP2456,Endosymbiotic,https://www.sciencedirect.com/science/article/pii/S0065288122000141
Alveolata,Symbiodinium pilosum,Endosymbiotic,https://www.sciencedirect.com/science/article/pii/S0065288122000141
Alveolata,Symbiodinium necroappetens,Endosymbiotic,https://www.sciencedirect.com/science/article/pii/S0065288122000141
Alveolata,Blepharisma stoltei,Heterotroph,https://www.jstor.org/stable/3222693?origin=crossref&seq=1
Alveolata,Moneuplotes crassus,Heterotroph,https://pmc.ncbi.nlm.nih.gov/articles/PMC1557398/
Alveolata,Durusdinium trenchii,Endosymbiotic,https://www.sciencedirect.com/science/article/pii/S0065288122000141
Alveolata,Effrenium voratum,Endosymbiotic,https://www.sciencedirect.com/science/article/pii/S0065288122000141
Alveolata,Paramecium primaurelia,Heterotroph,https://pmc.ncbi.nlm.nih.gov/articles/PMC8208649/
Alveolata,Babesia caballi,Parasite,https://www.sciencedirect.com/science/article/pii/B978143770173900004X
Chlorophyta,Coccomyxa subellipsoidea C-169,Autotrophic,Assumed
Chlorophyta,Apatococcus lobatus,Autotrophic,Assumed
Chlorophyta,[Myrmecia] bisecta,Autotrophic,Assumed
Chlorophyta,Elliptochloris bilobata,Autotrophic,Assumed
Chlorophyta,Desmodesmus armatus,Autotrophic,Assumed
Chlorophyta,Trebouxia sp. A1-2,Autotrophic,Assumed
Chlorophyta,Limnomonas spitsbergensis,Autotrophic,Assumed
Chlorophyta,Tetrabaena socialis,Autotrophic,Assumed
Chlorophyta,Chromochloris zofingiensis,Autotrophic,Assumed
Chlorophyta,Scenedesmus,Autotrophic,Assumed
Chlorophyta,Haematococcus lacustris,Autotrophic,Assumed
Chlorophyta,Volvox reticuliferus,Autotrophic,Assumed
Chlorophyta,Volvox africanus,Autotrophic,Assumed
Chlorophyta,Chlorella sorokiniana,Autotrophic,Assumed
Chlorophyta,Chlorella,Autotrophic,Assumed
Chlorophyta,Micractinium conductrix,Autotrophic,Assumed
Chlorophyta,Auxenochlorella protothecoides,Autotrophic,Assumed
Chlorophyta,Chlamydomonas eustigma,Autotrophic,Assumed
Chlorophyta,Trebouxiophyceae,Autotrophic,Assumed
Chlorophyta,Chlorellaceae sp.,Autotrophic,Assumed
Chlorophyta,Chloromonas remiasii,Autotrophic,Assumed
Chlorophyta,Raphidocelis subcapitata,Autotrophic,Assumed
Chlorophyta,Botryococcus braunii Showa,Autotrophic,Assumed
Chlorophyta,Astrephomene gubernaculifera,Autotrophic,Assumed
Chlorophyta,Ostreobium quekettii,Autotrophic,Assumed
Chlorophyta,Chlorella desiccata (nom. nud.),Autotrophic,Assumed
Chlorophyta,Helicosporidium sp. ATCC 50920,Autotrophic,Assumed
Chlorophyta,Pedinomonas minor,Autotrophic,Assumed
Chlorophyta,Pedinophyceae sp. YPF-701,Autotrophic,Assumed
Chlorophyta,Microglena sp. YARC,Autotrophic,Assumed
Chlorophyta,Micromonas,Autotrophic,Assumed
Chlorophyta,Chlamydomonas sp. UWO 241,Autotrophic,Assumed
Chlorophyta,Monoraphidium minutum,Autotrophic,Assumed
Chlorophyta,Tetradesmus deserticola,Autotrophic,Assumed
Chlorophyta,Flechtneria rotunda,Autotrophic,Assumed
Chlorophyta,Enallax costatus,Autotrophic,Assumed
Chlorophyta,Chlamydomonas schloesseri,Autotrophic,Assumed
Chlorophyta,Picocystis sp. ML,Autotrophic,Assumed
Chlorophyta,Chlamydomonas incerta,Autotrophic,Assumed
Chlorophyta,Edaphochlamys debaryana,Autotrophic,Assumed
Chlorophyta,Picochlorum sp. BH-2019,Autotrophic,Assumed
Chlorophyta,Picochlorum sp. 'soloecismus',Autotrophic,Assumed
Chlorophyta,Chlorella sp. A99,Autotrophic,Assumed
Chlorophyta,Tetraselmis striata,Autotrophic,Assumed
Chlorophyta,Caulerpa lentillifera,Autotrophic,Assumed
Chlorophyta,Volvox carteri,Autotrophic,Assumed
Chlorophyta,Symbiochloris reticulata,Autotrophic,Assumed
Chlorophyta,Ostreococcus tauri,Autotrophic,Assumed
Chlorophyta,Asterochloris sp. Cgr/DA1pho,Autotrophic,Assumed
Chlorophyta,Gonium pectorale,Autotrophic,Assumed
Chlorophyta,Monoraphidium neglectum,Autotrophic,Assumed
Chlorophyta,Bathycoccus prasinos RCC1105,Autotrophic,Assumed
Chlorophyta,Ulva mutabilis,Autotrophic,Assumed
Chlorophyta,Dunaliella salina,Autotrophic,Assumed
Chlorophyta,Micromonas commoda,Autotrophic,Assumed
Chlorophyta,Ostreococcus lucimarinus CCE9901,Autotrophic,Assumed
Chlorophyta,Volvox carteri f. nagariensis,Autotrophic,Assumed
Chlorophyta,Chlorella variabilis,Autotrophic,Assumed
Chlorophyta,Micromonas pusilla CCMP1545,Autotrophic,Assumed
Chlorophyta,Bathycoccus prasinos,Autotrophic,Assumed
Chlorophyta,Scenedesmus sp. NREL 46B-D3,Autotrophic,Assumed
Chlorophyta,Scenedesmus sp. PABB004,Autotrophic,Assumed
Chlorophyta,Pycnococcus provasolii,Autotrophic,Assumed
Chlorophyta,Coccomyxa sp. Obi,Autotrophic,Assumed
Chlorophyta,Chlorella vulgaris,Autotrophic,Assumed
Chlorophyta,Chlorella ohadii,Autotrophic,Assumed
Chlorophyta,Picochlorum sp. BPE23,Autotrophic,Assumed
Chlorophyta,Pleodorina starrii,Autotrophic,Assumed
Chlorophyta,Bryopsis sp. KO-2023,Autotrophic,Assumed
Chlorophyta,Prototheca wickerhamii,Autotrophic,Assumed
Chlorophyta,Picochlorum sp. SENEW3,Autotrophic,Assumed
Chlorophyta,Apatococcus fuscideae,Autotrophic,Assumed
Chlorophyta,Symbiochloris irregularis,Autotrophic,Assumed
Chlorophyta,Coccomyxa subellipsoidea,Autotrophic,Assumed
Chlorophyta,Trebouxia sp. C0004,Autotrophic,Assumed
Chlorophyta,Trebouxia sp. C0006,Autotrophic,Assumed
Chlorophyta,Trebouxia sp. C0005,Autotrophic,Assumed
Chlorophyta,Sanguina aurantia,Autotrophic,Assumed
Chlorophyta,Trebouxia sp. C0009 RCD-2024,Autotrophic,Assumed
Chlorophyta,Trebouxia sp. C0010 RCD-2024,Autotrophic,Assumed
Chlorophyta,Coccomyxa viridis,Autotrophic,Assumed
Chlorophyta,Coccomyxa elongata,Autotrophic,Assumed
Chlorophyta,Tetradesmus obliquus,Autotrophic,Assumed
Chlorophyta,Chlamydomonas reinhardtii,Autotrophic,Assumed
Chlorophyta,Cymbomonas tetramitiformis,Mixotroph,https://pubmed.ncbi.nlm.nih.gov/28066124/
Chlorophyta,Chloropicon roscoffensis,Autotrophic,Assumed
Chlorophyta,Chloropicon primus,Autotrophic,Assumed
Discoba,Euglena gracilis,Mixotroph,https://www.sciencedirect.com/science/article/pii/B9780123914996000037
Discoba,Trypanosoma brucei brucei TREU927,Parasite,https://pmc.ncbi.nlm.nih.gov/articles/PMC6381214/
Discoba,Leishmania major strain Friedlin,Parasite,https://pmc.ncbi.nlm.nih.gov/articles/PMC6381214/
Discoba,Leishmania braziliensis MHOM/BR/75/M2904,Parasite,https://pmc.ncbi.nlm.nih.gov/articles/PMC6381214/
Discoba,Leishmania infantum JPCM5,Parasite,https://pmc.ncbi.nlm.nih.gov/articles/PMC6381214/
Discoba,Naegleria gruberi,Heterotroph,https://www.sciencedirect.com/science/article/pii/S1567134811002784
Discoba,Trypanosoma cruzi,Parasite,https://pmc.ncbi.nlm.nih.gov/articles/PMC6381214/
Discoba,Trypanosoma brucei gambiense DAL972,Parasite,https://pmc.ncbi.nlm.nih.gov/articles/PMC6381214/
Discoba,Leishmania donovani,Parasite,https://pmc.ncbi.nlm.nih.gov/articles/PMC6381214/
Discoba,Leishmania mexicana MHOM/GT/2001/U1103,Parasite,https://pmc.ncbi.nlm.nih.gov/articles/PMC6381214/
Discoba,Trypanosoma cruzi marinkellei,Parasite,https://pmc.ncbi.nlm.nih.gov/articles/PMC6381214/
Discoba,Strigomonas culicis,Parasite,https://pmc.ncbi.nlm.nih.gov/articles/PMC6381214/
Discoba,Angomonas deanei,Parasite,https://pmc.ncbi.nlm.nih.gov/articles/PMC11280109/
Discoba,Trypanosoma rangeli SC58,Parasite,https://pmc.ncbi.nlm.nih.gov/articles/PMC6381214/
Discoba,Trypanosoma cruzi Dm28c,Parasite,https://pmc.ncbi.nlm.nih.gov/articles/PMC6381214/
Discoba,Phytomonas sp. EM1,Parasite,https://www.sciencedirect.com/science/article/pii/S1286457907001645
Discoba,Trypanosoma grayi,Parasite,https://pmc.ncbi.nlm.nih.gov/articles/PMC6381214/
Discoba,Leishmania panamensis,Parasite,https://pmc.ncbi.nlm.nih.gov/articles/PMC6381214/
Discoba,Phytomonas sp. Hart1,Parasite,https://pmc.ncbi.nlm.nih.gov/articles/PMC4301809/
Discoba,Perkinsela sp. CCAP 1560/4,Parasite,https://pmc.ncbi.nlm.nih.gov/articles/PMC4669381/
Discoba,Leptomonas pyrrhocoris,Parasite,https://www.sciencedirect.com/science/article/abs/pii/B9780123868992000117
Discoba,Leptomonas seymouri,Parasite,https://www.sciencedirect.com/science/article/abs/pii/B9780123868992000117
Discoba,Trypanosoma equiperdum,Parasite,https://pmc.ncbi.nlm.nih.gov/articles/PMC6381214/
Discoba,Bodo saltans,Heterotroph,https://pmc.ncbi.nlm.nih.gov/articles/PMC2621209/
Discoba,Trypanosoma theileri,Parasite,https://pmc.ncbi.nlm.nih.gov/articles/PMC6381214/
Discoba,Trypanosoma cruzi cruzi,Parasite,https://pmc.ncbi.nlm.nih.gov/articles/PMC6381214/
Discoba,Naegleria lovaniensis,Heterotroph,https://www.sciencedirect.com/science/article/pii/S1567134811002784
Discoba,Trypanosoma brucei equiperdum,Parasite,https://pmc.ncbi.nlm.nih.gov/articles/PMC6381214/
Discoba,Trypanosoma rangeli,Parasite,https://pmc.ncbi.nlm.nih.gov/articles/PMC6381214/
Discoba,Trypanosoma conorhini,Parasite,https://pmc.ncbi.nlm.nih.gov/articles/PMC6381214/
Discoba,Naegleria fowleri,Heterotroph,https://www.sciencedirect.com/science/article/pii/S1567134811002784
Discoba,Leishmania tarentolae,Parasite,https://pmc.ncbi.nlm.nih.gov/articles/PMC6381214/
Discoba,Leishmania enriettii,Parasite,https://pmc.ncbi.nlm.nih.gov/articles/PMC6381214/
Discoba,Leishmania martiniquensis,Parasite,https://pmc.ncbi.nlm.nih.gov/articles/PMC6381214/
Discoba,Leishmania orientalis,Parasite,https://pmc.ncbi.nlm.nih.gov/articles/PMC6381214/
Discoba,Leishmania sp. Ghana 2012 LV757,Parasite,https://pmc.ncbi.nlm.nih.gov/articles/PMC6381214/
Discoba,Leishmania sp. Namibia,Parasite,https://pmc.ncbi.nlm.nih.gov/articles/PMC6381214/
Discoba,Porcisia hertigi,Parasite,https://www.frontiersin.org/journals/cellular-and-infection-microbiology/articles/10.3389/fcimb.2022.981071/full
Discoba,Novymonas esmeraldas,Parasite,https://www.cambridge.org/core/journals/parasitology/article/farming-slaving-and-enslavement-histories-of-endosymbioses-during-kinetoplastid-evolution/095241E20A9B1A63236BA3D4648C42E6
Discoba,Trypanosoma vivax,Parasite,https://pmc.ncbi.nlm.nih.gov/articles/PMC6381214/
Discoba,Trypanosoma melophagium,Parasite,https://pmc.ncbi.nlm.nih.gov/articles/PMC6381214/
Discoba,Leishmania braziliensis,Parasite,https://pmc.ncbi.nlm.nih.gov/articles/PMC6381214/
Discoba,Acrasis kona,Heterotroph,https://www.sciencedirect.com/science/article/pii/S0932473911000757?via%3Dihub
Discoba,Diplonema papillatum,Heterotroph,https://www.sciencedirect.com/science/article/pii/S0960982215005035?via%3Dihub
Discoba,Leishmania utingensis,Parasite,https://pmc.ncbi.nlm.nih.gov/articles/PMC6381214/
Discoba,Leishmania shawi,Parasite,https://pmc.ncbi.nlm.nih.gov/articles/PMC6381214/
Discoba,Leishmania naiffi,Parasite,https://pmc.ncbi.nlm.nih.gov/articles/PMC6381214/
Discoba,Leishmania lindenbergi,Parasite,https://pmc.ncbi.nlm.nih.gov/articles/PMC6381214/
Discoba,Leishmania infantum,Parasite,https://pmc.ncbi.nlm.nih.gov/articles/PMC6381214/
Metamonada,Giardia lamblia ATCC 50803,Parasite,https://pmc.ncbi.nlm.nih.gov/articles/PMC6381214/
Metamonada,Trichomonas vaginalis G3,Parasite,https://pmc.ncbi.nlm.nih.gov/articles/PMC4677781/
Metamonada,Giardia intestinalis,Parasite,https://pmc.ncbi.nlm.nih.gov/articles/PMC6381214/
Metamonada,Giardia intestinalis ATCC 50581,Parasite,https://pmc.ncbi.nlm.nih.gov/articles/PMC6381214/
Metamonada,Giardia lamblia P15,Parasite,https://pmc.ncbi.nlm.nih.gov/articles/PMC6381214/
Metamonada,Spironucleus salmonicida,Parasite,https://pmc.ncbi.nlm.nih.gov/articles/PMC3916229/
Metamonada,Giardia intestinalis assemblage B,Parasite,https://pmc.ncbi.nlm.nih.gov/articles/PMC6381214/
Metamonada,Monocercomonoides exilis,Heterotroph,https://www.sciencedirect.com/science/article/pii/S0960982216302639?via%3Dihub
Metamonada,Tritrichomonas foetus,Parasite,https://veterinaryresearch.biomedcentral.com/articles/10.1186/s13567-015-0169-0
Metamonada,Kipferlia bialata,Parasite,https://www.sciencedirect.com/science/article/pii/S1434461013000199
Metamonada,Giardia muris,Parasite,https://pmc.ncbi.nlm.nih.gov/articles/PMC6381214/
Metamonada,Streblomastix strix,Heterotroph,https://onlinelibrary.wiley.com/doi/10.1111/j.1550-7408.2004.tb00569.x
Metamonada,Carpediemonas membranifera,Heterotroph,https://pdf.sciencedirectassets.com/273189/1-s2.0-S0932473999X80448/1-s2.0-S0932473999800443/main.pdf?X-Amz-Security-Token=IQoJb3JpZ2luX2VjEB4aCXVzLWVhc3QtMSJHMEUCIQDJWM7D4EGicML65CN5I8CDxf64%2FO9i43TMhVP9ObIJAQIgNI2HOhOq%2BIVeUiu7M1z3bV1P9C9YjUikMtYRJBL2rJoqvAUI9%2F%2F%2F%2F%2F%2F%2F%2F%2F%2F%2FARAFGgwwNTkwMDM1NDY4NjUiDORdieGWf1Fj%2BffARCqQBajR%2FPtHG7bNohFcDnfBotMqrbPAvlgsTciZozg%2FINYdaF7aarjs0sFtsFM%2F0tcp0rdKxC3ySF5FQWvXPZAkOsjE74UWgN%2Brn23T%2BV9JVOnZcB3496JWwkVzd%2BE%2BWmOzgYOp2aNrfyPGrSdsvy6aDVAL43c5WLyj8f7jSq5OtS0QimQTESK5pQaWKVNOKqWmti1aPBT4zwuukbWZm48fkWeQ7lkDxH8SeetqkxlkvMNwdcTOp9lyNpNIXUpnFYrPyZmOheoH75P0tNtDXC570BAvzZL%2BlvfjTC225iA4duBjp4P%2FQwK3mS0yo1bgGynqhnty3amVXOek51ekgbpj7YG%2FN2pl36sQ3klBSWu%2BL%2BiEr8TSr55%2BJk6t%2BBTf2lq5XbJfovyfPhN7kJ%2Fqf%2B6SttMt080a4mRfK%2BFIv%2FpYdXYWbwYUWD79Bu0mp2%2FIkty19Uurr%2FdAm%2Bz2sPKDK4TCKt%2FXR9VVdYutpedxroyZgXJxL4jvupmD5WdQeIVCKtFJLdLS5ipmRqY7gqD79LGJtGfbtF7v%2Bs0tqpiv1o1tlwUD8Y7YsdzoB1LKxF9pkpzCiGlV3ha0rh8MMqzoAQLKIKaqIX7aOzFF3Ie9dZciBzTGVodE5cU59klrpyE9NgQahiJAi%2FqhU9K3kxGXEJtFehirYyA4AqyhIdHD9gC1mFRSdzkU3CC7EnHTSAByCt%2FeWUhYCF4wD5N0TV%2BOMBtFc74YS8NS42m8Z5Vt2mQwAmbtjYUZiHxtSeWtqa9S7%2FJrw1sPx83qO4BxOR%2BmdEZsTmnybvBMfpe1%2FQ1S6TSZ7aZiTrslQMHvZ0cuLwSL3jggB%2BH6UZXdupcno4S0D8b5vu%2B28Gu4ZWctC6dHs%2B604O6BMMSMrcIGOrEBTM3Vy9L4lw8JaD00xyQIRyMwQFE7H5%2F%2FRLhRg8o8Hg45XmOfmx6LkNi%2By4HIheegBlvzdSAk7MTqT9aoPwj843qEyUaWrhKZBRKRoSQ6LKpwjHpj0I5xNAq2V1f10DTi6SxCBhGsmu1nbqBcxWO0Bksy%2BHJFOy3yKl1oZ6iFR64RrEE32qGARv6ZZnB%2FwQX95qj3L2IN7atVCvcXTFqcESVT5D3howa4MAu71frmLb8r&X-Amz-Algorithm=AWS4-HMAC-SHA256&X-Amz-Date=20250612T220148Z&X-Amz-SignedHeaders=host&X-Amz-Expires=300&X-Amz-Credential=ASIAQ3PHCVTY3B4LRECG%2F20250612%2Fus-east-1%2Fs3%2Faws4_request&X-Amz-Signature=9371870d6808fda1d02436965a50ce3470a1f211729c5a35668febaac5ab2da0&hash=3626ffd81e2f2f8ef9df9f319cff3c3bffdf96ccff65a0348a7b6e8cd689758a&host=68042c943591013ac2b2430a89b270f6af2c76d8dfd086a07176afe7c76c2c61&pii=S0932473999800443&tid=spdf-f5aebec7-5f0a-4991-8a94-6f0561405eb3&sid=76cd30eb4550014e103aff04ba25ea8af64fgxrqa&type=client&tsoh=d3d3LnNjaWVuY2VkaXJlY3QuY29t&rh=d3d3LnNjaWVuY2VkaXJlY3QuY29t&ua=0f1057550b0d0f5f080a&rr=94eca0feba412530&cc=us
Metamonada,Histomonas meleagridis,Parasite,https://www.sciencedirect.com/science/article/pii/S0032579119409383?via%3Dihub
Metamonada,Aduncisulcus paluster,Heterotroph,https://www.sciencedirect.com/science/article/pii/S1434461016300621
Metamonada,Anaeramoeba flamelloides,Heterotroph,https://journals.plos.org/plosgenetics/article?id=10.1371/journal.pgen.1011047
Metamonada,Paratrimastix pyriformis,Heterotroph,https://journals.plos.org/plosgenetics/article?id=10.1371/journal.pgen.1011048
Metamonada,Anaeramoeba ignava,Heterotroph,https://journals.plos.org/plosgenetics/article?id=10.1371/journal.pgen.1011049
Metamonada,Blattamonas nauphoetae,Heterotroph,https://journals.plos.org/plosgenetics/article?id=10.1371/journal.pgen.1011050
Metamonada,Tritrichomonas musculus,Heterotroph,https://parasitesandvectors.biomedcentral.com/articles/10.1186/s13071-024-06343-0
Metamonada,Barthelona sp. PCE,Heterotroph,https://www.tandfonline.com/doi/epdf/10.1080/00785236.1999.10409422?needAccess=true
Metamonada,Hexamita inflata,Heterotroph,https://www.sciencedirect.com/science/article/pii/S0166685103000252
Rhizaria,Reticulomyxa filosa,Heterotroph,https://www.sciencedirect.com/science/article/pii/S1434461008000448
Rhizaria,Bigelowiella natans CCMP2755,Mixotroph,https://www.sciencedirect.com/science/article/pii/S0176161717301475
Rhizaria,Plasmodiophora brassicae,Heterotroph,https://pmc.ncbi.nlm.nih.gov/articles/PMC9831288/
Rhizaria,Marteilia pararefringens,Parasite,https://pubmed.ncbi.nlm.nih.gov/29886855/
Rhizaria,Paramarteilia canceri,Parasite,https://academic.oup.com/jcb/article/44/3/ruae029/7716288
Rhizaria,Cercozoa sp. M6MM,Heterotroph,https://bmcbiol.biomedcentral.com/articles/10.1186/s12915-024-01898-x
Rhizaria,Bonamia ostreae,Parasite,https://www.sciencedirect.com/science/article/pii/S0044848625000390
Rhizaria,Lotharella oceanica,Mixotroph,https://research.arcadiascience.com/pub/result-chlorarachniophyte-extensions/release/5/
Rhizaria,Paulinella micropora,Autotrophic,https://www.pnas.org/doi/10.1073/pnas.2121241119
Rhodophyta,Cyanidioschyzon merolae strain 10D,Autotrophic,Assumed
Rhodophyta,Galdieria sulphuraria,Mixotroph,https://pmc.ncbi.nlm.nih.gov/articles/PMC8252106/
Rhodophyta,Chondrus crispus,Autotrophic,Assumed
Rhodophyta,Porphyra umbilicalis,Autotrophic,Assumed
Rhodophyta,Gracilariopsis chorda,Autotrophic,Assumed
Rhodophyta,Porphyridium purpureum,Autotrophic,Assumed
Rhodophyta,Pyropia yezoensis,Autotrophic,Assumed
Rhodophyta,Cyanidiococcus yangmingshanensis,Autotrophic,Assumed
Rhodophyta,Gracilaria domingensis,Autotrophic,Assumed
Rhodophyta,Galdieria partita,Mixotroph,https://pmc.ncbi.nlm.nih.gov/articles/PMC6971183/
Rhodophyta,Galdieria yellowstonensis,Mixotroph,https://pmc.ncbi.nlm.nih.gov/articles/PMC6971183/
Rhodophyta,Cyanidium caldarium,Autotrophic,Assumed
Rhodophyta,Rhodosorus marinus,Autotrophic,Assumed
Rhodophyta,Pyropia vietnamensis,Autotrophic,Assumed
Stramenopiles,Bremia lactucae,Heterotroph,https://pmc.ncbi.nlm.nih.gov/articles/PMC6570648/
Stramenopiles,Peronosclerospora sorghi,Heterotroph,https://www.sciencedirect.com/science/article/pii/S1568988324000015?via%3Dihub
Stramenopiles,Peronospora effusa,Heterotroph,https://www.sciencedirect.com/science/article/pii/S1568988324000015?via%3Dihub
Stramenopiles,Parmales sp. scaly parma,Mixotroph,https://pubmed.ncbi.nlm.nih.gov/37420035/
Stramenopiles,Triparma laevis f. inornata,Mixotroph,https://pmc.ncbi.nlm.nih.gov/articles/PMC10328945/
Stramenopiles,Cylindrotheca closterium,Autotrophic,https://pmc.ncbi.nlm.nih.gov/articles/PMC10328945/
Stramenopiles,Nannochloropsis salina CCMP1776,Mixotroph,https://biotechnologyforbiofuels.biomedcentral.com/articles/10.1186/s13068-025-02617-6
Stramenopiles,Nannochloropsis sp.,Autotrophic,https://biotechnologyforbiofuels.biomedcentral.com/articles/10.1186/s13068-025-02617-6
Stramenopiles,Bacillariaceae,Autotrophic,https://pmc.ncbi.nlm.nih.gov/articles/PMC10328945/
Stramenopiles,Conticribra weissflogii,Autotrophic,https://pmc.ncbi.nlm.nih.gov/articles/PMC10328945/
Stramenopiles,Entomoneis,Autotrophic,https://pmc.ncbi.nlm.nih.gov/articles/PMC10328945/
Stramenopiles,Sargassum fusiforme,Autotrophic,https://www.sciencedirect.com/science/article/pii/S0045653520328009?via%3Dihub
Stramenopiles,Nannochloropsis oceanica,Autotrophic,https://biotechnologyforbiofuels.biomedcentral.com/articles/10.1186/s13068-025-02617-6
Stramenopiles,Seminavis robusta,Autotrophic,https://pmc.ncbi.nlm.nih.gov/articles/PMC10328945/
Stramenopiles,Undaria pinnatifida,Autotrophic,https://link.springer.com/article/10.1007/s00227-019-3593-2
Stramenopiles,Fistulifera solaris,Autotrophic,https://onlinelibrary.wiley.com/doi/abs/10.1111/pre.12066
Stramenopiles,Cyclotella cryptica,Autotrophic,https://onlinelibrary.wiley.com/doi/epdf/10.1111/j.1438-8677.1997.tb00617.x
Stramenopiles,Mayamaea pseudoterrestris,Autotrophic,https://pmc.ncbi.nlm.nih.gov/articles/PMC10328945/
Stramenopiles,Fragilaria crotonensis,Autotrophic,https://pmc.ncbi.nlm.nih.gov/articles/PMC10328945/
Stramenopiles,Chaetoceros tenuissimus,Autotrophic,https://pmc.ncbi.nlm.nih.gov/articles/PMC10328945/
Stramenopiles,Nitzschia putrida,Heterotroph,https://pmc.ncbi.nlm.nih.gov/articles/PMC9054022/
Stramenopiles,Alaria esculenta,Autotrophic,https://www.sciencedirect.com/science/article/pii/S2211926422003228
Stramenopiles,Monodopsis,Autotrophic,Assumed
Stramenopiles,Vischeria,Autotrophic,Assumed
Stramenopiles,Macrocystis pyrifera,Autotrophic,https://nph.onlinelibrary.wiley.com/doi/10.1111/j.1469-8137.2006.01951.x
Stramenopiles,Cafeteria roenbergensis,Heterotroph,https://enviromicro-journals.onlinelibrary.wiley.com/doi/10.1111/j.1462-2920.2007.01378.x
Stramenopiles,Hyphochytrium catenoides,Heterotroph,https://royalsocietypublishing.org/doi/10.1098/rsob.170184
Stramenopiles,Labyrinthula sp. Ha,Heterotroph,https://www.frontiersin.org/journals/microbiology/articles/10.3389/fmicb.2024.1410195/full
Stramenopiles,Hondaea fermentalgiana,Heterotroph,https://www.sciencedirect.com/science/article/pii/S2211926418302431
Stramenopiles,Nitzschia,Autotrophic,https://bsapubs.onlinelibrary.wiley.com/doi/10.1002/ajb2.1267
Stramenopiles,Tribonema minus,Mixotroph,https://biotechnologyforbiofuels.biomedcentral.com/articles/10.1186/s13068-018-1329-z
Stramenopiles,Hyaloperonospora arabidopsidis Emoy2,Heterotroph,https://www.science.org/doi/10.1126/science.1195203
Stramenopiles,Nemacystus decipiens,Autotrophic,https://www.nature.com/articles/s41598-019-40955-2
Stramenopiles,Cladosiphon okamuranus,Autotrophic,https://pmc.ncbi.nlm.nih.gov/articles/PMC5144679/
Stramenopiles,Ochromonas sp. CCMP1393,Mixotroph,https://www.tandfonline.com/doi/full/10.2216/11-13.1
Stramenopiles,Paraphysomonas imperforata,Heterotroph,https://aslopubs.onlinelibrary.wiley.com/doi/10.4319/lo.1999.44.1.0037
Stramenopiles,Minidiscus trioculatus,Autotrophic,https://www.sciencedirect.com/science/article/pii/S0181156800010515
Stramenopiles,Blastocystis hominis,Parasite,https://www.sciencedirect.com/science/article/pii/S1876034117301016
Stramenopiles,Saprolegnia parasitica CBS 223.65,Heterotroph,https://www.nature.com/articles/s41598-022-16553-0
Stramenopiles,Ectocarpus siliculosus,Autotrophic,https://nph.onlinelibrary.wiley.com/doi/10.1111/j.1469-8137.2007.02304.x
Stramenopiles,Phytophthora infestans T30-4,Heterotroph,https://www.pnas.org/doi/10.1073/pnas.1401884111
Stramenopiles,Thalassiosira oceanica CCMP1005,Autotrophic,https://www.pnas.org/doi/10.1073/pnas.1821233116
Stramenopiles,Pelagophyceae sp. CCMP2097,Autotrophic,Assumed
Stramenopiles,Ochromonadaceae sp. CCMP2298,Autotrophic,Assumed
Stramenopiles,Phytophthora sojae,Heterotroph,https://www.nature.com/articles/s41564-023-01420-z
Stramenopiles,Aureococcus anophagefferens,Autotrophic,https://www.sciencedirect.com/science/article/pii/B9780123855299000019
Stramenopiles,Schizochytrium aggregatum ATCC 28209,Heterotroph,"https://phycocosm.jgi.doe.gov/Schag1/Schag1.home.html#:~:text=Their%20abundance%20in%20the%20ocean,grass%20or%20even%20animal%20tissues."
Stramenopiles,Aplanochytrium kerguelense,Heterotroph,https://phycocosm.jgi.doe.gov/Aplke1/Aplke1.home.html
Stramenopiles,Phytophthora cinnamomi var. cinnamomi,Heterotroph,https://bsppjournals.onlinelibrary.wiley.com/doi/10.1111/mpp.12568
Stramenopiles,Aurantiochytrium limacinum ATCC MYA-1381,Heterotroph,"https://phycocosm.jgi.doe.gov/Aurli1/Aurli1.home.html#:~:text=Composite%20of%20the%20same%20Aurantiochytrium,cycle%20and%20other%20biogeochemical%20cycles."
Stramenopiles,Pseudo-nitzschia multiseries,Autotrophic,https://mycocosm.jgi.doe.gov/Psemu1/Psemu1.home.html
Stramenopiles,Saccharina japonica,Autotrophic,Assumed
Stramenopiles,Thalassiosira pseudonana CCMP1335,Autotrophic,https://bmcecolevol.biomedcentral.com/articles/10.1186/1471-2148-11-125
Stramenopiles,Phaeodactylum tricornutum CCAP 1055/1,Autotrophic,https://www.pnas.org/doi/10.1073/pnas.0711370105
Stramenopiles,Saprolegnia diclina VS20,Heterotroph,https://academic.oup.com/femsle/article-abstract/279/1/23/498904?redirectedFrom=fulltext
Stramenopiles,Thalassiosira oceanica,Autotrophic,https://www.pnas.org/doi/10.1073/pnas.0711370105
Stramenopiles,Phytophthora kernoviae 00238/432,Heterotroph,https://www.sciencedirect.com/science/article/pii/S0953756208602026
Stramenopiles,Phytophthora nicotianae P1569,Heterotroph,https://oajournals.fupress.net/index.php/pm/article/view/5646
Stramenopiles,Phytophthora nicotianae P1976,Heterotroph,https://oajournals.fupress.net/index.php/pm/article/view/5646
Stramenopiles,Phytophthora nicotianae CJ01A1,Heterotroph,https://oajournals.fupress.net/index.php/pm/article/view/5646
Stramenopiles,Phytophthora nicotianae P10297,Heterotroph,https://oajournals.fupress.net/index.php/pm/article/view/5646
Stramenopiles,Phytophthora nicotianae,Heterotroph,https://oajournals.fupress.net/index.php/pm/article/view/5646
Stramenopiles,Aphanomyces astaci,Heterotroph,https://www.nature.com/articles/s41598-021-88704-8
Stramenopiles,Aphanomyces invadans,Heterotroph,https://www.sciencedirect.com/science/article/pii/S1749461318300162
Stramenopiles,Blastocystis sp. subtype 4,Parasite,Assumed
Stramenopiles,Phytophthora kernoviae,Heterotroph,https://www.sciencedirect.com/science/article/pii/S0953756208602026
Stramenopiles,Pythium insidiosum,Heterotroph,https://pmc.ncbi.nlm.nih.gov/articles/PMC11390559/
Stramenopiles,Albugo candida,Heterotroph,https://www.sciencedirect.com/science/article/pii/S0885576504000098
Stramenopiles,Blastocystis sp. ATCC 50177/Nand II,Parasite,Assumed
Stramenopiles,Nothophytophthora sp. Chile5,Heterotroph,https://pmc.ncbi.nlm.nih.gov/articles/PMC5832951/
Stramenopiles,Fragilariopsis cylindrus CCMP1102,Autotrophic,https://pubmed.ncbi.nlm.nih.gov/36856453/
Stramenopiles,Thraustotheca clavata,Heterotroph,https://academic.oup.com/gbe/article/7/1/120/601821
Stramenopiles,Achlya hypogyna,Heterotroph,https://academic.oup.com/gbe/article/7/1/120/601821
Stramenopiles,Phytophthora palmivora,Heterotroph,https://www.sciencedirect.com/science/article/pii/B978044318694300002X
Stramenopiles,Phytophthora cactorum,Heterotroph,https://pmc.ncbi.nlm.nih.gov/articles/PMC10423333/
Stramenopiles,Pythium oligandrum,Heterotroph,https://pubmed.ncbi.nlm.nih.gov/22977087/
Stramenopiles,Globisporangium splendens,Heterotroph,https://pmc.ncbi.nlm.nih.gov/articles/PMC7163027/
Stramenopiles,[Pythium] brassicae (nom. inval.),Heterotroph,Assumed
Stramenopiles,Phytophthora fragariae,Heterotroph,https://pmc.ncbi.nlm.nih.gov/articles/PMC7174552/
Stramenopiles,Phytophthora rubi,Heterotroph,https://www.tandfonline.com/doi/full/10.1080/07060661.2023.2175912
Stramenopiles,Aphanomyces euteiches,Heterotroph,https://www.frontiersin.org/journals/plant-science/articles/10.3389/fpls.2024.1332976/full
Stramenopiles,Aphanomyces stellatus,Heterotroph,https://onlinelibrary.wiley.com/doi/10.1046/j.1365-2761.2003.00448.x
Stramenopiles,Phytophthora infestans,Heterotroph,https://pmc.ncbi.nlm.nih.gov/articles/PMC8707485/
Stramenopiles,Phytophthora capsici,Heterotroph,https://pubmed.ncbi.nlm.nih.gov/37257056/
Stramenopiles,Phytophthora idaei,Heterotroph,https://pmc.ncbi.nlm.nih.gov/articles/PMC8285097/
Stramenopiles,Phytophthora cinnamomi,Heterotroph,https://bsppjournals.onlinelibrary.wiley.com/doi/10.1111/mpp.12568
Stramenopiles,Phytophthora aleatoria,Heterotroph,https://link.springer.com/article/10.1007/s13313-019-00631-5
Stramenopiles,Nitzschia inconspicua,Autotrophic,https://phycocosm.jgi.doe.gov/Nithil2/Nithil2.home.html
Stramenopiles,Phytophthora boehmeriae,Heterotroph,https://link.springer.com/article/10.1007/s40858-022-00548-3
Stramenopiles,Phytophthora ramorum,Heterotroph,https://pubmed.ncbi.nlm.nih.gov/16078887/
Stramenopiles,Lagenidium giganteum,Parasite,https://pubmed.ncbi.nlm.nih.gov/17853597/
Stramenopiles,Chrysophaeum taylorii,Autotrophic,https://www.nature.com/articles/s41598-023-38042-8
Stramenopiles,Tetraparma gracilis,Mixotroph,https://www.nature.com/articles/s42003-023-05002-x
Stramenopiles,Triparma retinervis,Mixotroph,https://www.nature.com/articles/s42003-023-05002-x
Stramenopiles,Phytophthora lilii,Heterotroph,https://pmc.ncbi.nlm.nih.gov/articles/PMC5729710/
Stramenopiles,Phytophthora fragariaefolia,Heterotroph,https://pmc.ncbi.nlm.nih.gov/articles/PMC7174552/
Stramenopiles,Triparma laevis f. longispina,Mixotroph,https://www.nature.com/articles/s42003-023-05002-x
Stramenopiles,Triparma verrucosa,Mixotroph,https://www.nature.com/articles/s42003-023-05002-x
Stramenopiles,Triparma strigata,Mixotroph,https://www.nature.com/articles/s42003-023-05002-x
Stramenopiles,Triparma columacea,Mixotroph,https://www.nature.com/articles/s42003-023-05002-x
Stramenopiles,Skeletonema marinoi,Autotrophic,https://www.nature.com/articles/s41598-019-41085-5
Stramenopiles,Phytophthora citrophthora,Heterotroph,https://pmc.ncbi.nlm.nih.gov/articles/PMC10751748/
Stramenopiles,Blastocystis sp. BT1,Parasite,Assumed
Stramenopiles,Blastocystis sp. NMH,Parasite,Assumed
Stramenopiles,Blastocystis sp. Blastoise,Parasite,Assumed
Stramenopiles,Blastocystis sp. JDR,Parasite,Assumed
Stramenopiles,Blastocystis sp. DL,Parasite,Assumed
Stramenopiles,Plasmopara halstedii,Heterotroph,https://pmc.ncbi.nlm.nih.gov/articles/PMC6638465/
Stramenopiles,Ectocarpus sp. CCAP 1310/34,Autotrophic,Assumed
Stramenopiles,Pelagomonas calceolata,Autotrophic,https://www.nature.com/articles/s42003-022-03939-z
Stramenopiles,Peronospora belbahrii,Heterotroph,https://pubmed.ncbi.nlm.nih.gov/28437138/
Stramenopiles,Peronospora farinosa,Heterotroph,https://pubmed.ncbi.nlm.nih.gov/17509849/
Stramenopiles,Peronospora matthiolae,Heterotroph,https://pubmed.ncbi.nlm.nih.gov/30841213/
Stramenopiles,Hyaloperonospora brassicae,Heterotroph,https://pmc.ncbi.nlm.nih.gov/articles/PMC10456066/
Stramenopiles,Peronospora destructor,Heterotroph,https://pubmed.ncbi.nlm.nih.gov/32237963/
Stramenopiles,Pseudo-nitzschia multistriata,Autotrophic,Assumed
Stramenopiles,Nannochloropsis gaditana,Autotrophic,https://biotechnologyforbiofuels.biomedcentral.com/articles/10.1186/s13068-025-02617-6
Stramenopiles,Phytophthora megakarya,Heterotroph,https://pmc.ncbi.nlm.nih.gov/articles/PMC5381587/
Stramenopiles,Nannochloropsis gaditana CCMP526,Autotrophic,https://biotechnologyforbiofuels.biomedcentral.com/articles/10.1186/s13068-025-02617-6
Stramenopiles,Aphanomyces cochlioides,Heterotroph,https://apsjournals.apsnet.org/doi/10.1094/MPMI-11-21-0277-A
Streptophyta,Arabidopsis thaliana,Autotrophic,Assumed
Streptophyta,Populus trichocarpa,Autotrophic,Assumed
Streptophyta,Sorghum bicolor,Autotrophic,Assumed
Streptophyta,Vitis vinifera,Autotrophic,Assumed
Streptophyta,Cucumis sativus,Autotrophic,Assumed
Streptophyta,Arabidopsis lyrata subsp. lyrata,Autotrophic,Assumed
Streptophyta,Glycine max,Autotrophic,Assumed
Streptophyta,Oryza sativa Indica Group,Autotrophic,Assumed
Streptophyta,Zea mays,Autotrophic,Assumed
Streptophyta,Oryza sativa Japonica Group,Autotrophic,Assumed
Streptophyta,Brachypodium distachyon,Autotrophic,Assumed
Streptophyta,Selaginella moellendorffii,Autotrophic,Assumed
Streptophyta,Ricinus communis,Autotrophic,Assumed
Streptophyta,Medicago truncatula,Autotrophic,Assumed
Streptophyta,Setaria italica,Autotrophic,Assumed
Streptophyta,Gossypium raimondii,Autotrophic,Assumed
Streptophyta,Ensete ventricosum,Autotrophic,Assumed
Streptophyta,Cajanus cajan,Autotrophic,Assumed
Streptophyta,Prunus persica,Autotrophic,Assumed
Streptophyta,Capsella rubella,Autotrophic,Assumed
Streptophyta,Theobroma cacao,Autotrophic,Assumed
Streptophyta,Genlisea aurea,Autotrophic,Assumed
Streptophyta,Amborella trichopoda,Autotrophic,Assumed
Streptophyta,Eutrema salsugineum,Autotrophic,Assumed
Streptophyta,Citrus x clementina,Autotrophic,Assumed
Streptophyta,Phaseolus vulgaris,Autotrophic,Assumed
Streptophyta,Erythranthe guttata,Autotrophic,Assumed
Streptophyta,Spinacia oleracea,Autotrophic,Assumed
Streptophyta,Beta vulgaris subsp. vulgaris,Autotrophic,Assumed
Streptophyta,Capsicum annuum,Autotrophic,Assumed
Streptophyta,Trifolium pratense,Autotrophic,Assumed
Streptophyta,Eucalyptus grandis,Autotrophic,Assumed
Streptophyta,Citrus sinensis,Autotrophic,Assumed
Streptophyta,Jatropha curcas,Autotrophic,Assumed
Streptophyta,Glycine soja,Autotrophic,Assumed
Streptophyta,Arabis alpina,Autotrophic,Assumed
Streptophyta,Brassica napus,Autotrophic,Assumed
Streptophyta,Castanea mollissima,Autotrophic,Assumed
Streptophyta,Gossypium arboreum,Autotrophic,Assumed
Streptophyta,Raphanus sativus,Autotrophic,Assumed
Streptophyta,Zostera marina,Autotrophic,Assumed
Streptophyta,Vigna angularis,Autotrophic,Assumed
Streptophyta,Juglans regia,Autotrophic,Assumed
Streptophyta,Cynara cardunculus var. scolymus,Autotrophic,Assumed
Streptophyta,Dorcoceras hygrometricum,Autotrophic,Assumed
Streptophyta,Dendrobium catenatum,Autotrophic,Assumed
Streptophyta,Daucus carota subsp. sativus,Autotrophic,Assumed
Streptophyta,Marchantia polymorpha subsp. ruderalis,Autotrophic,Assumed
Streptophyta,Manihot esculenta,Autotrophic,Assumed
Streptophyta,Ananas comosus,Autotrophic,Assumed
Streptophyta,Sesamum indicum,Autotrophic,Assumed
Streptophyta,Trifolium subterraneum,Autotrophic,Assumed
Streptophyta,Lupinus angustifolius,Autotrophic,Assumed
Streptophyta,Asparagus officinalis,Autotrophic,Assumed
Streptophyta,Nicotiana attenuata,Autotrophic,Assumed
Streptophyta,Cephalotus follicularis,Autotrophic,Assumed
Streptophyta,Corchorus capsularis,Autotrophic,Assumed
Streptophyta,Corchorus olitorius,Autotrophic,Assumed
Streptophyta,Helianthus annuus,Autotrophic,Assumed
Streptophyta,Macleaya cordata,Autotrophic,Assumed
Streptophyta,Punica granatum,Autotrophic,Assumed
Streptophyta,Panicum hallii,Autotrophic,Assumed
Streptophyta,Triticum aestivum,Autotrophic,Assumed
Streptophyta,Capsicum baccatum,Autotrophic,Assumed
Streptophyta,Aquilegia coerulea,Autotrophic,Assumed
Streptophyta,Handroanthus impetiginosus,Autotrophic,Assumed
Streptophyta,Apostasia shenzhenica,Autotrophic,Assumed
Streptophyta,Lactuca sativa,Autotrophic,Assumed
Streptophyta,Citrus unshiu,Autotrophic,Assumed
Streptophyta,Quercus suber,Autotrophic,Assumed
Streptophyta,Parasponia andersonii,Autotrophic,Assumed
Streptophyta,Trema orientale,Autotrophic,Assumed
Streptophyta,Gossypium barbadense,Autotrophic,Assumed
Streptophyta,Prunus yedoensis var. nudiflora,Autotrophic,Assumed
Streptophyta,Rosa chinensis,Autotrophic,Assumed
Streptophyta,Actinidia chinensis var. chinensis,Autotrophic,Assumed
Streptophyta,Marchantia polymorpha,Autotrophic,Assumed
Streptophyta,Panicum miliaceum,Autotrophic,Assumed
Streptophyta,Panicum hallii var. hallii,Autotrophic,Assumed
Streptophyta,Artemisia annua,Autotrophic,Assumed
Streptophyta,Cuscuta australis,Parasite,Assumed
Streptophyta,Brassica cretica,Autotrophic,Assumed
Streptophyta,Mucuna pruriens,Autotrophic,Assumed
Streptophyta,Chara braunii,Autotrophic,Assumed
Streptophyta,Brassica rapa,Autotrophic,Assumed
Streptophyta,Trifolium medium,Autotrophic,Assumed
Streptophyta,Cinnamomum micranthum f. kanehirae,Autotrophic,Assumed
Streptophyta,Papaver somniferum,Autotrophic,Assumed
Streptophyta,Arachis hypogaea,Autotrophic,Assumed
Streptophyta,Morella rubra,Autotrophic,Assumed
Streptophyta,Vigna unguiculata,Autotrophic,Assumed
Streptophyta,Oryza sativa,Autotrophic,Assumed
Streptophyta,Hordeum vulgare,Autotrophic,Assumed
Streptophyta,Cucurbita argyrosperma subsp. argyrosperma,Autotrophic,Assumed
Streptophyta,Malus domestica,Autotrophic,Assumed
Streptophyta,Camellia sinensis var. sinensis,Autotrophic,Assumed
Streptophyta,Perilla frutescens var. hirtella,Autotrophic,Assumed
Streptophyta,Vigna angularis var. angularis,Autotrophic,Assumed
Streptophyta,Spatholobus suberectus,Autotrophic,Assumed
Streptophyta,Salvia splendens,Autotrophic,Assumed
Streptophyta,Musa balbisiana,Autotrophic,Assumed
Streptophyta,Oryza meyeriana var. granulata,Autotrophic,Assumed
Streptophyta,Populus alba,Autotrophic,Assumed
Streptophyta,Setaria viridis,Autotrophic,Assumed
Streptophyta,Gossypium australe,Autotrophic,Assumed
Streptophyta,Cucumis melo var. makuwa,Autotrophic,Assumed
Streptophyta,Solanum chilense,Autotrophic,Assumed
Streptophyta,Hibiscus syriacus,Autotrophic,Assumed
Streptophyta,Malus baccata,Autotrophic,Assumed
Streptophyta,Eragrostis curvula,Autotrophic,Assumed
Streptophyta,Rhamnella rubrinervis,Autotrophic,Assumed
Streptophyta,Gossypium darwinii,Autotrophic,Assumed
Streptophyta,Gossypium hirsutum,Autotrophic,Assumed
Streptophyta,Gossypium mustelinum,Autotrophic,Assumed
Streptophyta,Gossypium tomentosum,Autotrophic,Assumed
Streptophyta,Acer yangbiense,Autotrophic,Assumed
Streptophyta,Cocos nucifera,Autotrophic,Assumed
Streptophyta,Prunus dulcis,Autotrophic,Assumed
Streptophyta,Striga asiatica,Autotrophic,Assumed
Streptophyta,Nyssa sinensis,Autotrophic,Assumed
Streptophyta,Pyrus ussuriensis x Pyrus communis,Autotrophic,Assumed
Streptophyta,Salix brachista,Autotrophic,Assumed
Streptophyta,Mikania micrantha,Autotrophic,Assumed
Streptophyta,Colocasia esculenta,Autotrophic,Assumed
Streptophyta,Rhododendron williamsianum,Autotrophic,Assumed
Streptophyta,Lupinus albus,Autotrophic,Assumed
Streptophyta,Hevea brasiliensis,Autotrophic,Assumed
Streptophyta,Nymphaea thermarum,Autotrophic,Assumed
Streptophyta,Sinapis alba,Autotrophic,Assumed
Streptophyta,Cannabis sativa,Autotrophic,Assumed
Streptophyta,Thalictrum thalictroides,Autotrophic,Assumed
Streptophyta,Tripterygium wilfordii,Autotrophic,Assumed
Streptophyta,Gossypium trilobum,Autotrophic,Assumed
Streptophyta,Gossypium lobatum,Autotrophic,Assumed
Streptophyta,Gossypium gossypioides,Autotrophic,Assumed
Streptophyta,Gossypium aridum,Autotrophic,Assumed
Streptophyta,Gossypium laxum,Autotrophic,Assumed
Streptophyta,Camellia sinensis,Autotrophic,Assumed
Streptophyta,Gossypium davidsonii,Autotrophic,Assumed
Streptophyta,Gossypium harknessii,Autotrophic,Assumed
Streptophyta,Gossypium armourianum,Autotrophic,Assumed
Streptophyta,Gossypium schwendimanii,Autotrophic,Assumed
Streptophyta,Kingdonia uniflora,Autotrophic,Assumed
Streptophyta,Marchantia paleacea,Autotrophic,Assumed
Streptophyta,Rhododendron simsii,Autotrophic,Assumed
Streptophyta,Actinidia rufa,Autotrophic,Assumed
Streptophyta,Adiantum capillus-veneris,Autotrophic,Assumed
Streptophyta,Senna tora,Autotrophic,Assumed
Streptophyta,Corymbia citriodora subsp. variegata,Autotrophic,Assumed
Streptophyta,Ceratodon purpureus,Autotrophic,Assumed
Streptophyta,Phtheirospermum japonicum,Autotrophic,Assumed
Streptophyta,Tetracentron sinense,Autotrophic,Assumed
Streptophyta,Digitaria exilis,Autotrophic,Assumed
Streptophyta,Coptis chinensis,Autotrophic,Assumed
Streptophyta,Salix dunnii,Autotrophic,Assumed
Streptophyta,Populus deltoides,Autotrophic,Assumed
Streptophyta,Rehmannia glutinosa,Parasite,Assumed
Streptophyta,Vanilla planifolia,Autotrophic,Assumed
Streptophyta,Brassica carinata,Autotrophic,Assumed
Streptophyta,Carya illinoinensis,Autotrophic,Assumed
Streptophyta,Panicum virgatum,Autotrophic,Assumed
Streptophyta,Brassica rapa subsp. trilocularis,Autotrophic,Assumed
Streptophyta,Datura stramonium,Autotrophic,Assumed
Streptophyta,Rhododendron griersonianum,Autotrophic,Assumed
Streptophyta,Solanum commersonii,Autotrophic,Assumed
Streptophyta,Zingiber officinale,Autotrophic,Assumed
Streptophyta,Cucurbita argyrosperma subsp. sororia,Autotrophic,Assumed
Streptophyta,Populus tomentosa,Autotrophic,Assumed
Streptophyta,Arabidopsis thaliana x Arabidopsis arenosa,Autotrophic,Assumed
Streptophyta,Arabidopsis suecica,Autotrophic,Assumed
Streptophyta,Zizania palustris,Autotrophic,Assumed
Streptophyta,Paulownia fortunei,Autotrophic,Assumed
Streptophyta,Buddleja alternifolia,Autotrophic,Assumed
Streptophyta,Gossypium anomalum,Autotrophic,Assumed
Streptophyta,Perilla frutescens var. frutescens,Autotrophic,Assumed
Streptophyta,Lithospermum erythrorhizon,Autotrophic,Assumed
Streptophyta,Taxus chinensis,Autotrophic,Assumed
Streptophyta,Aristolochia fimbriata,Autotrophic,Assumed
Streptophyta,Dendrobium chrysotoxum,Autotrophic,Assumed
Streptophyta,Solanum tuberosum,Autotrophic,Assumed
Streptophyta,Prunus armeniaca,Autotrophic,Assumed
Streptophyta,Gossypium stocksii,Autotrophic,Assumed
Streptophyta,Rubroshorea leprosula,Autotrophic,Assumed
Streptophyta,Ziziphus jujuba var. spinosa,Autotrophic,Assumed
Streptophyta,Xanthoceras sorbifolium,Autotrophic,Assumed
Streptophyta,Dioscorea alata,Autotrophic,Assumed
Streptophyta,Vaccinium darrowii,Autotrophic,Assumed
Streptophyta,Sphagnum fallax,Autotrophic,Assumed
Streptophyta,Eleusine coracana subsp. coracana,Autotrophic,Assumed
Streptophyta,Sphagnum magellanicum,Autotrophic,Assumed
Streptophyta,Heliosperma pusillum,Autotrophic,Assumed
Streptophyta,Bauhinia variegata,Autotrophic,Assumed
Streptophyta,Dendrobium nobile,Autotrophic,Assumed
Streptophyta,Psidium guajava,Autotrophic,Assumed
Streptophyta,Cichorium intybus,Autotrophic,Assumed
Streptophyta,Arctium lappa,Autotrophic,Assumed
Streptophyta,Smallanthus sonchifolius,Autotrophic,Assumed
Streptophyta,Papaver nudicaule,Autotrophic,Assumed
Streptophyta,Papaver bracteatum,Autotrophic,Assumed
Streptophyta,Papaver atlanticum,Autotrophic,Assumed
Streptophyta,Papaver armeniacum,Autotrophic,Assumed
Streptophyta,Papaver californicum,Autotrophic,Assumed
Streptophyta,Musa troglodytarum,Autotrophic,Assumed
Streptophyta,Melastoma candidum,Autotrophic,Assumed
Streptophyta,Pisum sativum,Autotrophic,Assumed
Streptophyta,Catharanthus roseus,Autotrophic,Assumed
Streptophyta,Syzygium grande,Autotrophic,Assumed
Streptophyta,Ambrosia artemisiifolia,Autotrophic,Assumed
Streptophyta,Camellia lanceoleosa,Autotrophic,Assumed
Streptophyta,Rhododendron molle,Autotrophic,Assumed
Streptophyta,Acacia pycnantha,Autotrophic,Assumed
Streptophyta,Acer negundo,Autotrophic,Assumed
Streptophyta,Tanacetum coccineum,Autotrophic,Assumed
Streptophyta,Pistacia integerrima,Autotrophic,Assumed
Streptophyta,Pistacia atlantica,Autotrophic,Assumed
Streptophyta,Hirschfeldia incana,Autotrophic,Assumed
Streptophyta,Paspalum vaginatum,Autotrophic,Assumed
Streptophyta,Dioscorea zingiberensis,Autotrophic,Assumed
Streptophyta,Sesbania bispinosa,Autotrophic,Assumed
Streptophyta,Rhynchospora breviuscula,Autotrophic,Assumed
Streptophyta,Rhynchospora tenuis,Autotrophic,Assumed
Streptophyta,Juncus effusus,Autotrophic,Assumed
Streptophyta,Closterium sp. NIES-68,Autotrophic,Assumed
Streptophyta,Closterium sp. NIES-67,Autotrophic,Assumed
Streptophyta,Melia azedarach,Autotrophic,Assumed
Streptophyta,Rhynchospora pubera,Autotrophic,Assumed
Streptophyta,Turnera subulata,Autotrophic,Assumed
Streptophyta,Euphorbia peplus,Autotrophic,Assumed
Streptophyta,Protea cynaroides,Autotrophic,Assumed
Streptophyta,Salix udensis,Autotrophic,Assumed
Streptophyta,Diphasiastrum complanatum,Autotrophic,Assumed
Streptophyta,Iris pallida,Autotrophic,Assumed
Streptophyta,Salix viminalis,Autotrophic,Assumed
Streptophyta,Populus alba x Populus x berolinensis,Autotrophic,Assumed
Streptophyta,Salix purpurea,Autotrophic,Assumed
Streptophyta,Salix koriyanagi,Autotrophic,Assumed
Streptophyta,Quillaja saponaria,Autotrophic,Assumed
Streptophyta,Carnegiea gigantea,Autotrophic,Assumed
Streptophyta,Anisodus acutangulus,Autotrophic,Assumed
Streptophyta,Erythroxylum novogranatense,Autotrophic,Assumed
Streptophyta,Centaurea solstitialis,Autotrophic,Assumed
Streptophyta,Vitis rotundifolia,Autotrophic,Assumed
Streptophyta,Hibiscus trionum,Autotrophic,Assumed
Streptophyta,Cryptomeria japonica,Autotrophic,Assumed
Streptophyta,Trifolium repens,Autotrophic,Assumed
Streptophyta,Acer saccharum,Autotrophic,Assumed
Streptophyta,Acorus gramineus,Autotrophic,Assumed
Streptophyta,Acorus calamus,Autotrophic,Assumed
Streptophyta,Heracleum sosnowskyi,Autotrophic,Assumed
Streptophyta,Tagetes erecta,Autotrophic,Assumed
Streptophyta,Lolium multiflorum,Autotrophic,Assumed
Streptophyta,Solanum verrucosum,Autotrophic,Assumed
Streptophyta,Dipteronia dyeriana,Autotrophic,Assumed
Streptophyta,Escallonia rubra,Autotrophic,Assumed
Streptophyta,Escallonia herrerae,Autotrophic,Assumed
Streptophyta,Dipteronia sinensis,Autotrophic,Assumed
Streptophyta,Nepenthes gracilis,Autotrophic,Assumed
Streptophyta,Ficus carica,Autotrophic,Assumed
Streptophyta,Acacia crassicarpa,Autotrophic,Assumed
Streptophyta,Canna indica,Autotrophic,Assumed
Streptophyta,Sesamum angolense,Autotrophic,Assumed
Streptophyta,Sesamum alatum,Autotrophic,Assumed
Streptophyta,Anisodus tanguticus,Autotrophic,Assumed
Streptophyta,Penstemon davidsonii,Autotrophic,Assumed
Streptophyta,Quercus rubra,Autotrophic,Assumed
Streptophyta,Solanum pinnatisectum,Autotrophic,Assumed
Streptophyta,Trapa incisa,Autotrophic,Assumed
Streptophyta,Trapa natans,Autotrophic,Assumed
Streptophyta,Stylosanthes scabra,Autotrophic,Assumed
Streptophyta,Paspalum notatum var. saurae,Autotrophic,Assumed
Streptophyta,Vigna mungo,Autotrophic,Assumed
Streptophyta,Solanum bulbocastanum,Autotrophic,Assumed
Streptophyta,Dillenia turbinata,Autotrophic,Assumed
Streptophyta,Crotalaria pallida,Autotrophic,Assumed
Streptophyta,Psophocarpus tetragonolobus,Autotrophic,Assumed
Streptophyta,Phaseolus coccineus,Autotrophic,Assumed
Streptophyta,Canavalia gladiata,Autotrophic,Assumed
Streptophyta,Clitoria ternatea,Autotrophic,Assumed
Streptophyta,Hibiscus sabdariffa,Autotrophic,Assumed
Streptophyta,Platanthera zijinensis,Autotrophic,Assumed
Streptophyta,Platanthera guangdongensis,Autotrophic,Assumed
Streptophyta,Deinandra increscens subsp. villosa,Autotrophic,Assumed
Streptophyta,Stephania japonica,Autotrophic,Assumed
Streptophyta,Stephania yunnanensis,Autotrophic,Assumed
Streptophyta,Citrus x changshan-huyou,Autotrophic,Assumed
Streptophyta,Liquidambar formosana,Autotrophic,Assumed
Streptophyta,Saponaria officinalis,Autotrophic,Assumed
Streptophyta,Lithocarpus litseifolius,Autotrophic,Assumed
Streptophyta,Rubus argutus,Autotrophic,Assumed
Streptophyta,Sesamum angustifolium,Autotrophic,Assumed
Streptophyta,Sesamum calycinum,Autotrophic,Assumed
Streptophyta,Sesamum latifolium,Autotrophic,Assumed
Streptophyta,Sesamum radiatum,Autotrophic,Assumed
Streptophyta,Cucumis melo,Autotrophic,Assumed
Streptophyta,Dendrobium thyrsiflorum,Autotrophic,Assumed
Streptophyta,Cardamine amara subsp. amara,Autotrophic,Assumed
Streptophyta,Prunus speciosa,Autotrophic,Assumed
Streptophyta,Salvia divinorum,Autotrophic,Assumed
Streptophyta,Daucus carota,Autotrophic,Assumed
Streptophyta,Flemingia macrophylla,Autotrophic,Assumed
Streptophyta,Abeliophyllum distichum,Autotrophic,Assumed
Streptophyta,Forsythia ovata,Autotrophic,Assumed
Streptophyta,Riccia fluitans,Autotrophic,Assumed
Streptophyta,Solanum stoloniferum,Autotrophic,Assumed
Streptophyta,Coffea canephora,Autotrophic,Assumed
Streptophyta,Triticum turgidum subsp. durum,Autotrophic,Assumed
Streptophyta,Cuscuta campestris,Parasite,Assumed
Streptophyta,Arabis nemorensis,Autotrophic,Assumed
Streptophyta,Spirodela intermedia,Autotrophic,Assumed
Streptophyta,Striga hermonthica,Autotrophic,Assumed
Streptophyta,Olea europaea subsp. europaea,Autotrophic,Assumed
Streptophyta,Microthlaspi erraticum,Autotrophic,Assumed
Streptophyta,Miscanthus lutarioriparius,Autotrophic,Assumed
Streptophyta,Arabidopsis arenosa,Autotrophic,Assumed
Streptophyta,Thlaspi arvense,Autotrophic,Assumed
Streptophyta,Fraxinus pennsylvanica,Autotrophic,Assumed
Streptophyta,Lactuca virosa,Autotrophic,Assumed
Streptophyta,Eruca vesicaria subsp. sativa,Autotrophic,Assumed
Streptophyta,Arabidopsis lyrata,Autotrophic,Assumed
Streptophyta,Cuscuta europaea,Parasite,Assumed
Streptophyta,Cuscuta epithymum,Parasite,Assumed
Streptophyta,Linum tenue,Autotrophic,Assumed
Streptophyta,Closterium sp. Yama58-4,Autotrophic,Assumed
Streptophyta,Closterium sp. Naga37s-1,Autotrophic,Assumed
Streptophyta,Closterium sp. NIES-64,Autotrophic,Assumed
Streptophyta,Closterium sp. NIES-65,Autotrophic,Assumed
Streptophyta,Vicia faba,Autotrophic,Assumed
Streptophyta,Closterium sp. NIES-54,Autotrophic,Assumed
Streptophyta,Closterium sp. NIES-53,Autotrophic,Assumed
Streptophyta,Oldenlandia corymbosa var. corymbosa,Autotrophic,Assumed
Streptophyta,Lactuca saligna,Autotrophic,Assumed
Streptophyta,Sphenostylis stenocarpa,Autotrophic,Assumed
Streptophyta,Ilex paraguariensis,Autotrophic,Assumed
Streptophyta,Lathyrus sativus,Autotrophic,Assumed
Streptophyta,Dovyalis caffra,Autotrophic,Assumed
Streptophyta,Sphagnum troendelagicum,Autotrophic,Assumed
Streptophyta,Citrullus colocynthis,Autotrophic,Assumed
Streptophyta,Lupinus luteus,Autotrophic,Assumed
Streptophyta,Linum trigynum,Autotrophic,Assumed
Streptophyta,Urochloa decumbens,Autotrophic,Assumed
Streptophyta,Prunus brigantina,Autotrophic,Assumed
Streptophyta,Musa banksii,Autotrophic,Assumed
Streptophyta,Musa textilis,Autotrophic,Assumed
Streptophyta,Musa acuminata var. zebrina,Autotrophic,Assumed
Streptophyta,Musa hybrid cultivar,Autotrophic,Assumed
Streptophyta,Arabidopsis halleri,Autotrophic,Assumed
Streptophyta,Alopecurus aequalis,Autotrophic,Assumed
Streptophyta,Triticum urartu,Autotrophic,Assumed
Streptophyta,Bienertia sinuspersici,Autotrophic,Assumed
Streptophyta,Nelumbo nucifera,Autotrophic,Assumed
Streptophyta,Apium graveolens,Autotrophic,Assumed
Streptophyta,Ceratopteris richardii,Autotrophic,Assumed
Streptophyta,Stephania cephalantha,Autotrophic,Assumed
Streptophyta,Morus notabilis,Autotrophic,Assumed
Streptophyta,Capsicum chinense,Autotrophic,Assumed
Streptophyta,Carex littledalei,Autotrophic,Assumed
Streptophyta,Gossypium klotzschianum,Autotrophic,Assumed
Streptophyta,Dichanthelium oligosanthes,Autotrophic,Assumed
Streptophyta,Cichorium endivia,Autotrophic,Assumed
Streptophyta,Salix suchowensis,Autotrophic,Assumed
Streptophyta,Adiantum nelumboides,Autotrophic,Assumed
Streptophyta,Persea americana,Autotrophic,Assumed
Streptophyta,Sphagnum jensenii,Autotrophic,Assumed
Streptophyta,Carpinus fangiana,Autotrophic,Assumed
Streptophyta,Klebsormidium nitens,Autotrophic,Assumed