Supergroup,Clade,Organism,Johnson_SIN1_Results,Shiozaki_SIN1_Results,Johnson_RICTOR_Results,Shiozaki_RICTOR_Results,Johnson_RAPTOR_Results,Shiozaki_RAPTOR_Results,Johnson_TOR_Results,Shiozaki_TOR_Results,Johnson_LST8_Results,Shiozaki_LST8_Results,Alphafold_DB_Entry_SIN1,Alphafold_DB_Entry_RICTOR,Alphafold_DB_Entry_RAPTOR,HMMER_Results_SIN1_Johnson,HMMER_Results_RICTOR_Pianissimo_Johnson,HMMER_Results_RAPTOR_Johnson,Edge_case,HMMER_Bias_warning,Error_Warning
Amorphea,Amoebozoa,Acanthamoeba_castellanii_str_Neff,Y,Y,Y,Y,Y,Y,Y,Y,Y,Y,https://alphafold.ebi.ac.uk/entry/L8H6Q5,https://alphafold.ebi.ac.uk/entry/L8HKF1,https://alphafold.ebi.ac.uk/entry/L8GIL5,https://ucdavis.box.com/s/heldhpl4ko0qkbr88jjyd7z8xy2f4n1v,https://ucdavis.box.com/s/9tqttm1qym0aoax0ihhvr980n19ndt10,https://ucdavis.box.com/s/cksedyo1apbdahsi85you0apld3sdyfs,N,N,N
Amorphea,Amoebozoa,Dictyostelium_discoideum_AX4,Y,Y,Y,Y,Y,Y,Y,Y,Y,Y,https://alphafold.ebi.ac.uk/entry/C7G030,https://alphafold.ebi.ac.uk/entry/O77203,https://alphafold.ebi.ac.uk/entry/Q55BR7,https://ucdavis.box.com/s/vvpmne29w62tuoi6c6q880saxsxmcq4a,https://ucdavis.box.com/s/el294l9pspx44pik80ed4s1nz7a1v3sh,https://ucdavis.box.com/s/o5c8vwo752z25wdynsac188sb0wd4q2x,N,Y,N
Amorphea,Amoebozoa,Entamoeba_histolytica_HM1_IMSS,Y,N,Y,Y,Y,Y,Y,Y,N,N,https://alphafold.ebi.ac.uk/entry/M7WXN9,https://alphafold.ebi.ac.uk/entry/M3V0G4,https://alphafold.ebi.ac.uk/entry/M7WGT5,https://ucdavis.box.com/s/9hec4r8hxdjxfglwt4j1t5h6arbg1ogf,https://ucdavis.box.com/s/7oppc5qwaz5ywf6ytghkmrsk9ra8ty3i,https://ucdavis.box.com/s/rwfkw5onbm2n29ilpfsdieorqnwmgbbp,N,N,N
Amorphea,Fungi,Mitosporidium_daphniae,N,N,N,N,Y,Y,Y,Y,Y,Y,N/A,N/A,https://alphafold.ebi.ac.uk/entry/A0A098VN11,https://ucdavis.box.com/s/b6anq0vzbepdpk1zjr8qbq9qr5l1kemx,https://ucdavis.box.com/s/tjla21x2iwh7arayexm1u9wefu5xqf59,https://ucdavis.box.com/s/rifjeu93sbhxwc9vfojc97j3moszglc1,N,N,N
Amorphea,Fungi,Encephalitozoon_intestinalis_ATCC_50506,N,N,N,N,N,N,N,N,N,N,N/A,N/A,https://alphafold.ebi.ac.uk/entry/E0S5Z8,https://ucdavis.box.com/s/608wo4yextmclt1kjwltmlb636jv54z5,https://ucdavis.box.com/s/v4t12nmlxbfk9hs9ghzk7x6rpoweslhv,https://ucdavis.box.com/s/wygasnwyb1jm5b979wsar3c71ixcom2f,N,N,N
Amorphea,Fungi,Rozella_allomycis_CSF55,Y,Y,Y,Y,Y,Y,Y,Y,Y,Y,https://alphafold.ebi.ac.uk/entry/A0A075ATL2,https://alphafold.ebi.ac.uk/entry/A0A075B3B9,https://alphafold.ebi.ac.uk/entry/A0A075AX46,https://ucdavis.box.com/s/qqvjs8h3ffxwyf2xn8yor2lbvmtexa8j,https://ucdavis.box.com/s/gdffzdbb3l5vtmkhrpkzmhl0k69nq4v3,https://ucdavis.box.com/s/tlkbzhpaw2dmc86jv0f3jangboa8g2qi,N,N,N
Amorphea,Fungi,Allomyces_macrogynus_ATCC_38327,Y,Y,Y,Y,Y,Y,Y,Y,Y,Y,https://alphafold.ebi.ac.uk/entry/A0A0L0T1R3,https://alphafold.ebi.ac.uk/entry/A0A0L0S0U5,https://alphafold.ebi.ac.uk/entry/A0A2Z6RJB0,https://ucdavis.box.com/s/a5lf03kfkzeez7s2a4m1e7ssj0uy3oyi,https://ucdavis.box.com/s/fqkh6uzaeynebjbzfnn7b3tzpqd7ywbb,https://ucdavis.box.com/s/rd3xr7lf8cpd0iv1nwlfadf23f8021rr,N,N,N
Amorphea,Fungi,Batrachochytrium_dandrobatidis_JAM81,Y,Y,Y,Y,Y,Y,Y,Y,Y,Y,https://ucdavis.box.com/s/3z31l6qajsuwbjydohdk0tv1b6erm4bp,https://alphafold.ebi.ac.uk/entry/F4P3M7,https://alphafold.ebi.ac.uk/entry/F4NYL5,https://ucdavis.box.com/s/6r1az5rjgq3ikv8jo3k2qaufczxq2huz,https://ucdavis.box.com/s/lb3etfgd39tx0e9gdvs7guk6o7hwe8ws,https://ucdavis.box.com/s/df8uvdb7us6jdbru2d6etp8l5o5v7wwj,N,N,N
Amorphea,Fungi,Batrachochytrium_dandrobatidis_JEL423,N/A,N/A,N/A,N/A,N/A,N/A,N/A,N/A,N/A,N/A,N/A,N/A,N/A,https://ucdavis.box.com/s/3p7z5xj34n0lpc3ls2z9jlqi81ip1vof,https://ucdavis.box.com/s/2rs3qque1jptkve5uxlrbxpk55tzicas,https://ucdavis.box.com/s/9azioknziqfkoui7lktn2ifi1dt2d6nw,N,N,Y
Amorphea,Fungi,Gonapodya_prolifera_JEL478,Y,Y,Y,Y,Y,Y,Y,Y,Y,Y,https://ucdavis.box.com/s/62h4wz9isffpcaxdtlim4wstfo57dgkb,https://alphafold.ebi.ac.uk/entry/A0A139AZE9,None_available,https://ucdavis.box.com/s/nzmkrv1q6ou26xezlvcfo5gk6j7fep7l,https://ucdavis.box.com/s/dxgh1qxorpx9n4o89ofhbuvejenzvnxd,https://ucdavis.box.com/s/aze16htenzzrbcjuozepi5iozz9149py,N,N,N
Amorphea,Fungi,Conidiobolus_coronatus_NRRL_28638,Y,Y,Y,Y,Y,Y,Y,Y,Y,Y,https://ucdavis.box.com/s/6547uxl05869by0lk9mxtekqydrz7jlg,https://alphafold.ebi.ac.uk/entry/A0A137NTW4,None_available,https://ucdavis.box.com/s/1juud0imhqyyf3x6tr09vf53mlsy054d,https://ucdavis.box.com/s/xkjhrp5qk0piy3splcj9dq3bd73ii9oc,https://ucdavis.box.com/s/jdkq9femk4zs2lczkxmrpa4zkfktj92l,N,N,N
Amorphea,Fungi,Smittium_culicis,Y,Y,Y,Y,Y,Y,Y,Y,Y,Y,https://ucdavis.box.com/s/0y9832wfqf0hxj5bqut6xto5bhkcqr2f,https://alphafold.ebi.ac.uk/entry/A0A1R1Y1I4,None_available,https://ucdavis.box.com/s/9n8efrej4ug9hfk0pl6com2ihtp9ont0,https://ucdavis.box.com/s/zm5x8c88b4c5oyllb07i7d6m3hndtvwp,https://ucdavis.box.com/s/ssb9mzjaoad2n047bpaqjdtx6albcbu9,N,Y,N
Amorphea,Fungi,Rhizophagus_irregularis_DAOM_181602,Y,Y,Y,Y,Y,Y,Y,Y,Y,Y,https://ucdavis.box.com/s/gs8w924jn7mknbo7uyv7qdir9za2vmns,https://alphafold.ebi.ac.uk/entry/A0A2I1EJ02,https://alphafold.ebi.ac.uk/entry/A0A015IQV8,https://ucdavis.box.com/s/w9thoh7aq3lfm0hz8r4qnqqsiunfzpu4,https://ucdavis.box.com/s/cq4z7flnks73kpccrs1m4gir9nwrsg6t,https://ucdavis.box.com/s/x5hqyhwrulxdee7ycfgtd8xwzm5abwb9,N,N,N
Amorphea,Fungi,Lobosporangium_transversale_str_NRRL_3116,Y,Y,Y,Y,Y,Y,Y,Y,Y,Y,https://ucdavis.box.com/s/tzrt10i3suletf84936y7m85689wi8oo,https://ucdavis.box.com/s/lzcvcqsmydlg2ly7kusddtxy8ace05vo,None_available,https://ucdavis.box.com/s/j6sfzkx69jp9o82ag18e92fig0ozrn7q,https://ucdavis.box.com/s/lc5w5w55hahpgivgrty1wilnfybi1dkd,https://ucdavis.box.com/s/gl944ya9h9o1cgoiocxmbvcm68ahbire,N,N,N
Amorphea,Fungi,Mortierella_elongata,Y,Y,Y,Y,Y,Y,Y,Y,Y,Y,https://ucdavis.box.com/s/m3dw0pibixna271c6ynkmp7nzt9p9lwm,https://ucdavis.box.com/s/4f5lj4zcp3wc43zwyt1wbv72sv9v9x5a,None_available,https://ucdavis.box.com/s/mzpzyymgb7vuf3rw1w1fh749a6g7krf9,https://ucdavis.box.com/s/38u5378wr19dt1hy0zar31eu3e69ucqa,https://ucdavis.box.com/s/22xlyiju8kbn4hus5axhl445sxyws85f,N,N,Y
Amorphea,Fungi,Mucor_circinelloides,Y,Y,Y,Y,Y,Y,Y,Y,Y,Y,https://ucdavis.box.com/s/32wat9ln0fxrd041bf0qvmu7p0u2tlgr,https://alphafold.ebi.ac.uk/entry/S2J1V3,None_available,https://ucdavis.box.com/s/fwo5i24aul1xeq19rzuwjcrb2bbc10e9,https://ucdavis.box.com/s/8so144qht17ga04nazhyqtb9ph0bbcxr,https://ucdavis.box.com/s/oz9vuwoubde6szbxohyluxcw6oywf9o4,N,N,N
Amorphea,Fungi,Neocallimastix_californiae_str_G1,Y,Y,Y,Y,Y,Y,Y,Y,Y,Y,https://ucdavis.box.com/s/7g4misixvk0xb16vir8pr60druxbz0ob,https://alphafold.ebi.ac.uk/entry/A0A1Y2E2D8,None_available,https://ucdavis.box.com/s/ebjqjgg2spyh3pgws582we0tf6176rbr,https://ucdavis.box.com/s/1zy42424m2xivg6phahk81pkhfruo7xv,https://ucdavis.box.com/s/7hsmk2yjatua30ul3gpdphr6r851f6v3,N,N,N
Amorphea,Fungi,Puccinia_sorghi_str_RO10H11247,Y,Y,Y,Y,Y,Y,Y,Y,Y,Y,https://ucdavis.box.com/s/6abdkowc0xftfqgo7tm642b3gpub450t,https://ucdavis.box.com/s/rhxyql0yralvlgj6buxfmrqeloy73srs,None_available,https://ucdavis.box.com/s/ebjqjgg2spyh3pgws582we0tf6176rbr,https://ucdavis.box.com/s/ebrnr0f9tq8k93dto9nyzvh1r90l0imf,https://ucdavis.box.com/s/pambbjq8c4g9e1mdtm3djux5jp45lzhu,N,N,N
Amorphea,Fungi,Schizophyllum_commune_H48_GCA_000143185,Y,Y,Y,Y,Y,Y,Y,Y,Y,Y,https://ucdavis.box.com/s/36ipuqd5o20t4oezhjctrdkixae2xd6g,https://alphafold.ebi.ac.uk/entry/D8Q0A7,None_available,https://ucdavis.box.com/s/p8wvz2kdgutvvgd5yc0h5hb3djxah9tr,https://ucdavis.box.com/s/5tfgdweznp8af14o370mudt7sxrzx4eo,https://ucdavis.box.com/s/inukb8elapfrery48gq9ziviuxkh7xe1,N,N,N
Amorphea,Fungi,Cutaneotrichosporon_oleaginosum_GCA_0080653501.1,Y,Y,Y,Y,Y,Y,Y,Y,Y,Y,https://alphafold.ebi.ac.uk/entry/A0A0J0XPH5,https://ucdavis.box.com/s/amicog2k4zn8q2q05k2wh3m69v4uv1mo,None_available,https://ucdavis.box.com/s/6zwu2eo670yvffyz6s9nz6qh8diaoek1,https://ucdavis.box.com/s/vgilipyrb5ufco0rbhk100c9oas0w7y4,https://ucdavis.box.com/s/ff38976qmvleh22vvyzps3w5g82t54av,N,N,N
Amorphea,Fungi,Cutaneotrichosporon_oleaginosum_str_IBC0246,Y,Y,Y,Y,Y,Y,Y,Y,Y,Y,https://alphafold.ebi.ac.uk/entry/A0A0J0XPH5,https://ucdavis.box.com/s/amicog2k4zn8q2q05k2wh3m69v4uv1mo,None_available,https://ucdavis.box.com/s/9cdrmx321hjjkawki0kzdsb4pl29qjs2,https://ucdavis.box.com/s/jkgwsh0thkdg9t2ajw32lt7brhhh4q5t,https://ucdavis.box.com/s/1498qwil2lcrkxs2dkzhhmexlfnlclv2,N,N,N
Amorphea,Fungi,Tilletiaria_anomala,Y,Y,Y,Y,Y,Y,Y,Y,Y,Y,https://alphafold.ebi.ac.uk/entry/A0A066VBG7,https://ucdavis.box.com/s/noafq4pjyqfvzkjzs4p6n9c7a64w4jsu,None_available,https://ucdavis.box.com/s/raty22r11yz1dzix4aqkuuu98jn9iu15,https://ucdavis.box.com/s/ownrttyxbii8af4y3i0xs078u3xbrmio,https://ucdavis.box.com/s/pwc2bs3ieigs5b1nxf9dvwul6sktc4mz,N,N,N
Amorphea,Fungi,Ustilago_maydis,Y,Y,Y,Y,Y,Y,Y,Y,Y,Y,https://alphafold.ebi.ac.uk/entry/A0A0D1E5Y7,https://ucdavis.box.com/s/rg0j0lfyuliclz29hildnqxufyaxrhf2,None_available,https://ucdavis.box.com/s/vxobmamq5xd248nr6dk6g9bfsqfkgff6,https://ucdavis.box.com/s/3n2crcd2owz70bvgf62w5o3l0cwup9yi,https://ucdavis.box.com/s/9nq0yq0xl16g29azy4v4sqaith5gn5g5,N,N,N
Amorphea,Fungi,Dothistroma_septosporum,Y,Y,Y,Y,Y,Y,Y,Y,Y,Y,https://alphafold.ebi.ac.uk/entry/N1PSM6,https://alphafold.ebi.ac.uk/entry/N1PIJ9,None_available,https://ucdavis.box.com/s/nr61g2n7nnxi6u3p9g8ode4lnaw8q3zd,https://ucdavis.box.com/s/ds23wnom9yby5f32d5xozdk79gxtd1jt,https://ucdavis.box.com/s/tveuaqaonqqieuykit3o6i7mv8ts8r98,N,N,N
Amorphea,Fungi,Cladophialophora_bantiana_CBS_173.52,Y,Y,Y,Y,Y,Y,Y,Y,Y,Y,https://alphafold.ebi.ac.uk/entry/A0A0D2GBA7,https://ucdavis.box.com/s/ndmru75dmkgjysi6kixg8l7p2ksnwola,None_available,https://ucdavis.box.com/s/lvo34iodlmh3oafneif15fux71yykrbu,https://ucdavis.box.com/s/ycw7aeue4dqrg73ook3phirzosw331xn,https://ucdavis.box.com/s/hjmgh56o6nonpt6szw61ewamss3ht9aq,N,N,N
Amorphea,Fungi,Aspergillus_fumigatus_Af293,Y,Y,Y,Y,Y,Y,Y,Y,Y,Y,https://alphafold.ebi.ac.uk/entry/Q4X0V0,https://alphafold.ebi.ac.uk/entry/A0A2I1CML0,None_available,https://ucdavis.box.com/s/8x9ngm2fohqg6sh8y6ob3ov4isa3mear,https://ucdavis.box.com/s/mhf502i6bajccp9nccsjbvu4h4mmuz1r,https://ucdavis.box.com/s/1ffu9xewxyjayfnnhm3fkfvl274zy1b5,N,N,Y
Amorphea,Fungi,Trichophyton_equinum_CBS_127.97,Y,Y,Y,Y,Y,Y,Y,Y,Y,Y,https://alphafold.ebi.ac.uk/entry/F2Q3N8,https://ucdavis.box.com/s/egi6kuyz6iipgzleifi9qyor2bom1x7w,https://alphafold.ebi.ac.uk/entry/F2PIV2,https://ucdavis.box.com/s/yd31e40xulifp7n8s28k8al45gia5act,https://ucdavis.box.com/s/75w8efm5edi9k3tq7dp22r0mefztcfej,https://ucdavis.box.com/s/64w9vduxwwp8apy9ncyetj0vg0g4wwgv,N,N,N
Amorphea,Fungi,Botrytis_cinerea_B05.10,Y,Y,Y,Y,Y,Y,Y,Y,Y,Y,https://alphafold.ebi.ac.uk/entry/G2YJW2,https://ucdavis.box.com/s/4spahgb4w5nxigm7ecgq3nieqrcpwhoo,None_available,https://ucdavis.box.com/s/p3wi7si1h32b0pv2kn1cdq54dqc9piyp,https://ucdavis.box.com/s/pyrvstt6rfil43hhefp51iyusa5whtbn,https://ucdavis.box.com/s/i7sfnna5lxhlb6ot1f6z172jk2arft7k,N,N,N
Amorphea,Fungi,Colletotrichum_graminicola,Y,Y,Y,Y,Y,Y,Y,Y,Y,Y,https://alphafold.ebi.ac.uk/entry/E3QC81,None_available,None_available,https://ucdavis.box.com/s/9cdrmx321hjjkawki0kzdsb4pl29qjs2,https://ucdavis.box.com/s/g83m3mwxzdg3j26cevz2ylq4hcghs465,https://ucdavis.box.com/s/zdje4drfqpzg4m7gehhon7o83zbqbup1,N,N,N
Amorphea,Fungi,Fusarium_fujikuroi_IMI_58289,Y,Y,Y,Y,Y,Y,Y,Y,Y,Y,https://alphafold.ebi.ac.uk/entry/S0E8Z5,https://alphafold.ebi.ac.uk/entry/W7MUC1,https://alphafold.ebi.ac.uk/entry/W9K729,https://ucdavis.box.com/s/h6kzfqv8a7wmg6uehls0v6sta02fpo7u,https://ucdavis.box.com/s/7i1yxqqso6ys6sq6b25hyv1mm5n436la,https://ucdavis.box.com/s/ri5t8mw8abbi1w91srpqeba87ao0dvbn,N,N,Y
Amorphea,Fungi,Neurospora_crassa,Y,Y,Y,Y,Y,Y,Y,Y,Y,Y,https://alphafold.ebi.ac.uk/entry/Q7RZP0,None_available,None_available,https://ucdavis.box.com/s/uk8mfju5tfgy75dofxt8ecsziwph72f2,https://ucdavis.box.com/s/fo0clgm44e19vg3ra41s49zqzkj4mk20,https://ucdavis.box.com/s/3d8j5fzpr3s7bdhiqk5m7lpmf7btgnq8,N,N,N
Amorphea,Fungi,Neurospora_crassa_str_73,Y,Y,Y,Y,Y,Y,Y,Y,Y,Y,https://alphafold.ebi.ac.uk/entry/Q7RZP0,None_available,None_available,https://ucdavis.box.com/s/7asq55w1glgorc9cgc4sb2spfxvybioq,https://ucdavis.box.com/s/esfpezmeo2qw07tl2ulumvhdw53dv31x,https://ucdavis.box.com/s/4jeuv1o9xgqgtt3ypgfj1aarl0812na2,N,N,N
Amorphea,Fungi,Schizosaccharomyces_pombe,Y,Y,Y,Y,Y,Y,Y,Y,Y,Y,https://alphafold.ebi.ac.uk/entry/Q9P7Y9,https://alphafold.ebi.ac.uk/entry/Q09743,https://alphafold.ebi.ac.uk/entry/P87141,https://ucdavis.box.com/s/zdif80x5h4zrekv3edtbskypgfsud57f,https://ucdavis.box.com/s/0mrdq14fn2u77n6ebmst82ukrxns5gsr,https://ucdavis.box.com/s/e3q2p7z15klieua9zgs0zzjkuxz278du,N,N,N
Amorphea,Fungi,Saitoella_complicata_NRRL_Y017804,Y,Y,Y,Y,Y,Y,Y,Y,Y,Y,https://alphafold.ebi.ac.uk/entry/A0A0E9NHC8,None_available,https://alphafold.ebi.ac.uk/entry/A0A0E9NKQ2,https://ucdavis.box.com/s/vpwstt6owurwo8rxu50w8j4l6d79yk53,https://ucdavis.box.com/s/4izicov0srqpglzi2jcbzmop7oh68trx,https://ucdavis.box.com/s/m6lfczlis4lr7oqunvk799nb3oholay4,N,N,N
Amorphea,Fungi,Saitoella_complicata_NRRL_Y017804,Y,Y,Y,Y,Y,Y,Y,Y,Y,Y,https://alphafold.ebi.ac.uk/entry/A0A0E9NHC8,None_available,https://alphafold.ebi.ac.uk/entry/A0A0E9NKQ2,https://ucdavis.box.com/s/2025f3u00nuigz53h34ax0fngbj5wda9,https://ucdavis.box.com/s/q6d3pusgqpxv2gbr3kbblqst0rbfrrsd,https://ucdavis.box.com/s/bp98vow2rwdmvxjnkv6jeg062hzogdnp,N,N,N
Amorphea,Fungi,Yarrowia_lipolytica_CLIB122,Y,Y,Y,Y,Y,Y,Y,Y,Y,Y,https://alphafold.ebi.ac.uk/entry/A0A1D8N7G3,https://alphafold.ebi.ac.uk/entry/A0A1D8NLF7,None_available,https://ucdavis.box.com/s/2025f3u00nuigz53h34ax0fngbj5wda9,https://ucdavis.box.com/s/3tbr2lbnami7d1e0b6oxonddmmjrggy1,https://ucdavis.box.com/s/h7o7wt79vxmnv5jqarkl9xpp4xqk71lq,N,N,N
Amorphea,Fungi,Candida_albicans_SC5314,Y,Y,Y,Y,Y,Y,Y,Y,Y,Y,https://alphafold.ebi.ac.uk/entry/A0A1D8PFD7,https://alphafold.ebi.ac.uk/entry/A0A1D8PTJ4,https://alphafold.ebi.ac.uk/entry/Q5A2C3,https://ucdavis.box.com/s/2025f3u00nuigz53h34ax0fngbj5wda9,https://ucdavis.box.com/s/mpe8th9joluv2fmfstemn85l1ml7iyqp,https://ucdavis.box.com/s/cdcz0zcpkcoribjvyq79oawdf6za2gw3,N,N,N
Amorphea,Fungi,Ogataea_parapolymorpha_DL-1,Y,Y,Y,Y,Y,Y,Y,Y,Y,Y,https://alphafold.ebi.ac.uk/entry/W1QBH1,https://alphafold.ebi.ac.uk/entry/W1QEH2,None_available,https://ucdavis.box.com/s/y00jdmxuo67eksy5u9u0utxlrsfyvq2f,https://ucdavis.box.com/s/xehhhzv0sashxsw8wrys27on6pnisjqs,https://ucdavis.box.com/s/up70yjmy0bfy2xdxgzrwbql048idy2oa,N,N,N
Amorphea,Fungi,Eremothecium_gossypii_FDAG1,Y,Y,Y,Y,Y,Y,Y,Y,Y,Y,https://alphafold.ebi.ac.uk/entry/Q757J0,None_available,None_available,https://ucdavis.box.com/s/tfadhhfzvfqg4c66bq04f1eyw3qv28fz,https://ucdavis.box.com/s/84292qgzqeyi3vigfvulbkfflgilgcpb,https://ucdavis.box.com/s/u8i1tw7o6tyfx11vg9y58s53z673dl94,N,N,N
Amorphea,Fungi,Kluyveromyces_lactis_str_NRRL_Y-1440,Y,Y,Y,Y,Y,Y,Y,Y,Y,Y,https://alphafold.ebi.ac.uk/entry/Q6CMT4,None_available,None_available,https://ucdavis.box.com/s/dhuw0jt0tw1hmc2adamkrolo1le160ls,https://ucdavis.box.com/s/e3uap511mvcx4vns56gtevn4d90n6g23,https://ucdavis.box.com/s/j4165re98bfq7m95vc6ftun3p71afvzb,N,N,N
Amorphea,Fungi,Candida_glabrata,Y,Y,Y,Y,Y,Y,Y,Y,Y,Y,https://alphafold.ebi.ac.uk/entry/Q6FQ99,None_available,None_available,https://ucdavis.box.com/s/qw5nligs48uufexyf274qop0ox073a2v,https://ucdavis.box.com/s/hcy7gbs20pgrh9tsb7i70f318z3ozxgq,https://ucdavis.box.com/s/qvo45wzbodscs2ro4hf4mfh18q63ha63,N,Y,N
Amorphea,Fungi,Saccharomyces_cerevisiae_S288C,Y,Y,Y,Y,Y,Y,Y,Y,Y,Y,https://alphafold.ebi.ac.uk/entry/Q08236,https://alphafold.ebi.ac.uk/entry/P40061,https://alphafold.ebi.ac.uk/entry/P38873,https://ucdavis.box.com/s/wbhl5d0it8zl5hnkjynxi2ei4jdb65ir,https://ucdavis.box.com/s/wydj1beww5s1pt4brh6qdzj2de49mm7i,https://ucdavis.box.com/s/4217k2lqj9sipxefrmcsgkyv37bgjv9w,N,N,N
Amorphea,Metazoa,Homo_sapiens,Y,Y,Y,Y,Y,Y,Y,Y,Y,Y,https://alphafold.ebi.ac.uk/entry/Q9BPZ7,https://alphafold.ebi.ac.uk/entry/Q6R327,https://alphafold.ebi.ac.uk/entry/Q8N122,https://ucdavis.box.com/s/3umsb48fakvjxnpbmyj964fcr402d28a,https://ucdavis.box.com/s/4217k2lqj9sipxefrmcsgkyv37bgjv9w,https://ucdavis.box.com/s/nf6vwgywxgz3l071zzkc7k6soaa48ahb,N,N,N
Amorphea,Metazoa,Ciona_intestinalis,Y,Y,Y,Y,Y,Y,Y,Y,Y,Y,https://ucdavis.box.com/s/7r1lqa13ayxgswehyczgge4icmnsoy4p,https://alphafold.ebi.ac.uk/entry/F6WEC9,https://alphafold.ebi.ac.uk/entry/F6QRG3,https://ucdavis.box.com/s/xrgliexm8ev8rrnt2tcq2gta2452x9in,https://ucdavis.box.com/s/gn32bhdu12xq2vx77524772c8a9lc9pi,https://ucdavis.box.com/s/5p3x1dj3i5o3xjizrlg40qlemz5gjv9q,N,Y,N
Amorphea,Metazoa,Drosophila_melanogaster,Y,Y,Y,Y,Y,Y,Y,Y,Y,Y,https://alphafold.ebi.ac.uk/entry/Q9V719,https://alphafold.ebi.ac.uk/entry/Q9VWJ6,https://alphafold.ebi.ac.uk/entry/Q9W437,https://ucdavis.box.com/s/jpju9cdft3dsodx92g5ujvb2z87d3ue6,https://ucdavis.box.com/s/bl6kxtnubij0f1oe1zrda8363nbx3otb,https://ucdavis.box.com/s/969zjd443sz6f5fvcjx4bc8ffyx1wpov,N,N,N
Amorphea,Metazoa,Schistosoma_mansoni,Y,Y,Y,Y,Y,Y,Y,Y,Y,Y,https://alphafold.ebi.ac.uk/entry/A0A5K4EN27,https://alphafold.ebi.ac.uk/entry/A0A3Q0KC18,https://alphafold.ebi.ac.uk/entry/A0A430Q1G6,https://ucdavis.box.com/s/deepz9dxktcr0c8y9hyk8c154nsaa2gg,https://ucdavis.box.com/s/n5rmn2utlc736l8zaxgwmag5azkteubf,https://ucdavis.box.com/s/qnujp0pltq1u6yo8vpqa82ymefqdbsts,N,N,N
Amorphea,Metazoa,Caenorhabditis_elegans,Y,Y,Y,Y,Y,Y,Y,Y,Y,Y,https://alphafold.ebi.ac.uk/entry/Q9NA80,https://alphafold.ebi.ac.uk/entry/G5EFN2,https://alphafold.ebi.ac.uk/entry/Q68TI8,https://ucdavis.box.com/s/2soa8c7q19905zfdz633rtqb1p7us1nh,https://ucdavis.box.com/s/pzavnaxewksqmr00phdnusl0b04jciza,https://ucdavis.box.com/s/6z3f3ovdwvliz29vpr24aai2n1azdkcy,N,N,N
Amorphea,Metazoa,Nematostella_vectensis,Y,Y,Y,Y,Y,Y,Y,Y,Y,Y,https://alphafold.ebi.ac.uk/entry/A7RIQ5,https://alphafold.ebi.ac.uk/entry/A7SRE9,None_available,https://ucdavis.box.com/s/k8k7pix0eb92as4mzw2x7924drfga6l6,https://ucdavis.box.com/s/45j7vg2n306j12utbob40xzjod53mdsc,https://ucdavis.box.com/s/igdpqqi2yv7y5xfet2o6fbi6qzdnkcuz,N,N,N
Amorphea,Metazoa,Trichoplax_adgaerens,Y,Y,Y,Y,Y,Y,Y,Y,Y,Y,https://alphafold.ebi.ac.uk/entry/B3RIM0,https://alphafold.ebi.ac.uk/entry/A7SRE9,https://alphafold.ebi.ac.uk/entry/B3RPQ9,https://ucdavis.box.com/s/gmb5guro0xpmivvnbsxgef5hncdvbadm,https://ucdavis.box.com/s/h3fipwb0wzdistmgb2sg46e55yovz2c6,https://ucdavis.box.com/s/8em0zttn36cihopai37kq10qdc9gog2i,N,N,Y
Amorphea,N/A,Amphimedon_queenslandica,Y,Y,Y,Y,Y,Y,Y,Y,Y,Y,https://alphafold.ebi.ac.uk/entry/A0A1X7TY71,None_available,None_available,https://ucdavis.box.com/s/9f6s5fs82op01xayq5ame7i526m8ysok,https://ucdavis.box.com/s/1brqhu9hjt48922jnfka1l4o3ov4oorr,https://ucdavis.box.com/s/sk1z0sssy29dmtz8otwifys6o393fq7m,N,N,N
Amorphea,N/A,Capsaspora_owczarzaki_ATCC_30864,Y,Y,Y,Y,Y,Y,Y,Y,Y,Y,https://alphafold.ebi.ac.uk/entry/A0A0D2WJA0,None_available,None_available,https://ucdavis.box.com/s/ilpmjkm0cn2lixfw9l0gywgul02ni28p,https://ucdavis.box.com/s/rbv9vudnn0r2laqm97uzn88g9kvnn15y,https://ucdavis.box.com/s/b45ndg7le1yi0i1l0pid6h2gkvf2qu8w,N,N,N
Archaeplastida,Chlorophyta,Ostreococcus_lucimarinus_CCE9901,N,N,N,N,Y,Y,Y,Y,Y,Y,N/A,N/A,None_available,https://ucdavis.box.com/s/l43dei9rq6dewykq05gq9tb8ifyzlx3q,https://ucdavis.box.com/s/5qdam9mqpifl8dyu0kkdklabhx1gx9hj,https://ucdavis.box.com/s/tj79guqlz12qmee3mkawmezdpottu2rk,N,N,N
Archaeplastida,Rhodophyta,Chondrus_crispus,N,N,N,N,Y,Y,Y,Y,N,N,N/A,N/A,None_available,https://ucdavis.box.com/s/zu1ambsc3vrldz4ob3714k5iv5gs15q7,https://ucdavis.box.com/s/sv6b7xt5wsiwfrpahydov1xqen03rr30,https://ucdavis.box.com/s/x57s3z49hg9kzqd58xp7q7q410gnv34p,N,N,N
Archaeplastida,Rhodophyta,Galdieria_sulphuraria,N,N,N,N,Y,Y,Y,Y,Y,Y,N/A,N/A,https://alphafold.ebi.ac.uk/entry/M2Y5M9,https://ucdavis.box.com/s/yhnwhb6xoxksw8g9zlcqibua2b6t106n,https://ucdavis.box.com/s/g0odo6f2hw9p3r3x5yf3sxgyd1dh42d3,https://ucdavis.box.com/s/zs0kuygilepqt2ua4v6gi1l89txykcob,N,N,N
Archaeplastida,Rhodophyta,Cyanidioschyzon_merolae,N,N,N,N,Y,Y,Y,Y,Y,Y,N/A,N/A,None_available,https://ucdavis.box.com/s/9910xqxltfg3de21tborvjo1ist2brmf,https://ucdavis.box.com/s/0lt5yibfgslkz6tbmck8wva84l2meqy9,https://ucdavis.box.com/s/97ng9pfvenaaak280kmkilda6ot44lkj,N,N,N
Archaeplastida,Streptophyta,Amborella_trichopoda,N,N,N,N,Y,Y,Y,Y,Y,Y,N/A,N/A,https://alphafold.ebi.ac.uk/entry/W1P674,https://ucdavis.box.com/s/ey6h2m2579nds5evcfa0chjsoeqg2trl,https://ucdavis.box.com/s/7aa28pqvpnok6gh8kuz7r9f8j87r2ykn,https://ucdavis.box.com/s/fr1xyqpp48okrbrfgumbms2sfj5aq8bd,N,N,N
Archaeplastida,Streptophyta,Oryza_sativa_japonica_group,N,N,N,N,Y,Y,Y,Y,Y,Y,N/A,N/A,https://alphafold.ebi.ac.uk/entry/Q0IQN5,https://ucdavis.box.com/s/i1fdiqvo4dspbhyqt9b1j3i5wl0m6e5u,https://ucdavis.box.com/s/q60r9d08dctkm8vtwssrpvxaugdpsdy1,https://ucdavis.box.com/s/r6i8rw78msenhtsh0hkve3a8mi6ch4i4,N,Y,N
Archaeplastida,Streptophyta,Selaginella_moellendorffii,N,N,N,N,Y,Y,Y,Y,Y,Y,N/A,N/A,https://alphafold.ebi.ac.uk/entry/D8SPK4,https://ucdavis.box.com/s/nkshwsxwcp18nq1q8qf8gl2icgrvyd1h,https://ucdavis.box.com/s/ce14xztfli88ej9sg0slz11jgkhe7ybe,https://ucdavis.box.com/s/twei5y9zjd5wus3qkqeax8s89p0o7pbu,Y,N,N
Archaeplastida,Streptophyta,Arabidopsis_thaliana,N,N,N,N,Y,Y,Y,Y,Y,Y,N/A,N/A,https://alphafold.ebi.ac.uk/entry/Q93YQ1,https://ucdavis.box.com/s/4iduq7845cnvnwk6v2zufs45zyt36y1h,https://ucdavis.box.com/s/rpm3f8nvl98mhg43mytpjko27zs7jp5g,https://ucdavis.box.com/s/0waycehooq6azs81rv5h3mqcb3nld4fh,N,N,N
Excavates,Excavata,Spironucleus_salmonicida,N,N,Y,Y,Y,Y,Y,Y,N,Y,N/A,https://alphafold.ebi.ac.uk/entry/V6M2J3,None_available,https://ucdavis.box.com/s/fwwls9r6pu96b3yfflnmfwo3a4nwe17t,https://ucdavis.box.com/s/r9wt772d2t18kbz27pta6zhm3hkia48e,https://ucdavis.box.com/s/fl3rqldovugrvxfqixg24ivzbaronve9,N,Y,N
Excavates,Excavata,Angomonas_deanei,N,Y,Y,Y,Y,Y,Y,Y,Y,Y,https://ucdavis.box.com/s/e1jjcvwtzrbnjlgiqdbbx4awfas62ljw,https://alphafold.ebi.ac.uk/entry/A0A7G2CLR6,None_available,https://ucdavis.box.com/s/43wvdg7brxigsv3lwfiwmbl4enlavg0l,https://ucdavis.box.com/s/8nvz2qpndg8eivk25ti56hfggqucrqdl,https://ucdavis.box.com/s/9zgrxvw638w4l3sbvgjzyw4wftaxgpls,N,N,N
Excavates,Excavata,Bodo_saltans,N,Y,Y,Y,Y,Y,Y,Y,Y,Y,https://ucdavis.box.com/s/5jcdyd8b7qnwm0b8maf1ug8yq4ldrgpd,https://alphafold.ebi.ac.uk/entry/A0A0S4IT63,https://alphafold.ebi.ac.uk/entry/A0A0S4JFH5,https://ucdavis.box.com/s/ayro0dkufivkcloqxbh0zjymhd28xh1g,https://ucdavis.box.com/s/8q3jq6l02qbx3f9imu3huwp20jd0xay0,https://ucdavis.box.com/s/fdzz48ii9cgnh47cblia75krtsyj1owj,N,Y,N
Excavates,Excavata,Giardia_intestinalis,N,N,Y,Y,Y,Y,Y,Y,Y,Y,N/A,https://alphafold.ebi.ac.uk/entry/V6TTY4,None_available,https://ucdavis.box.com/s/vg3nmaydejscf3ohe60bll65w71t0qyv,https://ucdavis.box.com/s/tav6ry71mag4swez0pkpplz7z71vyyqd,https://ucdavis.box.com/s/520xkhdo2a1tp3rsjlm07ejx0ekdi6yu,N,N,N
Excavates,Excavata,Leishmania_major,N,Y,Y,Y,Y,Y,Y,Y,Y,Y,https://ucdavis.box.com/s/5wdpw8gkeo9fzwgxjx8597ub4s9c6psm,None_available,None_available,https://ucdavis.box.com/s/33ld0nmouo33m526eevqd4ncmvlb60mj,https://ucdavis.box.com/s/t82ad1ggbreva5jjrg9uthgh5m27uxsr,https://ucdavis.box.com/s/r52e7y3x079vn53477sreafmkrrnjz49,N,Y,N
Excavates,Excavata,Naegleria_gruberi,Y,Y,Y,Y,Y,Y,Y,Y,Y,Y,https://ucdavis.box.com/s/vi6ifaxr5mjgrzu8c9rw3at65nwcgjvo,None_available,None_available,https://ucdavis.box.com/s/11w7igcadf7lzyfnmd0e1b9pt7t6ey0w,https://ucdavis.box.com/s/ivk36da6u99ailhzg0xkrllboxyjl5l1,https://ucdavis.box.com/s/qwfkj9q0moyfbjqlne09foupmogh1gnc,N,N,N
Excavates,Excavata,Trypanosoma_brucei_brucei_TREU927,N,N,Y,Y,Y,Y,Y,Y,Y,Y,N/A,https://alphafold.ebi.ac.uk/entry/Q57YZ3,https://alphafold.ebi.ac.uk/entry/Q387I9,https://ucdavis.box.com/s/cptjl8481tu0sb4nm5ax6470lxm1h76g,https://ucdavis.box.com/s/eux0eirjh4ajcgzuybjg58861x9anw4h,https://ucdavis.box.com/s/d592ebo1qddbsmr5ze21l5glb0srpnay,N,Y,N
TSAR,Alveolata,Oxytricha_trifallax,Y,Y,Y,Y,N,N,Y,Y,Y,Y,https://alphafold.ebi.ac.uk/entry/J9EIM4,https://alphafold.ebi.ac.uk/entry/I7M178,https://alphafold.ebi.ac.uk/entry/J9IP55,https://ucdavis.box.com/s/nc6asix6zn2f17huwox4qv8vi7q6fhxs,https://ucdavis.box.com/s/jcwjzmexwoft7p17kk8cdx8mux5ogjyn,https://ucdavis.box.com/s/zfus1r6hceqt3w40ucb81chxujcxxu0l,Y,Y,N
TSAR,Alveolata,Paramecium_tetraurelia,Y,Y,Y,Y,N,N,Y,Y,Y,Y,https://alphafold.ebi.ac.uk/entry/A0CKD5,None_available,https://alphafold.ebi.ac.uk/entry/A0BEC3,https://ucdavis.box.com/s/78ocomu6ccu1awaq63eu1dp2e7qhbvf7,https://ucdavis.box.com/s/cpbyy6fugoj53x71hv6845b6j6f9hafp,https://ucdavis.box.com/s/junqaf2sz3h1uhui5xd398z9q4vnj34p,Y,N,N
TSAR,Alveolata,Plasmodium_falciparum,N,N,N,N,N,N,N,N,Y,Y,N/A,N/A,https://alphafold.ebi.ac.uk/entry/W7G5S1,https://ucdavis.box.com/s/4vxyzxvltblhwsnewmi3ji2j51xlgwog,https://ucdavis.box.com/s/e5owzvigryxy0z8yswqzdx1nxy6u4wpm,https://ucdavis.box.com/s/htvaradppsp7l891ry7g7hbqgu4idnta,Y,N,N
TSAR,Alveolata,Tetrahymena_thermophila,N,Y,Y,Y,N,N,Y,Y,Y,Y,https://alphafold.ebi.ac.uk/entry/Q22UN6,https://alphafold.ebi.ac.uk/entry/I7M178,None_available,https://ucdavis.box.com/s/h1s6x8mwftfdi4344vifj1s31i80zutj,https://ucdavis.box.com/s/oolmu1bv91novym9jvxmqey198bd55jt,https://ucdavis.box.com/s/a4s6l59bh9aniih83iaf1rtvej49btpp,Y,Y,N
TSAR,Alveolata,Vitrella_brassicaformis,N,Y,Y,Y,Y,Y,Y,Y,Y,Y,https://alphafold.ebi.ac.uk/entry/A0A0G4EXU1,https://alphafold.ebi.ac.uk/entry/A0A7S1P5N5,https://alphafold.ebi.ac.uk/entry/A0A7S1PAD5,https://ucdavis.box.com/s/4kcnpiwsock77icuiazja7fi9t7s468t,https://ucdavis.box.com/s/y8o2wveyt8bn0fa4b3r2unczpxgxxa5j,https://ucdavis.box.com/s/jwe4ccqh9yu7ou3t5anatvabfiqoml8c,N,N,N
TSAR,Alveolata,Toxoplasma_gondii,N,N,N,N,N,N,Y,Y,N,N,N/A,N/A,N/A,https://ucdavis.box.com/s/rferyweotb15a2pmckq3514nlk2uuwr9,https://ucdavis.box.com/s/w1ngikzbj2qyjcsf8ebs17jecvudluff,https://ucdavis.box.com/s/y4y9zuhsh99bc05klm3qbqh4ylx7zm0k,N,N,Y
TSAR,Alveolata,Cryptosporidium_pavrum,N,N,N,N,N,N,N,N,N,N,N/A,N/A,None_available,https://ucdavis.box.com/s/c8oslhwga3qpdbajtrs6fbcs5rgnrl5e,https://ucdavis.box.com/s/f6dw3ori6emtbq02coppqhjyltrnu55f,https://ucdavis.box.com/s/m0d6ily11052aba84cbctaufc9dcqle8,Y,N,N
TSAR,Alveolata,Cyclospora_cayetanensis,N,N,N,N,N,N,N,N,N,N,N/A,N/A,https://alphafold.ebi.ac.uk/entry/A0A6P6RZG4,https://ucdavis.box.com/s/cmwygd2juh3ev8xy0fz44s7xf1f3rr6u,https://ucdavis.box.com/s/6dkmznozxkjoh6muli1428i8fhwednfi,https://ucdavis.box.com/s/17fel6yzp25krf1zz0ydvcqv6t40fxp5,Y,N,N
TSAR,Alveolata,Eimeria_maxima1,N,N,N,N,N,N,N,N,N,N,N/A,N/A,https://alphafold.ebi.ac.uk/entry/U6M1W5,https://ucdavis.box.com/s/63gfs6xpw1mf9k1hzrp1k49owz9hdtsv,https://ucdavis.box.com/s/xzb39xyh3snlsrneyp37k6oxvn5i4gop,https://ucdavis.box.com/s/uahqi5uda62rmbkcep4i2c9diuyvikcm,Y,Y,N
TSAR,Alveolata,Stylonychia_lemnae,N,Y,Y,Y,N,N,Y,Y,Y,Y,N/A,None_available,None_available,https://ucdavis.box.com/s/na6fzyxy3vt92jlxope5z1oq2ehrfgmb,https://ucdavis.box.com/s/wpxs5g0vvc3owo68yg0r34p642u19bu4,https://ucdavis.box.com/s/8otqa7rhp75l0agkhujia7rro5x2rnkl,Y,N,N
TSAR,Alveolata,Theileria_annulata,N,N,N,N,N,N,N,N,N,N,N/A,N/A,https://alphafold.ebi.ac.uk/entry/Q4UF26,https://ucdavis.box.com/s/7bm1gb53c23b2ldt8scg0ibx0bvzav7d,https://ucdavis.box.com/s/ebwb8dlrjx0vwizh4x18v5hugeg7tsc1,https://ucdavis.box.com/s/rgq4klqjtutwh48v1jcn6se7oyk4jr2n,Y,N,N
TSAR,Alveolata,Toxoplasma_gondii_ME49,N,N,N,N,N,N,Y,Y,N,N,https://alphafold.ebi.ac.uk/entry/S8EN26,https://alphafold.ebi.ac.uk/entry/A0A139XXI1,https://alphafold.ebi.ac.uk/entry/S8G8T4,https://ucdavis.box.com/s/rferyweotb15a2pmckq3514nlk2uuwr9,https://ucdavis.box.com/s/w1ngikzbj2qyjcsf8ebs17jecvudluff,https://ucdavis.box.com/s/y4y9zuhsh99bc05klm3qbqh4ylx7zm0k,Y,N,Y
TSAR,Alveolata,Hammondia_hammondi_str.H.H.34,N,N,N,N,N,N,Y,Y,N,N,N/A,None_available,None_available,https://ucdavis.box.com/s/w0o7ksn19wzbrharo92luk8kjs9bk3y5,https://ucdavis.box.com/s/2bhohy55s46ejrbuzdvl01c3lqnfkbix,https://ucdavis.box.com/s/p33zhnim5rwgbrg8exli8o1ypye6x94r,Y,N,Y
TSAR,Rhizaria,Reticulomyxa_filosa,N,Y,Y,Y,Y,Y,Y,Y,Y,Y,https://ucdavis.box.com/s/dgtx64sgpudb52mb8k9r1yim5syf7m6n,https://ucdavis.box.com/s/azaqon10cx88x6latjbyf5ag2l209psl,None_available,https://ucdavis.box.com/s/rrezr4qr9ap3om0lokz9h1ug5rdo987e,https://ucdavis.box.com/s/zhrb2t11bmbe4coz6506ya4cin2plb0o,https://ucdavis.box.com/s/6k45w00bddxtwymdrbtt08htid4ti94k,Y,Y,N
TSAR,Rhizaria,Bigelowiella_natans,N,Y,Y,Y,Y,Y,Y,Y,Y,Y,https://ucdavis.box.com/s/b2duthuk059lx1iye2qu5jimgdn2z98w,https://alphafold.ebi.ac.uk/entry/X6NW59,https://alphafold.ebi.ac.uk/entry/X6MZI5,https://ucdavis.box.com/s/hpswh3m2iemd3exfpc2pjbwp91jjxfdt,https://ucdavis.box.com/s/2amsk56vcexqr736hsup0yvffvus2jfn,https://ucdavis.box.com/s/vc190szlt0aqb8947ejcgtn3ay9rilku,Y,Y,N
TSAR,Rhizaria,Plasmodiophora_brassicae,Y,Y,Y,Y,Y,Y,Y,Y,Y,Y,https://alphafold.ebi.ac.uk/entry/A0A0G4IKV7,https://alphafold.ebi.ac.uk/entry/A0A0G4IP13,https://alphafold.ebi.ac.uk/entry/A0A0G4IPL6,https://ucdavis.box.com/s/g9bucqj8tm7owp59c49rqgye5sfbwrgy,https://ucdavis.box.com/s/0cxusk7hz3tvh6vvjp148gs7vw1ne1mf,https://ucdavis.box.com/s/qj7rnr42ay5h1jfemi5fkw2of43igbtv,N,N,N
TSAR,Stramenopiles,Aphanomyces_invadans,Y,Y,Y,Y,Y,Y,Y,Y,Y,Y,https://alphafold.ebi.ac.uk/entry/A0A024TMY5,https://alphafold.ebi.ac.uk/entry/A0A024TS93,https://alphafold.ebi.ac.uk/entry/A0A024TAL8,https://ucdavis.box.com/s/dhno8b4kxm6u1ju0f0vs3ax196d2a3xo,https://ucdavis.box.com/s/6sfda6hols117lsoyryw737puzcev9ym,https://ucdavis.box.com/s/fm3qoo4burjme9ulvx92639td8f91rib,N,N,N
TSAR,Stramenopiles,Aureococcus_anophagefferens,N,N,N,N,Y,Y,Y,Y,Y,Y,N/A,N/A,https://alphafold.ebi.ac.uk/entry/F0XXV0,https://ucdavis.box.com/s/em6mar25wqe03yvn0cyt8erb8axbesii,https://ucdavis.box.com/s/yv839iyekka4lnbiusbtswd84js9p695,https://ucdavis.box.com/s/zecbyo9ue9iqflz1pjegbd6donxpnyvi,N,N,N
TSAR,Stramenopiles,Blastocystis_hominis,N,N,Y,Y,Y,Y,Y,Y,Y,Y,N/A,N/A,https://alphafold.ebi.ac.uk/entry/D8LUT8,https://ucdavis.box.com/s/olwuxwzny8dkfg9xx2o5q8sb1wi8sdh0,https://ucdavis.box.com/s/yy0fzkm163kswb9l4md5lda4qxjkzgg1,https://ucdavis.box.com/s/r09ncuy101domzzu3f3p6jnzckl49gy0,Y,N,N
TSAR,Stramenopiles,Nannochloropsis_gaditana,N,Y,N,N,Y,Y,Y,Y,N,Y,https://ucdavis.box.com/s/yphqthgxo79dhblh1n9f0bntserb3oec,https://alphafold.ebi.ac.uk/entry/K8YRB5,None_available,https://ucdavis.box.com/s/nn3hldq4mgb895gvxfu750lr6u9vlsdd,https://ucdavis.box.com/s/v8mlo3o9neqdzaw2pf8l7ln71jhknzsi,https://ucdavis.box.com/s/ncul3vb4868kkd3ej22uev0kdjj2pno6,N,Y,Y
TSAR,Stramenopiles,Phaeodactylum_tricornutum,N,N,N,N,Y,Y,Y,Y,Y,Y,https://ucdavis.box.com/s/upk9bbexark8ma9txxjvxz6jkq2qvlnm,N/A,https://alphafold.ebi.ac.uk/entry/B5Y4V4,https://ucdavis.box.com/s/deuk30nszb4w9yj36zs4lftxndhp9lh9,https://ucdavis.box.com/s/jjmxi1b9z3sci0xsj6x1rs1cdj0o7s3q,https://ucdavis.box.com/s/7vi0h7rhf01pbxuujeeizlu6bcxfqhan,N,N,N
TSAR,Stramenopiles,Phytophthora_infestans_T30-4,Y,Y,Y,Y,Y,Y,Y,Y,Y,Y,https://ucdavis.box.com/s/hfhnd9wrj2ei3p6v2wtxjz7x3n1ntw5a,None_available,None_available,https://ucdavis.box.com/s/qlz55g8o6x2rf3nbu767huyo7c3q2xwf,https://ucdavis.box.com/s/tze6npgy33eriyo652usrficqb1inwqa,https://ucdavis.box.com/s/7l2xe6wkmh0ffrgq8rb7z86gc968zdq7,N,N,N
TSAR,Stramenopiles,Plasmopara_halstedii,Y,Y,Y,Y,Y,Y,Y,Y,Y,Y,https://ucdavis.box.com/s/hfhnd9wrj2ei3p6v2wtxjz7x3n1ntw5a,None_available,None_available,https://ucdavis.box.com/s/x0izf01jf8h9jwtis8vzwnpzphlyua4i,https://ucdavis.box.com/s/fu0wf2zr6e01jhfkjjsxm0oiwkr1caow,https://ucdavis.box.com/s/3gbdk078jf4s28v1kogf072snxkxbmyt,N,N,N
TSAR,Stramenopiles,Saprolegnia_diclina_VS20,Y,Y,Y,Y,Y,Y,Y,Y,Y,Y,https://ucdavis.box.com/s/03z6h3gizeuvlnt29yt2jdemk71hguvm,None_available,https://alphafold.ebi.ac.uk/entry/T0QVK3,https://ucdavis.box.com/s/h7p736g91uzler1jgdn0965zw1jewqau,https://ucdavis.box.com/s/7mksdesl2l55zqtl1irlcp90aip5dto6,https://ucdavis.box.com/s/wpjjmwz9pvo7jpu80foe638seivcumau,N,N,N
TSAR,Stramenopiles,Pythium_irregulare,Y,Y,Y,Y,Y,Y,Y,Y,Y,Y,https://ucdavis.box.com/s/c2f3i0fnb5q30rjhwvyqeno5rdwul3av,None_available,None_available,https://ucdavis.box.com/s/g88qjrvvcrzwcu1sjmyy8rg1ze1fcnfz,https://ucdavis.box.com/s/5feo1fmwh70mtsj72hcs5af5hnkq58u9,https://ucdavis.box.com/s/xvf4ei3u02oodo7t7zxfymg9dph8pk9r,N,N,N
TSAR,Stramenopiles,Hyaloperonospora_arabidopsidis,Y,Y,Y,Y,Y,Y,Y,Y,Y,Y,https://alphafold.ebi.ac.uk/entry/M4BDP0,None_available,None_available,https://ucdavis.box.com/s/ajzzv7ws7mqun027q81mtpp2h06grar4,https://ucdavis.box.com/s/kkgcg55jvfabxzguswcx23nmouemzd1s,https://ucdavis.box.com/s/kkgcg55jvfabxzguswcx23nmouemzd1s,N,N,N
TSAR,Stramenopiles,Albugo_candida,Y,Y,Y,Y,Y,Y,Y,Y,Y,Y,https://alphafold.ebi.ac.uk/entry/A0A024FZF8,None_available,None_available,https://ucdavis.box.com/s/cjv4bs6v2l0bfie1ekovvc09qbauchsy,https://ucdavis.box.com/s/qd7smvqlmab1ciajwp6ja8ax66mndzcf,https://ucdavis.box.com/s/crffi2dm1l65hjbdu7ekngb3lasspcvr,N,N,N
,,,,,,,,,,,,,,,,,,,,,
,,,,,,,,,,,,,,,,,,,,,
,,,,,,,,,,,,,,,,,,,,,
Further Examination Required,,,,,,,,,,,,,,,,,,,,,
Discrepancy ,,,,,,,,,,,,,,,,,,,,,