,Accn,Super.Group,Organism_Taxonomic_ID,Organism.Name,SIN1,RICTOR,RAPTOR,TOR,LST8,D1,M.Strategy,C.score,Frag.score,Class.name,Phylum.name,Order.name,Family.name,Genus.name,Source
1,GCA_000006405.1,Alveolata,423536,Perkinsus marinus ATCC 50983,NA,L,M,H,M,NA,Parasite,97.08,1.17,NA,Perkinsozoa,Perkinsida,Perkinsidae,Perkinsus,NCBI
2,GCA_000165425.1,Alveolata,5888,Paramecium tetraurelia,M,H,NA,H,H,NA,Heterotroph,98.83,0.58,Oligohymenophorea,Ciliophora,Peniculida,Parameciidae,Paramecium,NCBI
3,GCA_000189635.1,Alveolata,312017,Tetrahymena thermophila SB210,NA,H,NA,H,M,NA,Heterotroph,98.83,0,Oligohymenophorea,Ciliophora,Hymenostomatida,Tetrahymenidae,Tetrahymena,NCBI
4,GCA_000220395.1,Alveolata,5932,Ichthyophthirius multifiliis,NA,M,NA,H,M,NA,Parasite,82.46,5.26,Oligohymenophorea,Ciliophora,Hymenostomatida,NA,Ichthyophthirius,NCBI
5,GCA_000711775.1,Alveolata,1172189,Oxytricha trifallax,NA,H,NA,H,M,NA,Heterotroph,0,0,Spirotrichea,Ciliophora,Sporadotrichida,Oxytrichidae,Oxytricha,NCBI
6,GCA_000751175.1,Alveolata,5949,Stylonychia lemnae,NA,H,NA,H,M,NA,Heterotroph,97.66,1.17,Spirotrichea,Ciliophora,Sporadotrichida,Oxytrichidae,Stylonychia,NCBI
7,GCA_001179505.1,Alveolata,1169540,Vitrella brassicaformis CCMP3155,NA,M,H,H,H,NA,Mixotroph,99.42,0,NA,NA,NA,Vitrellaceae,Vitrella,NCBI
8,GCA_001447515.1,Alveolata,266149,Pseudocohnilembus persalinus,NA,H,NA,H,M,NA,Heterotroph,99.42,0,Oligohymenophorea,Ciliophora,Philasterida,Pseudocohnilembidae,Pseudocohnilembus,NCBI
9,GCA_013115115.1,Alveolata,32597,Perkinsus olseni,NA,M,H,H,M,NA,Parasite,89.47,2.34,NA,Perkinsozoa,Perkinsida,Perkinsidae,Perkinsus,NCBI
10,GCA_013115145.1,Alveolata,330153,Perkinsus chesapeaki,NA,L,M,H,M,NA,Parasite,91.23,3.51,NA,Perkinsozoa,Perkinsida,Perkinsidae,Perkinsus,NCBI
11,GCA_905182985.1,Alveolata,65129,Paramecium sonneborni,M,H,NA,H,H,NA,Heterotroph,98.83,0.58,Oligohymenophorea,Ciliophora,Peniculida,Parameciidae,Paramecium,NCBI
12,GCA_905182995.1,Alveolata,43137,Paramecium octaurelia,M,H,NA,H,H,NA,Heterotroph,96.49,1.75,Oligohymenophorea,Ciliophora,Peniculida,Parameciidae,Paramecium,NCBI
13,GCA_905183005.1,Alveolata,43138,Paramecium pentaurelia,M,H,NA,H,H,NA,Heterotroph,98.25,1.17,Oligohymenophorea,Ciliophora,Peniculida,Parameciidae,Paramecium,NCBI
14,GCA_905237085.1,Alveolata,89957,Polarella glacialis,NA,L,H,H,M,NA,Autotrophic,69.59,16.37,Dinophyceae,NA,Suessiales,Suessiaceae,Polarella,NCBI
15,GCA_914767885.1,Alveolata,1481888,Blepharisma stoltei,NA,H,NA,H,M,NA,Heterotroph,95.91,2.92,Heterotrichea,Ciliophora,Heterotrichida,Blepharismidae,Blepharisma,NCBI
16,GCA_000142945.1,Stramenopiles,403677,Phytophthora infestans T30-4,M,H,H,H,H,NA,Heterotroph,100,0,NA,Oomycota,Peronosporales,Peronosporaceae,Phytophthora,NCBI
17,GCA_000149755.2,Stramenopiles,67593,Phytophthora sojae,M,H,H,H,M,NA,Heterotroph,99,1,NA,Oomycota,Peronosporales,Peronosporaceae,Phytophthora,NCBI
18,GCA_000151545.2,Stramenopiles,695850,Saprolegnia parasitica CBS 223.65,M,H,H,H,H,NA,Heterotroph,98,1,NA,Oomycota,Saprolegniales,Saprolegniaceae,Saprolegnia,NCBI
19,GCA_000151665.1,Stramenopiles,12968,Blastocystis hominis,NA,H,H,H,M,NA,Parasite,87,13,Bigyra,NA,Opalinata,Blastocystidae,Blastocystis,NCBI
20,GCA_000281045.1,Stramenopiles,1156394,Saprolegnia diclina VS20,M,H,H,H,H,NA,Heterotroph,99,0,NA,Oomycota,Saprolegniales,Saprolegniaceae,Saprolegnia,NCBI
21,GCA_000310025.1,Stramenopiles,2880,Ectocarpus siliculosus,NA,H,H,H,H,NA,Autotrophic,97,3,Phaeophyceae,NA,Ectocarpales,Ectocarpaceae,Ectocarpus,NCBI
22,GCA_000333075.3,Stramenopiles,1284355,Phytophthora kernoviae 00238/432,M,H,M,H,H,NA,Heterotroph,95,4,NA,Oomycota,Peronosporales,Peronosporaceae,Phytophthora,NCBI
23,GCA_000365505.1,Stramenopiles,1317065,Phytophthora nicotianae P1569,M,H,H,H,H,NA,Heterotroph,99,0,NA,Oomycota,Peronosporales,Peronosporaceae,Phytophthora,NCBI
24,GCA_000365525.1,Stramenopiles,1317066,Phytophthora nicotianae P1976,M,H,H,H,H,NA,Heterotroph,99,0,NA,Oomycota,Peronosporales,Peronosporaceae,Phytophthora,NCBI
25,GCA_000365545.1,Stramenopiles,1317063,Phytophthora nicotianae CJ01A1,M,H,H,H,H,NA,Heterotroph,99,0,NA,Oomycota,Peronosporales,Peronosporaceae,Phytophthora,NCBI
26,GCA_000367145.1,Stramenopiles,1317064,Phytophthora nicotianae P10297,M,H,H,H,H,NA,Heterotroph,99,0,NA,Oomycota,Peronosporales,Peronosporaceae,Phytophthora,NCBI
27,GCA_000509465.1,Stramenopiles,4792,Phytophthora nicotianae,M,H,H,H,H,NA,Heterotroph,99,0,NA,Oomycota,Peronosporales,Peronosporaceae,Phytophthora,NCBI
28,GCA_000520075.1,Stramenopiles,112090,Aphanomyces astaci,M,H,H,H,H,NA,Heterotroph,100,0,NA,Oomycota,Saprolegniales,Saprolegniaceae,Aphanomyces,NCBI
29,GCA_000520115.1,Stramenopiles,157072,Aphanomyces invadans,M,H,H,H,H,NA,Heterotroph,99,1,NA,Oomycota,Saprolegniales,Saprolegniaceae,Aphanomyces,NCBI
30,GCA_000743755.1,Stramenopiles,944170,Blastocystis sp. subtype 4,NA,H,H,H,M,NA,Parasite,98,2,Bigyra,NA,Opalinata,Blastocystidae,Blastocystis,NCBI
31,GCA_000785725.3,Stramenopiles,325452,Phytophthora kernoviae,M,H,M,H,H,NA,Heterotroph,96,3,NA,Oomycota,Peronosporales,Peronosporaceae,Phytophthora,NCBI
32,GCA_001029375.2,Stramenopiles,114742,Pythium insidiosum,M,H,H,H,H,NA,Heterotroph,94,4,NA,Oomycota,Pythiales,Pythiaceae,Pythium,NCBI
33,GCA_001078535.1,Stramenopiles,65357,Albugo candida,M,H,H,H,H,NA,Heterotroph,99,1,NA,Oomycota,Albuginales,Albuginaceae,Albugo,NCBI
34,GCA_001651215.1,Stramenopiles,478820,Blastocystis sp. ATCC 50177/Nand II,NA,H,H,H,M,NA,Parasite,99,0,Bigyra,NA,Opalinata,Blastocystidae,Blastocystis,NCBI
35,GCA_001712635.2,Stramenopiles,2483409,Nothophytophthora sp. Chile5,NA,H,H,H,H,NA,Heterotroph,89,4,NA,Oomycota,Peronosporales,Peronosporaceae,Nothophytophthora,NCBI
36,GCA_002081575.1,Stramenopiles,74557,Thraustotheca clavata,M,H,H,H,H,NA,Heterotroph,100,0,NA,Oomycota,Saprolegniales,Saprolegniaceae,Thraustotheca,NCBI
37,GCA_002081595.1,Stramenopiles,1202772,Achlya hypogyna,M,H,H,H,H,NA,Heterotroph,99,1,NA,Oomycota,Saprolegniales,Saprolegniaceae,Achlya,NCBI
38,GCA_002897355.1,Stramenopiles,2315210,Hondaea fermentalgiana,NA,H,H,H,H,NA,Heterotroph,95,2,Bigyra,NA,Thraustochytrida,Thraustochytriaceae,Hondaea,NCBI
39,GCA_002911725.1,Stramenopiles,4796,Phytophthora palmivora,L,H,M,H,H,NA,Heterotroph,81,12,NA,Oomycota,Peronosporales,Peronosporaceae,Phytophthora,NCBI
40,GCA_003287315.1,Stramenopiles,29920,Phytophthora cactorum,M,H,H,H,H,NA,Heterotroph,100,0,NA,Oomycota,Peronosporales,Peronosporaceae,Phytophthora,NCBI
41,GCA_003704535.1,Stramenopiles,542832,Peronospora effusa,M,H,H,H,H,NA,Heterotroph,93,3,NA,Oomycota,Peronosporales,Peronosporaceae,Peronospora,NCBI
42,GCA_004359215.2,Stramenopiles,4779,Bremia lactucae,M,H,H,H,H,NA,Heterotroph,95,2,NA,Oomycota,Peronosporales,Peronosporaceae,Bremia,NCBI
43,GCA_004359215.2,Stramenopiles,4779,Bremia lactucae,M,H,H,H,H,NA,Heterotroph,95,2,NA,Oomycota,Peronosporales,Peronosporaceae,Bremia,NCBI
44,GCA_004565275.1,Stramenopiles,1027361,Nannochloropsis salina CCMP1776,NA,M,H,H,H,NA,Mixotroph,92,4,Eustigmatophyceae,NA,Eustigmatales,Monodopsidaceae,Microchloropsis,NCBI
45,GCA_004565275.1,Stramenopiles,1027361,Nannochloropsis salina CCMP1776,NA,M,H,H,H,NA,Mixotroph,92,4,Eustigmatophyceae,NA,Eustigmatales,Monodopsidaceae,Microchloropsis,NCBI
46,GCA_005966545.1,Stramenopiles,41045,Pythium oligandrum,M,H,H,H,H,NA,Heterotroph,100,0,NA,Oomycota,Pythiales,Pythiaceae,Pythium,NCBI
47,GCA_005966545.1,Stramenopiles,41045,Pythium oligandrum,M,H,H,H,H,NA,Heterotroph,100,0,NA,Oomycota,Pythiales,Pythiaceae,Pythium,NCBI
48,GCA_006386115.1,Stramenopiles,82926,Globisporangium splendens,M,H,H,H,H,NA,Heterotroph,92,0,NA,Oomycota,Pythiales,Pythiaceae,Globisporangium,NCBI
49,GCA_006386115.1,Stramenopiles,82926,Globisporangium splendens,M,H,H,H,H,NA,Heterotroph,92,0,NA,Oomycota,Pythiales,Pythiaceae,Globisporangium,NCBI
50,GCA_008271595.1,Stramenopiles,1485010,[Pythium] brassicae (nom. inval.),M,H,H,H,H,NA,Heterotroph,100,0,NA,Oomycota,Pythiales,Pythiaceae,Globisporangium,NCBI
51,GCA_009729455.1,Stramenopiles,53985,Phytophthora fragariae,M,H,H,H,H,NA,Heterotroph,94,0,NA,Oomycota,Peronosporales,Peronosporaceae,Phytophthora,NCBI
52,GCA_009732905.1,Stramenopiles,129364,Phytophthora rubi,M,H,H,H,H,NA,Heterotroph,100,0,NA,Oomycota,Peronosporales,Peronosporaceae,Phytophthora,NCBI
53,GCA_009835175.1,Stramenopiles,100861,Aphanomyces euteiches,M,H,H,H,H,NA,Heterotroph,100,0,NA,Oomycota,Saprolegniales,Saprolegniaceae,Aphanomyces,NCBI
54,GCA_012295175.1,Stramenopiles,4787,Phytophthora infestans,M,H,H,H,H,NA,Heterotroph,98,1,NA,Oomycota,Peronosporales,Peronosporaceae,Phytophthora,NCBI
55,GCA_012489335.1,Stramenopiles,1714386,Triparma laevis f. inornata,NA,H,H,H,L,NA,Mixotroph,75,9,Bolidophyceae,NA,Parmales,Triparmaceae,Triparma,NCBI
56,GCA_016618375.1,Stramenopiles,4784,Phytophthora capsici,M,H,H,H,H,NA,Heterotroph,99,0,NA,Oomycota,Peronosporales,Peronosporaceae,Phytophthora,NCBI
57,GCA_016865095.1,Stramenopiles,53986,Phytophthora idaei,M,H,H,H,H,NA,Heterotroph,99,1,NA,Oomycota,Peronosporales,Peronosporaceae,Phytophthora,NCBI
58,GCA_017506865.1,Stramenopiles,303371,Tribonema minus,NA,M,H,H,H,NA,Mixotroph,93,2,Xanthophyceae,NA,Tribonematales,Tribonemataceae,Tribonema,NCBI
59,GCA_018691715.1,Stramenopiles,4785,Phytophthora cinnamomi,M,H,H,H,H,NA,Heterotroph,100,0,NA,Oomycota,Peronosporales,Peronosporaceae,Phytophthora,NCBI
60,GCA_018873745.1,Stramenopiles,2496075,Phytophthora aleatoria,M,H,H,H,H,NA,Heterotroph,99,0,NA,Oomycota,Peronosporales,Peronosporaceae,Phytophthora,NCBI
61,GCA_019155685.1,Stramenopiles,109152,Phytophthora boehmeriae,M,H,H,H,H,NA,Heterotroph,92,0,NA,Oomycota,Peronosporales,Peronosporaceae,Phytophthora,NCBI
62,GCA_019828595.1,Stramenopiles,112091,Aphanomyces cochlioides,M,H,NA,H,L,NA,Heterotroph,80,2,NA,Oomycota,Saprolegniales,Saprolegniaceae,Aphanomyces,NCBI
63,GCA_020800215.1,Stramenopiles,164328,Phytophthora ramorum,M,H,H,H,H,NA,Heterotroph,99,1,NA,Oomycota,Peronosporales,Peronosporaceae,Phytophthora,NCBI
64,GCA_026184515.1,Stramenopiles,230839,Peronosclerospora sorghi,NA,H,H,H,H,NA,Heterotroph,81,4,NA,Oomycota,Peronosporales,Peronosporaceae,Peronosclerospora,NCBI
65,GCA_027925865.1,Stramenopiles,4803,Lagenidium giganteum,M,H,H,H,H,NA,Heterotroph,92,0,NA,Oomycota,Lagenidiales,Lagenidiaceae,Lagenidium,NCBI
66,GCA_030267505.1,Stramenopiles,2962635,Tetraparma gracilis,NA,H,H,H,M,NA,Mixotroph,66,12,Bolidophyceae,NA,Parmales,Triparmaceae,Tetraparma,NCBI
67,GCA_030267625.1,Stramenopiles,2557542,Triparma retinervis,NA,H,H,H,H,NA,Mixotroph,68,14,Bolidophyceae,NA,Parmales,Triparmaceae,Triparma,NCBI
68,GCA_030267725.1,Stramenopiles,2077276,Phytophthora lilii,NA,H,H,H,M,NA,Heterotroph,78,14,NA,Oomycota,Peronosporales,Peronosporaceae,Phytophthora,NCBI
69,GCA_030267785.1,Stramenopiles,1490495,Phytophthora fragariaefolia,NA,H,H,H,M,NA,Heterotroph,74,14,NA,Oomycota,Peronosporales,Peronosporaceae,Phytophthora,NCBI
70,GCA_030267805.1,Stramenopiles,1714387,Triparma laevis f. longispina,NA,H,H,H,H,NA,Mixotroph,93,0,Bolidophyceae,NA,Parmales,Triparmaceae,Triparma,NCBI
71,GCA_030267905.1,Stramenopiles,1606542,Triparma verrucosa,NA,H,H,H,H,NA,Mixotroph,95,0,Bolidophyceae,NA,Parmales,Triparmaceae,Triparma,NCBI
72,GCA_030267945.1,Stramenopiles,1606541,Triparma strigata,NA,H,H,H,H,NA,Mixotroph,94,0,Bolidophyceae,NA,Parmales,Triparmaceae,Triparma,NCBI
73,GCA_030267965.1,Stramenopiles,722753,Triparma columacea,NA,H,H,H,H,NA,Mixotroph,91,3,Bolidophyceae,NA,Parmales,Triparmaceae,Triparma,NCBI
74,GCA_030267985.1,Stramenopiles,2962637,Parmales sp. scaly parma,NA,H,H,H,H,NA,Mixotroph,91,1,Bolidophyceae,NA,Parmales,NA,NA,NCBI
75,GCA_031305395.1,Stramenopiles,4793,Phytophthora citrophthora,M,H,H,H,NA,NA,Heterotroph,91,1,NA,Oomycota,Peronosporales,Peronosporaceae,Phytophthora,NCBI
76,GCA_039096195.1,Stramenopiles,3128534,Blastocystis sp. BT1,NA,H,H,H,M,NA,Parasite,93,2,Bigyra,NA,Opalinata,Blastocystidae,Blastocystis,NCBI
77,GCA_039096215.1,Stramenopiles,3128537,Blastocystis sp. NMH,NA,H,H,H,M,NA,Parasite,95,2,Bigyra,NA,Opalinata,Blastocystidae,Blastocystis,NCBI
78,GCA_039096225.1,Stramenopiles,3128533,Blastocystis sp. Blastoise,NA,H,H,H,H,NA,Parasite,98,1,Bigyra,NA,Opalinata,Blastocystidae,Blastocystis,NCBI
79,GCA_039096365.1,Stramenopiles,3128536,Blastocystis sp. JDR,NA,H,H,H,M,NA,Parasite,93,2,Bigyra,NA,Opalinata,Blastocystidae,Blastocystis,NCBI
80,GCA_039096925.1,Stramenopiles,3128535,Blastocystis sp. DL,NA,H,H,H,M,NA,Parasite,85,8,Bigyra,NA,Opalinata,Blastocystidae,Blastocystis,NCBI
81,GCA_900000015.1,Stramenopiles,4781,Plasmopara halstedii,M,H,H,H,H,NA,Heterotroph,100,0,NA,Oomycota,Peronosporales,Peronosporaceae,Plasmopara,NCBI
82,GCA_902602495.3,Stramenopiles,867726,Ectocarpus sp. CCAP 1310/34,NA,H,H,H,L,NA,Autotrophic,83,4,Phaeophyceae,NA,Ectocarpales,Ectocarpaceae,Ectocarpus,NCBI
83,GCA_920618645.1,Stramenopiles,622444,Peronospora belbahrii,M,H,H,H,H,NA,Heterotroph,98,0,NA,Oomycota,Peronosporales,Peronosporaceae,Peronospora,NCBI
84,GCA_920940705.1,Stramenopiles,134698,Peronospora farinosa,M,H,H,H,H,NA,Heterotroph,98,0,NA,Oomycota,Peronosporales,Peronosporaceae,Peronospora,NCBI
85,GCA_921007115.2,Stramenopiles,2874970,Peronospora matthiolae,M,H,H,H,H,NA,Heterotroph,98,1,NA,Oomycota,Peronosporales,Peronosporaceae,Peronospora,NCBI
86,GCA_947650285.1,Stramenopiles,162125,Hyaloperonospora brassicae,M,H,H,H,H,NA,Heterotroph,99,0,NA,Oomycota,Peronosporales,Peronosporaceae,Hyaloperonospora,NCBI
87,GCA_947650345.1,Stramenopiles,86335,Peronospora destructor,M,H,H,H,H,NA,Heterotroph,96,3,NA,Oomycota,Peronosporales,Peronosporaceae,Peronospora,NCBI
88,NanspC018,Stramenopiles,52230,Nannochloropsis sp.,NA,M,H,H,H,NA,Autotrophic,97,1,Eustigmatophyceae,NA,Eustigmatales,Monodopsidaceae,Nannochloropsis,JGI
89,Sarfu1,Stramenopiles,590727,Sargassum fusiforme,NA,H,H,H,M,NA,Mixotroph,93,5,Phaeophyceae,NA,Fucales,Sargassaceae,Sargassum,JGI
90,Nanoce84910,Stramenopiles,145522,Nannochloropsis oceanica,NA,M,H,H,H,NA,Autotrophic,94,4,Eustigmatophyceae,NA,Eustigmatales,Monodopsidaceae,Nannochloropsis,JGI
91,Undpi1,Stramenopiles,74381,Undaria pinnatifida,NA,H,H,H,M,NA,Autotrophic,93,2,Phaeophyceae,NA,Laminariales,Alariaceae,Undaria,JGI
92,Alaesc1,Stramenopiles,2889,Alaria esculenta,NA,H,H,H,H,NA,Autotrophic,95,2,Phaeophyceae,NA,Laminariales,Alariaceae,Alaria,JGI
93,MonC73,Stramenopiles,1745946,Monodopsis,L,H,H,H,H,H,Autotrophic,100,0,Eustigmatophyceae,NA,Eustigmatales,Monodopsidaceae,Monodopsis,JGI
94,VisC74,Stramenopiles,44431,Vischeria,L,H,H,H,H,NA,Autotrophic,100,0,Eustigmatophyceae,NA,Eustigmatales,Chlorobotryaceae,Vischeria,JGI
95,Macpyr2,Stramenopiles,35122,Macrocystis pyrifera,NA,H,H,H,H,NA,Autotrophic,88,6,Phaeophyceae,NA,Laminariales,Laminariaceae,Macrocystis,JGI
96,Hypcat1,Stramenopiles,42384,Hyphochytrium catenoides,L,M,H,H,H,NA,Heterotroph,74,15,Hyphochytriomycetes,NA,NA,Hyphochytriaceae,Hyphochytrium,JGI
97,LabyHa,Stramenopiles,2710872,Labyrinthula sp. Ha,NA,M,NA,H,NA,NA,Heterotroph,77,3,Bigyra,NA,Labyrinthulida,Labyrinthulaceae,Labyrinthula,JGI
98,Hyaar1,Stramenopiles,559515,Hyaloperonospora arabidopsidis Emoy2,M,H,H,H,H,NA,Heterotroph,87,5,NA,Oomycota,Peronosporales,Peronosporaceae,Hyaloperonospora,JGI
99,Nemde1,Stramenopiles,2185085,Nemacystus decipiens,NA,H,H,H,H,NA,Autotrophic,97,2,Phaeophyceae,NA,Ectocarpales,Chordariaceae,Nemacystus,JGI
100,Claok1,Stramenopiles,309737,Cladosiphon okamuranus,NA,H,H,H,L,NA,Autotrophic,97,1,Phaeophyceae,NA,Ectocarpales,Chordariaceae,Cladosiphon,JGI
101,Ochro1393,Stramenopiles,420556,Ochromonas sp. CCMP1393,L,M,H,H,H,H,Mixotroph,94,3,Chrysophyceae,NA,Chromulinales,Chromulinaceae,Ochromonas,JGI
102,Parimp1,Stramenopiles,37642,Paraphysomonas imperforata,L,H,H,H,H,NA,Mixotroph,98,0,Chrysophyceae,NA,Chromulinales,Paraphysomonadaceae,Paraphysomonas,JGI
103,Schag1,Stramenopiles,876976,Schizochytrium aggregatum ATCC 28209,NA,H,H,H,H,NA,Heterotroph,91,3,Bigyra,NA,Thraustochytrida,Thraustochytriaceae,Schizochytrium,JGI
104,Aplke1,Stramenopiles,87111,Aplanochytrium kerguelense,NA,H,H,H,H,NA,Heterotroph,94,3,Bigyra,NA,Thraustochytrida,Thraustochytriaceae,Aplanochytrium,JGI
105,Phyci1,Stramenopiles,622258,Phytophthora cinnamomi var. cinnamomi,M,H,H,H,H,NA,Heterotroph,96,4,NA,Oomycota,Peronosporales,Peronosporaceae,Phytophthora,JGI
106,Aurli1,Stramenopiles,717989,Aurantiochytrium limacinum ATCC MYA-1381,NA,L,H,H,H,NA,Heterotroph,94,2,Bigyra,NA,Thraustochytrida,Thraustochytriaceae,Aurantiochytrium,JGI
107,Sacja1,Stramenopiles,88149,Saccharina japonica,NA,H,M,H,M,NA,Autotrophic,90,6,Phaeophyceae,NA,Laminariales,Laminariaceae,Saccharina,JGI
108,GCA_000002435.2,Metamonada,5741,Giardia intestinalis,NA,H,H,H,M,NA,Parasite,23.92,5.88,NA,Fornicata,Diplomonadida,Hexamitidae,Giardia,NCBI
109,GCA_000002825.3,Metamonada,412133,Trichomonas vaginalis G3,NA,M,H,H,M,NA,Parasite,52.16,6.67,NA,Parabasalia,Trichomonadida,Trichomonadidae,Trichomonas,NCBI
110,GCA_000182405.1,Metamonada,598745,Giardia intestinalis ATCC 50581,NA,H,H,H,M,NA,Parasite,23.53,6.67,NA,Fornicata,Diplomonadida,Hexamitidae,Giardia,NCBI
111,GCA_000182665.1,Metamonada,658858,Giardia lamblia P15,NA,H,H,H,M,NA,Parasite,23.92,6.27,NA,Fornicata,Diplomonadida,Hexamitidae,Giardia,NCBI
112,GCA_001543975.1,Metamonada,1394984,Giardia intestinalis assemblage B,NA,H,H,H,M,NA,Parasite,23.14,6.67,NA,Fornicata,Diplomonadida,Hexamitidae,Giardia,NCBI
113,GCA_001839685.2,Metamonada,1144522,Tritrichomonas foetus,NA,M,H,H,M,NA,Parasite,50.59,4.71,NA,Parabasalia,Tritrichomonadida,Tritrichomonadidae,Tritrichomonas,NCBI
114,GCA_003568945.1,Metamonada,797122,Kipferlia bialata,NA,L,M,H,L,NA,Parasite,18.82,21.96,NA,Fornicata,NA,NA,Kipferlia,NCBI
115,GCA_006247105.1,Metamonada,5742,Giardia muris,NA,H,M,H,L,NA,Parasite,22.35,7.06,NA,Fornicata,Diplomonadida,Hexamitidae,Giardia,NCBI
116,GCA_019828565.1,Metamonada,201153,Carpediemonas membranifera,NA,H,H,H,M,NA,Parasite,48.63,11.37,NA,Fornicata,NA,NA,Carpediemonas,NCBI
117,GCA_020184695.1,Metamonada,135588,Histomonas meleagridis,NA,M,M,H,M,NA,Parasite,46.67,9.8,NA,Parabasalia,Tritrichomonadida,Dientamoebidae,Histomonas,NCBI
118,GCA_027625915.1,Metamonada,1746091,Anaeramoeba flamelloides,L,H,H,H,H,NA,Heterotroph,79.61,3.14,NA,NA,NA,Anaeramoebidae,Anaeramoeba,NCBI
119,GCA_028826165.1,Metamonada,1746090,Anaeramoeba ignava,L,H,H,H,H,NA,Heterotroph,77.25,2.75,NA,NA,NA,Anaeramoebidae,Anaeramoeba,NCBI
120,GCA_033064195.1,Metamonada,2049346,Blattamonas nauphoetae,NA,L,H,H,L,NA,Heterotroph,52.94,9.02,NA,Preaxostyla,Oxymonadida,NA,Blattamonas,NCBI
121,GCA_039105265.1,Metamonada,1915356,Tritrichomonas musculus,NA,M,H,H,M,NA,Heterotroph,54.51,7.06,NA,Parabasalia,Tritrichomonadida,Tritrichomonadidae,Tritrichomonas,NCBI
122,GCA_040285745.1,Metamonada,2654837,Barthelona sp. PCE,NA,M,H,H,M,NA,Heterotroph,40.78,7.45,NA,NA,NA,NA,Barthelona,NCBI
123,GCA_000002445.1,Discoba,185431,Trypanosoma brucei brucei TREU927,NA,H,H,H,H,NA,Parasite,97.69,1.54,Kinetoplastea,Euglenozoa,Trypanosomatida,Trypanosomatidae,Trypanosoma,NCBI
124,GCA_000002725.2,Discoba,347515,Leishmania major strain Friedlin,NA,H,H,H,H,NA,Parasite,100,0,Kinetoplastea,Euglenozoa,Trypanosomatida,Trypanosomatidae,Leishmania,NCBI
125,GCA_000002845.2,Discoba,420245,Leishmania braziliensis MHOM/BR/75/M2904,NA,H,H,H,H,NA,Parasite,96.92,1.54,Kinetoplastea,Euglenozoa,Trypanosomatida,Trypanosomatidae,Leishmania,NCBI
126,GCA_000002875.2,Discoba,435258,Leishmania infantum JPCM5,NA,H,H,H,H,NA,Parasite,100,0,Kinetoplastea,Euglenozoa,Trypanosomatida,Trypanosomatidae,Leishmania,NCBI
127,GCA_000004985.1,Discoba,5762,Naegleria gruberi,NA,M,H,H,H,NA,Heterotroph,77.65,10.2,NA,Heterolobosea,NA,Vahlkampfiidae,Naegleria,NCBI
128,GCA_000188675.2,Discoba,5693,Trypanosoma cruzi,NA,H,H,H,M,NA,Parasite,93.08,4.62,Kinetoplastea,Euglenozoa,Trypanosomatida,Trypanosomatidae,Trypanosoma,NCBI
129,GCA_000210295.1,Discoba,679716,Trypanosoma brucei gambiense DAL972,NA,H,H,H,H,NA,Parasite,98.46,1.54,Kinetoplastea,Euglenozoa,Trypanosomatida,Trypanosomatidae,Trypanosoma,NCBI
130,GCA_000227135.2,Discoba,5661,Leishmania donovani,NA,H,H,H,H,NA,Parasite,99.23,0,Kinetoplastea,Euglenozoa,Trypanosomatida,Trypanosomatidae,Leishmania,NCBI
131,GCA_000234665.4,Discoba,929439,Leishmania mexicana MHOM/GT/2001/U1103,NA,H,H,H,H,NA,Parasite,99.23,0.77,Kinetoplastea,Euglenozoa,Trypanosomatida,Trypanosomatidae,Leishmania,NCBI
132,GCA_000300495.1,Discoba,85056,Trypanosoma cruzi marinkellei,NA,H,H,H,M,NA,Parasite,98.46,0.77,Kinetoplastea,Euglenozoa,Trypanosomatida,Trypanosomatidae,Trypanosoma,NCBI
133,GCA_000442575.2,Discoba,59799,Angomonas deanei,NA,M,H,H,M,NA,Parasite,79.23,16.92,Kinetoplastea,Euglenozoa,Trypanosomatida,Trypanosomatidae,Angomonas,NCBI
134,GCA_000492115.1,Discoba,429131,Trypanosoma rangeli SC58,NA,H,H,H,NA,NA,Parasite,94.62,3.85,Kinetoplastea,Euglenozoa,Trypanosomatida,Trypanosomatidae,Trypanosoma,NCBI
135,GCA_000496795.1,Discoba,1416333,Trypanosoma cruzi Dm28c,NA,H,H,H,M,NA,Parasite,90.77,8.46,Kinetoplastea,Euglenozoa,Trypanosomatida,Trypanosomatidae,Trypanosoma,NCBI
136,GCA_000582765.1,Discoba,479712,Phytomonas sp. EM1,NA,H,H,H,M,NA,Parasite,90,9.23,Kinetoplastea,Euglenozoa,Trypanosomatida,Trypanosomatidae,Phytomonas,NCBI
137,GCA_000691245.1,Discoba,71804,Trypanosoma grayi,NA,H,H,H,M,NA,Parasite,95.38,3.85,Kinetoplastea,Euglenozoa,Trypanosomatida,Trypanosomatidae,Trypanosoma,NCBI
138,GCA_000755165.1,Discoba,5679,Leishmania panamensis,NA,H,H,H,H,NA,Parasite,100,0,Kinetoplastea,Euglenozoa,Trypanosomatida,Trypanosomatidae,Leishmania,NCBI
139,GCA_000982615.1,Discoba,223615,Phytomonas sp. Hart1,NA,L,H,H,M,NA,Parasite,80,19.23,Kinetoplastea,Euglenozoa,Trypanosomatida,Trypanosomatidae,Phytomonas,NCBI
140,GCA_001293395.1,Discoba,157538,Leptomonas pyrrhocoris,NA,H,H,H,M,NA,Parasite,100,0,Kinetoplastea,Euglenozoa,Trypanosomatida,Trypanosomatidae,Leptomonas,NCBI
141,GCA_001299535.1,Discoba,5684,Leptomonas seymouri,NA,H,H,H,M,NA,Parasite,99.23,0.77,Kinetoplastea,Euglenozoa,Trypanosomatida,Trypanosomatidae,Leptomonas,NCBI
142,GCA_001457755.2,Discoba,5694,Trypanosoma equiperdum,NA,H,H,H,H,NA,Parasite,94.62,0,Kinetoplastea,Euglenozoa,Trypanosomatida,Trypanosomatidae,Trypanosoma,NCBI
143,GCA_001460835.1,Discoba,75058,Bodo saltans,NA,H,H,H,M,NA,Heterotroph,89.23,8.46,Kinetoplastea,Euglenozoa,Eubodonida,Bodonidae,Bodo,NCBI
144,GCA_002087225.1,Discoba,67003,Trypanosoma theileri,NA,H,H,H,M,NA,Parasite,99.23,0.77,Kinetoplastea,Euglenozoa,Trypanosomatida,Trypanosomatidae,Trypanosoma,NCBI
145,GCA_002219105.2,Discoba,85057,Trypanosoma cruzi cruzi,NA,H,H,H,M,NA,Parasite,100,0,Kinetoplastea,Euglenozoa,Trypanosomatida,Trypanosomatidae,Trypanosoma,NCBI
146,GCA_003324165.2,Discoba,51637,Naegleria lovaniensis,NA,H,H,H,H,NA,Heterotroph,86.27,4.71,NA,Heterolobosea,NA,Vahlkampfiidae,Naegleria,NCBI
147,GCA_003543875.1,Discoba,630700,Trypanosoma brucei equiperdum,NA,H,NA,H,H,NA,Parasite,76.15,4.62,Kinetoplastea,Euglenozoa,Trypanosomatida,Trypanosomatidae,Trypanosoma,NCBI
148,GCA_003719475.1,Discoba,5698,Trypanosoma rangeli,NA,H,H,H,M,NA,Parasite,96.15,3.85,Kinetoplastea,Euglenozoa,Trypanosomatida,Trypanosomatidae,Trypanosoma,NCBI
149,GCA_003719485.1,Discoba,83891,Trypanosoma conorhini,NA,H,H,H,M,NA,Parasite,97.69,1.54,Kinetoplastea,Euglenozoa,Trypanosomatida,Trypanosomatidae,Trypanosoma,NCBI
150,GCA_008403515.1,Discoba,5763,Naegleria fowleri,NA,H,H,H,L,NA,Heterotroph,85.88,3.14,NA,Heterolobosea,NA,Vahlkampfiidae,Naegleria,NCBI
151,GCA_009731335.1,Discoba,5689,Leishmania tarentolae,NA,H,H,H,H,NA,Parasite,98.46,0.77,Kinetoplastea,Euglenozoa,Trypanosomatida,Trypanosomatidae,Leishmania,NCBI
152,GCA_017916305.1,Discoba,5663,Leishmania enriettii,NA,H,H,H,H,NA,Parasite,98.46,0,Kinetoplastea,Euglenozoa,Trypanosomatida,Trypanosomatidae,Leishmania,NCBI
153,GCA_017916325.1,Discoba,1580590,Leishmania martiniquensis,NA,H,H,H,H,NA,Parasite,100,0,Kinetoplastea,Euglenozoa,Trypanosomatida,Trypanosomatidae,Leishmania,NCBI
154,GCA_017916335.1,Discoba,2249476,Leishmania orientalis,NA,H,H,H,H,NA,Parasite,99.23,0.77,Kinetoplastea,Euglenozoa,Trypanosomatida,Trypanosomatidae,Leishmania,NCBI
155,GCA_017918215.1,Discoba,2803181,Leishmania sp. Ghana 2012 LV757,NA,H,H,H,H,NA,Parasite,96.92,0,Kinetoplastea,Euglenozoa,Trypanosomatida,Trypanosomatidae,Leishmania,NCBI
156,GCA_017918225.1,Discoba,2802991,Leishmania sp. Namibia,NA,H,H,H,H,NA,Parasite,99.23,0,Kinetoplastea,Euglenozoa,Trypanosomatida,Trypanosomatidae,Leishmania,NCBI
157,GCA_017918235.1,Discoba,2761500,Porcisia hertigi,NA,H,H,H,M,NA,Parasite,98.46,0,Kinetoplastea,Euglenozoa,Trypanosomatida,Trypanosomatidae,Porcisia,NCBI
158,GCA_019425475.1,Discoba,5699,Trypanosoma vivax,NA,H,H,H,M,NA,Parasite,91.54,0.77,Kinetoplastea,Euglenozoa,Trypanosomatida,Trypanosomatidae,Trypanosoma,NCBI
159,GCA_022059095.1,Discoba,715481,Trypanosoma melophagium,NA,H,H,H,M,NA,Parasite,100,0,Kinetoplastea,Euglenozoa,Trypanosomatida,Trypanosomatidae,Trypanosoma,NCBI
160,GCA_024505685.1,Discoba,5660,Leishmania braziliensis,NA,H,H,H,H,NA,Parasite,93.08,2.31,Kinetoplastea,Euglenozoa,Trypanosomatida,Trypanosomatidae,Leishmania,NCBI
161,GCA_026419775.2,Discoba,1008807,Acrasis kona,NA,H,H,H,H,NA,Heterotroph,85.49,6.67,NA,Heterolobosea,NA,Acrasidae,Acrasis,NCBI
162,GCA_030068145.1,Discoba,91374,Diplonema papillatum,NA,H,H,H,H,NA,Heterotroph,39.23,9.23,Diplonemea,Euglenozoa,NA,Diplonemidae,Diplonema,NCBI
163,GCA_040363505.1,Discoba,653362,Leishmania utingensis,NA,H,H,H,H,NA,Parasite,97.69,0.77,Kinetoplastea,Euglenozoa,Trypanosomatida,Trypanosomatidae,Leishmania,NCBI
164,GCA_040363515.1,Discoba,5680,Leishmania shawi,NA,H,H,H,H,NA,Parasite,96.92,0.77,Kinetoplastea,Euglenozoa,Trypanosomatida,Trypanosomatidae,Leishmania,NCBI
165,GCA_040363635.1,Discoba,5678,Leishmania naiffi,NA,H,H,H,H,NA,Parasite,95.38,1.54,Kinetoplastea,Euglenozoa,Trypanosomatida,Trypanosomatidae,Leishmania,NCBI
166,GCA_040363675.1,Discoba,651832,Leishmania lindenbergi,NA,H,H,H,H,NA,Parasite,96.15,0.77,Kinetoplastea,Euglenozoa,Trypanosomatida,Trypanosomatidae,Leishmania,NCBI
167,GCA_900500625.2,Discoba,5671,Leishmania infantum,NA,H,H,H,H,NA,Parasite,100,0,Kinetoplastea,Euglenozoa,Trypanosomatida,Trypanosomatidae,Leishmania,NCBI
168,GCA_001247695.2,Chlorophyta,36881,Cymbomonas tetramitiformis,L,H,H,H,H,NA,Mixotroph,83.54,5.33,Pyramimonadophyceae,Chlorophyta,Pyramimonadales,Pyramimonadaceae,Cymbomonas,NCBI
169,GCA_007859695.1,Chlorophyta,1764295,Chloropicon primus,NA,M,H,H,H,NA,Autotrophic,91.44,0.46,Chloropicophyceae,Chlorophyta,Chloropicales,Chloropicaceae,Chloropicon,NCBI
170,GCA_038396805.1,Chlorophyta,1461544,Chloropicon roscoffensis,NA,M,H,H,H,NA,Autotrophic,91.24,0.33,Chloropicophyceae,Chlorophyta,Chloropicales,Chloropicaceae,Chloropicon,NCBI
171,GCA_000512085.1,Rhizaria,46433,Reticulomyxa filosa,NA,M,L,M,L,NA,Heterotroph,36.86,27.84,NA,Foraminifera,NA,Reticulomyxidae,Reticulomyxa,NCBI
172,GCA_001049375.1,Rhizaria,37360,Plasmodiophora brassicae,NA,H,H,M,L,NA,Heterotroph,88.63,3.92,Phytomyxea,Endomyxa,Plasmodiophorida,Plasmodiophoridae,Plasmodiophora,NCBI
173,GCA_040357525.1,Rhizaria,126728,Bonamia ostreae,NA,L,NA,L,L,NA,Parasite,25.88,18.82,Ascetosporea,Endomyxa,Haplosporida,NA,Bonamia,NCBI
174,Bigna1,Rhizaria,753081,Bigelowiella natans CCMP2755,NA,H,H,H,H,NA,Mixotroph,72.9,12.2,Chlorarachniophyceae,Cercozoa,NA,NA,Bigelowiella,JGI