"","Accn","Phylum","Organism_Taxonomic_ID","Organism_Name","SIN1","RICTOR","RAPTOR","TOR","LST8","D1","C.score","Frag.score","Class name","Phylum name","Order name","Family name","Genus name"
"1","GCA_000001735.2","Streptophyta",3702,"Arabidopsis thaliana",NA,NA,"H","H","H","H",99.6,0.1,"Magnoliopsida","Streptophyta","Brassicales","Brassicaceae","Arabidopsis"
"2","GCA_000002775.4","Streptophyta",3694,"Populus trichocarpa",NA,NA,"H","H","H","H",99.3,0.2,"Magnoliopsida","Streptophyta","Malpighiales","Salicaceae","Populus"
"3","GCA_000003195.3","Streptophyta",4558,"Sorghum bicolor",NA,NA,"H","H","H",NA,98.3,0.9,"Magnoliopsida","Streptophyta","Poales","Poaceae","Sorghum"
"4","GCA_000003745.2","Streptophyta",29760,"Vitis vinifera",NA,NA,"H","H","H","H",90.8,4.8,"Magnoliopsida","Streptophyta","Vitales","Vitaceae","Vitis"
"5","GCA_000004075.3","Streptophyta",3659,"Cucumis sativus",NA,NA,"H","H","L","M",95.3,2.6,"Magnoliopsida","Streptophyta","Cucurbitales","Cucurbitaceae","Cucumis"
"6","GCA_000004255.1","Streptophyta",81972,"Arabidopsis lyrata subsp. lyrata",NA,NA,"H","H","H","H",96.3,1.3,"Magnoliopsida","Streptophyta","Brassicales","Brassicaceae","Arabidopsis"
"7","GCA_000004515.5","Streptophyta",3847,"Glycine max",NA,NA,"H","H","H","H",99.4,0.4,"Magnoliopsida","Streptophyta","Fabales","Fabaceae","Glycine"
"8","GCA_000004655.2","Streptophyta",39946,"Oryza sativa Indica Group",NA,NA,"H","H","H",NA,91.4,4.5,"Magnoliopsida","Streptophyta","Poales","Poaceae","Oryza"
"9","GCA_000005005.6","Streptophyta",4577,"Zea mays",NA,NA,"H","H","H","H",94.8,3.3,"Magnoliopsida","Streptophyta","Poales","Poaceae","Zea"
"10","GCA_000005425.2","Streptophyta",39947,"Oryza sativa Japonica Group",NA,NA,"H","H","H","H",73,9.9,"Magnoliopsida","Streptophyta","Poales","Poaceae","Oryza"
"11","GCA_000005505.4","Streptophyta",15368,"Brachypodium distachyon",NA,NA,"H","H","H","H",99.3,0.4,"Magnoliopsida","Streptophyta","Poales","Poaceae","Brachypodium"
"12","GCA_000143415.2","Streptophyta",88036,"Selaginella moellendorffii",NA,NA,"H","H","H","H",76.9,5.9,"Lycopodiopsida","Streptophyta","Selaginellales","Selaginellaceae","Selaginella"
"13","GCA_000149285.1","Streptophyta",39947,"Oryza sativa Japonica Group",NA,NA,"H","H","H","H",90.9,4.2,"Magnoliopsida","Streptophyta","Poales","Poaceae","Oryza"
"14","GCA_000151685.2","Streptophyta",3988,"Ricinus communis",NA,NA,"H","H","H","H",92,4.6,"Magnoliopsida","Streptophyta","Malpighiales","Euphorbiaceae","Ricinus"
"15","GCA_000211275.1","Streptophyta",3702,"Arabidopsis thaliana",NA,NA,"H","H","H","H",68,5.5,"Magnoliopsida","Streptophyta","Brassicales","Brassicaceae","Arabidopsis"
"16","GCA_000219495.2","Streptophyta",3880,"Medicago truncatula",NA,NA,"H","H","H","H",96.8,0.8,"Magnoliopsida","Streptophyta","Fabales","Fabaceae","Medicago"
"17","GCA_000263155.2","Streptophyta",4555,"Setaria italica",NA,NA,"H","H","H","H",97.9,1.1,"Magnoliopsida","Streptophyta","Poales","Poaceae","Setaria"
"18","GCA_000327365.2","Streptophyta",29730,"Gossypium raimondii",NA,NA,"H","H","H","M",98.4,1.1,"Magnoliopsida","Streptophyta","Malvales","Malvaceae","Gossypium"
"19","GCA_000331365.3","Streptophyta",4639,"Ensete ventricosum",NA,NA,"H","H","H","H",21.6,22,"Magnoliopsida","Streptophyta","Zingiberales","Musaceae","Ensete"
"20","GCA_000340665.2","Streptophyta",3821,"Cajanus cajan",NA,NA,"L","H","H","H",89.9,5.5,"Magnoliopsida","Streptophyta","Fabales","Fabaceae","Cajanus"
"21","GCA_000346465.2","Streptophyta",3760,"Prunus persica",NA,NA,"H","H","H",NA,99.3,0.2,"Magnoliopsida","Streptophyta","Rosales","Rosaceae","Prunus"
"22","GCA_000347455.1","Streptophyta",4572,"Triticum urartu",NA,NA,NA,"H","H","H",55.5,14.7,"Magnoliopsida","Streptophyta","Poales","Poaceae","Triticum"
"23","GCA_000375325.1","Streptophyta",81985,"Capsella rubella",NA,NA,"H","H","H","H",95.7,2.2,"Magnoliopsida","Streptophyta","Brassicales","Brassicaceae","Capsella"
"24","GCA_000403535.1","Streptophyta",3641,"Theobroma cacao",NA,NA,"H","H","H","H",99.4,0.2,"Magnoliopsida","Streptophyta","Malvales","Malvaceae","Theobroma"
"25","GCA_000414095.2","Streptophyta",981085,"Morus notabilis",NA,NA,"H","H",NA,"H",87.2,7.5,"Magnoliopsida","Streptophyta","Rosales","Moraceae","Morus"
"26","GCA_000441915.1","Streptophyta",192259,"Genlisea aurea",NA,NA,"H","H","H","H",70.5,16.2,"Magnoliopsida","Streptophyta","Lamiales","Lentibulariaceae","Genlisea"
"27","GCA_000471905.1","Streptophyta",13333,"Amborella trichopoda",NA,NA,"H","H","H","H",89.9,5.4,"Magnoliopsida","Streptophyta","Amborellales","Amborellaceae","Amborella"
"28","GCA_000478725.1","Streptophyta",72664,"Eutrema salsugineum",NA,NA,"H","H","H","H",98.2,0.9,"Magnoliopsida","Streptophyta","Brassicales","Brassicaceae","Eutrema"
"29","GCA_000493195.1","Streptophyta",85681,"Citrus x clementina",NA,NA,"H","H","H","M",93.6,4.7,"Magnoliopsida","Streptophyta","Sapindales","Rutaceae","Citrus"
"30","GCA_000499845.2","Streptophyta",3885,"Phaseolus vulgaris",NA,NA,"H","H","H","M",98,1.4,"Magnoliopsida","Streptophyta","Fabales","Fabaceae","Phaseolus"
"31","GCA_000504015.1","Streptophyta",4155,"Erythranthe guttata",NA,NA,"H","H","H","H",91.3,5.1,"Magnoliopsida","Streptophyta","Lamiales","Phrymaceae","Erythranthe"
"32","GCA_000510995.2","Streptophyta",3562,"Spinacia oleracea",NA,NA,"H","H","H","H",94.1,4,"Magnoliopsida","Streptophyta","Caryophyllales","Chenopodiaceae","Spinacia"
"33","GCA_000511025.2","Streptophyta",3555,"Beta vulgaris subsp. vulgaris",NA,NA,"H","H","H","H",97.3,1.4,"Magnoliopsida","Streptophyta","Caryophyllales","Chenopodiaceae","Beta"
"34","GCA_000512255.2","Streptophyta",4072,"Capsicum annuum",NA,NA,"H","H","H","H",86.5,5.7,"Magnoliopsida","Streptophyta","Solanales","Solanaceae","Capsicum"
"35","GCA_000583005.2","Streptophyta",57577,"Trifolium pratense",NA,NA,"H","H","H","L",63.7,31.5,"Magnoliopsida","Streptophyta","Fabales","Fabaceae","Trifolium"
"36","GCA_000612305.2","Streptophyta",71139,"Eucalyptus grandis",NA,NA,"H","H","H","L",93.9,3.4,"Magnoliopsida","Streptophyta","Myrtales","Myrtaceae","Eucalyptus"
"37","GCA_000695605.1","Streptophyta",2711,"Citrus sinensis",NA,NA,"H","H","H","H",78.6,14.6,"Magnoliopsida","Streptophyta","Sapindales","Rutaceae","Citrus"
"38","GCA_000696525.1","Streptophyta",180498,"Jatropha curcas",NA,NA,"H","H","H",NA,91.8,4.5,"Magnoliopsida","Streptophyta","Malpighiales","Euphorbiaceae","Jatropha"
"39","GCA_000708835.1","Streptophyta",105231,"Klebsormidium nitens",NA,"H","H","H","H","H",69.3,4.3,"Klebsormidiophyceae","Streptophyta","Klebsormidiales","Klebsormidiaceae","Klebsormidium"
"40","GCA_000722935.2","Streptophyta",3848,"Glycine soja",NA,NA,"H","H","H","H",90.3,4.6,"Magnoliopsida","Streptophyta","Fabales","Fabaceae","Glycine"
"41","GCA_000733195.1","Streptophyta",50452,"Arabis alpina",NA,NA,"H","H","H","H",79.7,1.4,"Magnoliopsida","Streptophyta","Brassicales","Brassicaceae","Arabis"
"42","GCA_000751015.1","Streptophyta",3708,"Brassica napus",NA,NA,"H","H","H","H",79.6,1.9,"Magnoliopsida","Streptophyta","Brassicales","Brassicaceae","Brassica"
"43","GCA_000763605.2","Streptophyta",60419,"Castanea mollissima",NA,NA,"H","H","H","H",93.2,5.3,"Magnoliopsida","Streptophyta","Fagales","Fagaceae","Castanea"
"44","GCA_000787975.1","Streptophyta",29729,"Gossypium arboreum",NA,NA,"H","H","H","H",71.5,4.4,"Magnoliopsida","Streptophyta","Malvales","Malvaceae","Gossypium"
"45","GCA_000801105.3","Streptophyta",3726,"Raphanus sativus",NA,NA,"H","H","H","H",97.8,0.8,"Magnoliopsida","Streptophyta","Brassicales","Brassicaceae","Raphanus"
"46","GCA_000818735.3","Streptophyta",4639,"Ensete ventricosum",NA,NA,"H","H","H","H",25.2,22.4,"Magnoliopsida","Streptophyta","Zingiberales","Musaceae","Ensete"
"47","GCA_001185155.1","Streptophyta",29655,"Zostera marina",NA,NA,"H","H","H",NA,91.4,4.5,"Magnoliopsida","Streptophyta","Alismatales","Zosteraceae","Zostera"
"48","GCA_001190045.1","Streptophyta",3914,"Vigna angularis",NA,NA,"H","H","H","M",83.9,7.9,"Magnoliopsida","Streptophyta","Fabales","Fabaceae","Vigna"
"49","GCA_001411555.2","Streptophyta",51240,"Juglans regia",NA,NA,"H","H","H",NA,96.1,1.4,"Magnoliopsida","Streptophyta","Fagales","Juglandaceae","Juglans"
"50","GCA_001433935.1","Streptophyta",39947,"Oryza sativa Japonica Group",NA,NA,"H","H","H","H",79.7,9.2,"Magnoliopsida","Streptophyta","Poales","Poaceae","Oryza"
"51","GCA_001531365.2","Streptophyta",59895,"Cynara cardunculus var. scolymus",NA,NA,"H","H","M","M",86.7,7,"Magnoliopsida","Streptophyta","Asterales","Asteraceae","Cynara"
"52","GCA_001598015.1","Streptophyta",472368,"Dorcoceras hygrometricum",NA,NA,"H","H","H",NA,77.9,5.5,"Magnoliopsida","Streptophyta","Lamiales","Gesneriaceae","Dorcoceras"
"53","GCA_001605985.2","Streptophyta",906689,"Dendrobium catenatum",NA,NA,"H","H","H","H",75.6,11.2,"Magnoliopsida","Streptophyta","Asparagales","Orchidaceae","Dendrobium"
"54","GCA_001625215.2","Streptophyta",79200,"Daucus carota subsp. sativus",NA,NA,"H","H","H","H",99.1,0.4,"Magnoliopsida","Streptophyta","Apiales","Apiaceae","Daucus"
"55","GCA_001633215.2","Streptophyta",888268,"Dichanthelium oligosanthes",NA,NA,NA,"H","H","M",68.5,10,"Magnoliopsida","Streptophyta","Poales","Poaceae","Dichanthelium"
"56","GCA_001641455.1","Streptophyta",1480154,"Marchantia polymorpha subsp. ruderalis",NA,NA,"H","H","H","H",80.3,4.5,"Marchantiopsida","Streptophyta","Marchantiales","Marchantiaceae","Marchantia"
"57","GCA_001651475.1","Streptophyta",3702,"Arabidopsis thaliana",NA,NA,"H","H","H","H",94.7,3.7,"Magnoliopsida","Streptophyta","Brassicales","Brassicaceae","Arabidopsis"
"58","GCA_001659605.2","Streptophyta",3983,"Manihot esculenta",NA,NA,"H","H","H",NA,99.6,0.3,"Magnoliopsida","Streptophyta","Malpighiales","Euphorbiaceae","Manihot"
"59","GCA_001661175.1","Streptophyta",4615,"Ananas comosus",NA,NA,"H","H","H","H",83,6.3,"Magnoliopsida","Streptophyta","Poales","Bromeliaceae","Ananas"
"60","GCA_001692995.2","Streptophyta",4182,"Sesamum indicum",NA,NA,"H","H","H","H",79.5,5.4,"Magnoliopsida","Streptophyta","Lamiales","Pedaliaceae","Sesamum"
"61","GCA_001742945.1","Streptophyta",3900,"Trifolium subterraneum",NA,NA,"H","H","H",NA,78.2,12.8,"Magnoliopsida","Streptophyta","Fabales","Fabaceae","Trifolium"
"62","GCA_001865875.1","Streptophyta",3871,"Lupinus angustifolius",NA,NA,"H","H","H","H",92.7,3.7,"Magnoliopsida","Streptophyta","Fabales","Fabaceae","Lupinus"
"63","GCA_001876935.1","Streptophyta",4686,"Asparagus officinalis",NA,NA,"H","H","H",NA,78.3,10.8,"Magnoliopsida","Streptophyta","Asparagales","Asparagaceae","Asparagus"
"64","GCA_001879085.1","Streptophyta",49451,"Nicotiana attenuata",NA,NA,"H","H","H",NA,92.6,3.5,"Magnoliopsida","Streptophyta","Solanales","Solanaceae","Nicotiana"
"65","GCA_001884805.1","Streptophyta",4639,"Ensete ventricosum",NA,NA,"H","H","H","H",25,21.4,"Magnoliopsida","Streptophyta","Zingiberales","Musaceae","Ensete"
"66","GCA_001884845.1","Streptophyta",4639,"Ensete ventricosum",NA,NA,"H","H","H","H",25,22,"Magnoliopsida","Streptophyta","Zingiberales","Musaceae","Ensete"
"67","GCA_001972305.1","Streptophyta",3775,"Cephalotus follicularis",NA,NA,"H","H","H","L",96.7,1.3,"Magnoliopsida","Streptophyta","Oxalidales","Cephalotaceae","Cephalotus"
"68","GCA_001974805.1","Streptophyta",210143,"Corchorus capsularis",NA,NA,"H","H","H","H",88.4,4.3,"Magnoliopsida","Streptophyta","Malvales","Malvaceae","Corchorus"
"69","GCA_001974825.2","Streptophyta",93759,"Corchorus olitorius",NA,NA,"H","H","H","H",82.3,7.4,"Magnoliopsida","Streptophyta","Malvales","Malvaceae","Corchorus"
"70","GCA_002127325.2","Streptophyta",4232,"Helianthus annuus",NA,NA,"H","H","H","H",97.1,1.4,"Magnoliopsida","Streptophyta","Asterales","Asteraceae","Helianthus"
"71","GCA_002174775.1","Streptophyta",56857,"Macleaya cordata",NA,NA,"H","H","H","L",92.6,3,"Magnoliopsida","Streptophyta","Ranunculales","Papaveraceae","Macleaya"
"72","GCA_002201585.1","Streptophyta",22663,"Punica granatum",NA,NA,"H","H","H",NA,84,4.1,"Magnoliopsida","Streptophyta","Myrtales","Lythraceae","Punica"
"73","GCA_002211085.2","Streptophyta",206008,"Panicum hallii",NA,NA,"H","H","H","H",99.2,0.4,"Magnoliopsida","Streptophyta","Poales","Poaceae","Panicum"
"74","GCA_002220415.3","Streptophyta",4565,"Triticum aestivum",NA,NA,"H","H","H","H",98.8,0.1,"Magnoliopsida","Streptophyta","Poales","Poaceae","Triticum"
"75","GCA_002271885.2","Streptophyta",33114,"Capsicum baccatum",NA,NA,"H","H","L","H",81.5,6.2,"Magnoliopsida","Streptophyta","Solanales","Solanaceae","Capsicum"
"76","GCA_002271895.2","Streptophyta",80379,"Capsicum chinense",NA,NA,"H","H",NA,"H",79.9,8.6,"Magnoliopsida","Streptophyta","Solanales","Solanaceae","Capsicum"
"77","GCA_002738505.1","Streptophyta",218851,"Aquilegia coerulea",NA,NA,"H","H","H","H",97.6,1.4,"Magnoliopsida","Streptophyta","Ranunculales","Ranunculaceae","Aquilegia"
"78","GCA_002762385.1","Streptophyta",429701,"Handroanthus impetiginosus",NA,NA,"H","H","H","H",79.1,9.3,"Magnoliopsida","Streptophyta","Lamiales","Bignoniaceae","Handroanthus"
"79","GCA_002786265.1","Streptophyta",1088818,"Apostasia shenzhenica",NA,NA,"H","H","H",NA,81.5,8.4,"Magnoliopsida","Streptophyta","Asparagales","Orchidaceae","Apostasia"
"80","GCA_002837095.1","Streptophyta",22663,"Punica granatum",NA,NA,"H","H","H",NA,73,19.3,"Magnoliopsida","Streptophyta","Myrtales","Lythraceae","Punica"
"81","GCA_002870075.4","Streptophyta",4236,"Lactuca sativa",NA,NA,"H","H","H","H",91.1,2.2,"Magnoliopsida","Streptophyta","Asterales","Asteraceae","Lactuca"
"82","GCA_002897195.1","Streptophyta",55188,"Citrus unshiu",NA,NA,"H","H","H","H",92,4.6,"Magnoliopsida","Streptophyta","Sapindales","Rutaceae","Citrus"
"83","GCA_002906115.5","Streptophyta",58331,"Quercus suber",NA,NA,"H","H","M","H",79.7,10.2,"Magnoliopsida","Streptophyta","Fagales","Fagaceae","Quercus"
"84","GCA_002914805.1","Streptophyta",3476,"Parasponia andersonii",NA,NA,"H","H","H",NA,92.9,5.4,"Magnoliopsida","Streptophyta","Rosales","Cannabaceae","Parasponia"
"85","GCA_002914845.1","Streptophyta",63057,"Trema orientale",NA,NA,"H","H","H",NA,92.3,5.9,"Magnoliopsida","Streptophyta","Rosales","Cannabaceae","Trema"
"86","GCA_002926015.1","Streptophyta",3634,"Gossypium barbadense",NA,NA,"H","H","H","H",80.6,8.1,"Magnoliopsida","Streptophyta","Malvales","Malvaceae","Gossypium"
"87","GCA_002928715.1","Streptophyta",3634,"Gossypium barbadense",NA,NA,"H","H","H","H",79.7,7.6,"Magnoliopsida","Streptophyta","Malvales","Malvaceae","Gossypium"
"88","GCA_002966975.2","Streptophyta",2094558,"Prunus yedoensis var. nudiflora",NA,NA,"H","H","H",NA,80.7,7.9,"Magnoliopsida","Streptophyta","Rosales","Rosaceae","Prunus"
"89","GCA_002994745.2","Streptophyta",74649,"Rosa chinensis",NA,NA,"H","H","H","H",97.1,2,"Magnoliopsida","Streptophyta","Rosales","Rosaceae","Rosa"
"90","GCA_003024255.1","Streptophyta",1590841,"Actinidia chinensis var. chinensis",NA,NA,"H","H","H","H",94.4,2.5,"Magnoliopsida","Streptophyta","Ericales","Actinidiaceae","Actinidia"
"91","GCA_003032435.1","Streptophyta",3197,"Marchantia polymorpha",NA,NA,"H","H","H","H",87.5,1.2,"Marchantiopsida","Streptophyta","Marchantiales","Marchantiaceae","Marchantia"
"92","GCA_003046395.2","Streptophyta",4540,"Panicum miliaceum",NA,NA,"H","H","H","H",94.8,2.2,"Magnoliopsida","Streptophyta","Poales","Poaceae","Panicum"
"93","GCA_003061485.1","Streptophyta",1504633,"Panicum hallii var. hallii",NA,NA,"H","H","H","H",99.3,0.3,"Magnoliopsida","Streptophyta","Poales","Poaceae","Panicum"
"94","GCA_003112345.1","Streptophyta",35608,"Artemisia annua",NA,NA,"H","H","H","H",90.5,2.8,"Magnoliopsida","Streptophyta","Asterales","Asteraceae","Artemisia"
"95","GCA_003185045.1","Streptophyta",4577,"Zea mays",NA,NA,"H","H","H","H",87.2,8.2,"Magnoliopsida","Streptophyta","Poales","Poaceae","Zea"
"96","GCA_003260385.1","Streptophyta",267555,"Cuscuta australis",NA,NA,"H","H","H",NA,84.9,2.3,"Magnoliopsida","Streptophyta","Solanales","Convolvulaceae","Cuscuta"
"97","GCA_003260635.2","Streptophyta",69181,"Brassica cretica",NA,NA,"H","H","H","H",40.8,17.3,"Magnoliopsida","Streptophyta","Brassicales","Brassicaceae","Brassica"
"98","GCA_003260655.2","Streptophyta",69181,"Brassica cretica",NA,NA,"H","H","H","H",71.9,8.2,"Magnoliopsida","Streptophyta","Brassicales","Brassicaceae","Brassica"
"99","GCA_003260675.2","Streptophyta",69181,"Brassica cretica",NA,NA,"H","H","H","H",58.3,12.1,"Magnoliopsida","Streptophyta","Brassicales","Brassicaceae","Brassica"
"100","GCA_003260695.2","Streptophyta",69181,"Brassica cretica",NA,NA,"H","H","H","H",40,17.5,"Magnoliopsida","Streptophyta","Brassicales","Brassicaceae","Brassica"
"101","GCA_003370565.1","Streptophyta",157652,"Mucuna pruriens",NA,NA,"H","H","H","L",84,6.3,"Magnoliopsida","Streptophyta","Fabales","Fabaceae","Mucuna"
"102","GCA_003427395.1","Streptophyta",69332,"Chara braunii",NA,NA,"H","H","H",NA,48,9.5,"Charophyceae","Streptophyta","Charales","Characeae","Chara"
"103","GCA_003434825.1","Streptophyta",3711,"Brassica rapa",NA,NA,"H","H","H","M",96.3,2,"Magnoliopsida","Streptophyta","Brassicales","Brassicaceae","Brassica"
"104","GCA_003473485.2","Streptophyta",3880,"Medicago truncatula",NA,NA,"H","H","H","H",97.3,2,"Magnoliopsida","Streptophyta","Fabales","Fabaceae","Medicago"
"105","GCA_003490085.1","Streptophyta",97028,"Trifolium medium",NA,NA,"M","H","M",NA,3.5,18.2,"Magnoliopsida","Streptophyta","Fabales","Fabaceae","Trifolium"
"106","GCA_003546025.1","Streptophyta",337451,"Cinnamomum micranthum f. kanehirae",NA,NA,"H","H","H","H",87.5,3.7,"Magnoliopsida","Streptophyta","Laurales","Lauraceae","Cinnamomum"
"107","GCA_003573695.1","Streptophyta",3469,"Papaver somniferum",NA,NA,"H","H","H","H",90.6,3,"Magnoliopsida","Streptophyta","Ranunculales","Papaveraceae","Papaver"
"108","GCA_003713155.1","Streptophyta",3818,"Arachis hypogaea",NA,NA,"H","H","H","H",96.3,0.4,"Magnoliopsida","Streptophyta","Fabales","Fabaceae","Arachis"
"109","GCA_003952965.2","Streptophyta",262757,"Morella rubra",NA,NA,"H","H","H","H",80.2,6.8,"Magnoliopsida","Streptophyta","Fagales","Myricaceae","Morella"
"110","GCA_003958685.2","Streptophyta",3917,"Vigna unguiculata",NA,NA,"H","H","H","H",96,2.3,"Magnoliopsida","Streptophyta","Fabales","Fabaceae","Vigna"
"111","GCA_004007595.1","Streptophyta",4530,"Oryza sativa",NA,NA,"H","H","H",NA,75.4,8.7,"Magnoliopsida","Streptophyta","Poales","Poaceae","Oryza"
"112","GCA_004011995.1","Streptophyta",29760,"Vitis vinifera",NA,NA,"H","H","H","H",63.8,23,"Magnoliopsida","Streptophyta","Vitales","Vitaceae","Vitis"
"113","GCA_004114815.1","Streptophyta",4513,"Hordeum vulgare",NA,NA,"H","H","H","H",82,4.2,"Magnoliopsida","Streptophyta","Poales","Poaceae","Hordeum"
"114","GCA_004115005.2","Streptophyta",1094858,"Cucurbita argyrosperma subsp. argyrosperma",NA,NA,"H","H","H",NA,87.4,7.4,"Magnoliopsida","Streptophyta","Cucurbitales","Cucurbitaceae","Cucurbita"
"115","GCA_004115385.1","Streptophyta",3750,"Malus domestica",NA,NA,"H","H","H","H",93.6,1.5,"Magnoliopsida","Streptophyta","Rosales","Rosaceae","Malus"
"116","GCA_004153795.2","Streptophyta",542762,"Camellia sinensis var. sinensis",NA,NA,"H","H","H","H",67.8,12.3,"Magnoliopsida","Streptophyta","Ericales","Theaceae","Camellia"
"117","GCA_004170445.1","Streptophyta",3818,"Arachis hypogaea",NA,NA,"H","H","H","H",95.6,1.2,"Magnoliopsida","Streptophyta","Fabales","Fabaceae","Arachis"
"118","GCA_004193775.2","Streptophyta",3848,"Glycine soja",NA,NA,"H","H","H","H",98.5,1.1,"Magnoliopsida","Streptophyta","Fabales","Fabaceae","Glycine"
"119","GCA_004295705.1","Streptophyta",39947,"Oryza sativa Japonica Group",NA,NA,"H","H","H","H",13,1.5,"Magnoliopsida","Streptophyta","Poales","Poaceae","Oryza"
"120","GCA_004303085.2","Streptophyta",608512,"Perilla frutescens var. hirtella",NA,NA,"H","H","H",NA,83.1,1.9,"Magnoliopsida","Streptophyta","Lamiales","Lamiaceae","Perilla"
"121","GCA_004320505.1","Streptophyta",157739,"Vigna angularis var. angularis",NA,NA,"H","H","H","H",94.2,2.9,"Magnoliopsida","Streptophyta","Fabales","Fabaceae","Vigna"
"122","GCA_004329165.1","Streptophyta",455371,"Spatholobus suberectus",NA,NA,"H","H","H","H",89.5,7.7,"Magnoliopsida","Streptophyta","Fabales","Fabaceae","Spatholobus"
"123","GCA_004379255.2","Streptophyta",180675,"Salvia splendens",NA,NA,"H","H","H","H",94.1,2.4,"Magnoliopsida","Streptophyta","Lamiales","Lamiaceae","Salvia"
"124","GCA_004837865.1","Streptophyta",52838,"Musa balbisiana",NA,NA,"H","H",NA,"H",86.9,4.5,"Magnoliopsida","Streptophyta","Zingiberales","Musaceae","Musa"
"125","GCA_005223365.2","Streptophyta",110450,"Oryza meyeriana var. granulata",NA,NA,"H","H","H",NA,86.3,4.9,"Magnoliopsida","Streptophyta","Poales","Poaceae","Oryza"
"126","GCA_005239225.1","Streptophyta",43335,"Populus alba",NA,NA,"H","H","H",NA,96.5,1,"Magnoliopsida","Streptophyta","Malpighiales","Salicaceae","Populus"
"127","GCA_005286985.2","Streptophyta",4556,"Setaria viridis",NA,NA,"H","H","H","H",99.6,0.4,"Magnoliopsida","Streptophyta","Poales","Poaceae","Setaria"
"128","GCA_005393395.2","Streptophyta",47621,"Gossypium australe",NA,NA,"H","H","H","H",75.6,6.7,"Magnoliopsida","Streptophyta","Malvales","Malvaceae","Gossypium"
"129","GCA_005549215.1","Streptophyta",1194695,"Cucumis melo var. makuwa",NA,NA,"H","H","H","H",79.3,8.2,"Magnoliopsida","Streptophyta","Cucurbitales","Cucurbitaceae","Cucumis"
"130","GCA_005549225.1","Streptophyta",1194695,"Cucumis melo var. makuwa",NA,NA,"H","H","H","H",76.1,10.1,"Magnoliopsida","Streptophyta","Cucurbitales","Cucurbitaceae","Cucumis"
"131","GCA_006013705.1","Streptophyta",4083,"Solanum chilense",NA,NA,"H","H","H","M",85.6,2,"Magnoliopsida","Streptophyta","Solanales","Solanaceae","Solanum"
"132","GCA_006381635.2","Streptophyta",106335,"Hibiscus syriacus",NA,NA,"M","H","H","H",86.8,6.1,"Magnoliopsida","Streptophyta","Malvales","Malvaceae","Hibiscus"
"133","GCA_006547085.1","Streptophyta",106549,"Malus baccata",NA,NA,"H","H","M","M",88.1,5.3,"Magnoliopsida","Streptophyta","Rosales","Rosaceae","Malus"
"134","GCA_006937295.1","Streptophyta",176857,"Carpinus fangiana",NA,"H","H","H","H","H",83.8,3.2,"Magnoliopsida","Streptophyta","Fagales","Betulaceae","Carpinus"
"135","GCA_007726485.1","Streptophyta",38414,"Eragrostis curvula",NA,NA,"H","H","M",NA,91,2.7,"Magnoliopsida","Streptophyta","Poales","Poaceae","Eragrostis"
"136","GCA_007844105.2","Streptophyta",2594499,"Rhamnella rubrinervis",NA,NA,"H","H","H","H",96.2,1.2,"Magnoliopsida","Streptophyta","Rosales","Rhamnaceae","Rhamnella"
"137","GCA_007990325.1","Streptophyta",34276,"Gossypium darwinii",NA,NA,"H","H","H","H",99.8,0.1,"Magnoliopsida","Streptophyta","Malvales","Malvaceae","Gossypium"
"138","GCA_007990345.1","Streptophyta",3635,"Gossypium hirsutum",NA,NA,"H","H","H","H",99.4,0.4,"Magnoliopsida","Streptophyta","Malvales","Malvaceae","Gossypium"
"139","GCA_007990455.1","Streptophyta",34275,"Gossypium mustelinum",NA,NA,"H","H","H","H",99.3,0.5,"Magnoliopsida","Streptophyta","Malvales","Malvaceae","Gossypium"
"140","GCA_007990485.1","Streptophyta",34277,"Gossypium tomentosum",NA,NA,"H","H","H","H",99.8,0.1,"Magnoliopsida","Streptophyta","Malvales","Malvaceae","Gossypium"
"141","GCA_008009225.1","Streptophyta",1000413,"Acer yangbiense",NA,NA,"H","H","H","H",92.6,2.6,"Magnoliopsida","Streptophyta","Sapindales","Sapindaceae","Acer"
"142","GCA_008124465.1","Streptophyta",13894,"Cocos nucifera",NA,NA,"H","H","H","H",69,15.7,"Magnoliopsida","Streptophyta","Arecales","Arecaceae","Cocos"
"143","GCA_008632915.2","Streptophyta",3755,"Prunus dulcis",NA,NA,"H","H","H","H",62.8,7.7,"Magnoliopsida","Streptophyta","Rosales","Rosaceae","Prunus"
"144","GCA_008636005.1","Streptophyta",4170,"Striga asiatica",NA,NA,"H","H","H","H",90.5,3.3,"Magnoliopsida","Streptophyta","Lamiales","Orobanchaceae","Striga"
"145","GCA_008638375.1","Streptophyta",561372,"Nyssa sinensis",NA,NA,"H","H","H","L",87.8,7.7,"Magnoliopsida","Streptophyta","Cornales","Nyssaceae","Nyssa"
"146","GCA_008761655.1","Streptophyta",3634,"Gossypium barbadense",NA,NA,"H","H","H","H",99.6,0.2,"Magnoliopsida","Streptophyta","Malvales","Malvaceae","Gossypium"
"147","GCA_008932095.1","Streptophyta",2448454,"Pyrus ussuriensis x Pyrus communis",NA,NA,"H","H","H","M",90.7,1.6,"Magnoliopsida","Streptophyta","Rosales","Rosaceae","Pyrus"
"148","GCA_009078335.1","Streptophyta",2182728,"Salix brachista",NA,NA,"H","H","H","H",92.8,2.6,"Magnoliopsida","Streptophyta","Malpighiales","Salicaceae","Salix"
"149","GCA_009363875.1","Streptophyta",192012,"Mikania micrantha",NA,NA,"H","H","L","H",88.3,3.9,"Magnoliopsida","Streptophyta","Asterales","Asteraceae","Mikania"
"150","GCA_009445465.1","Streptophyta",4460,"Colocasia esculenta",NA,NA,"H","H","H","H",64.3,18.6,"Magnoliopsida","Streptophyta","Alismatales","Araceae","Colocasia"
"151","GCA_009746105.1","Streptophyta",262921,"Rhododendron williamsianum",NA,NA,"H","H","H",NA,77,12,"Magnoliopsida","Streptophyta","Ericales","Ericaceae","Rhododendron"
"152","GCA_009771035.1","Streptophyta",3870,"Lupinus albus",NA,NA,"H","H","H","H",96,2.9,"Magnoliopsida","Streptophyta","Fabales","Fabaceae","Lupinus"
"153","GCA_009797565.1","Streptophyta",39947,"Oryza sativa Japonica Group",NA,NA,"H","H","H","H",99.4,0.3,"Magnoliopsida","Streptophyta","Poales","Poaceae","Oryza"
"154","GCA_009905375.1","Streptophyta",4045,"Apium graveolens",NA,NA,NA,NA,NA,NA,4.8,1,"Magnoliopsida","Streptophyta","Apiales","Apiaceae","Apium"
"155","GCA_009936355.2","Streptophyta",1480154,"Marchantia polymorpha subsp. ruderalis",NA,NA,"H","H","H","H",87.4,1.2,"Marchantiopsida","Streptophyta","Marchantiales","Marchantiaceae","Marchantia"
"156","GCA_010261695.1","Streptophyta",3870,"Lupinus albus",NA,NA,"H","H","H","H",94.2,0.9,"Magnoliopsida","Streptophyta","Fabales","Fabaceae","Lupinus"
"157","GCA_010458925.1","Streptophyta",3981,"Hevea brasiliensis",NA,NA,"H","H","H","H",68.8,15,"Magnoliopsida","Streptophyta","Malpighiales","Euphorbiaceae","Hevea"
"158","GCA_011114355.1","Streptophyta",544730,"Carex littledalei",NA,NA,"H","H",NA,NA,84.9,2.4,"Magnoliopsida","Streptophyta","Poales","Cyperaceae","Carex"
"159","GCA_011745845.1","Streptophyta",4072,"Capsicum annuum",NA,NA,"H","H","H","H",87.5,7.2,"Magnoliopsida","Streptophyta","Solanales","Solanaceae","Capsicum"
"160","GCA_011745865.1","Streptophyta",4072,"Capsicum annuum",NA,NA,"H","H","H","H",82.6,8.9,"Magnoliopsida","Streptophyta","Solanales","Solanaceae","Capsicum"
"161","GCA_011799765.1","Streptophyta",419125,"Nymphaea thermarum",NA,NA,"H","H","H","H",79.9,10.3,"Magnoliopsida","Streptophyta","Nymphaeales","Nymphaeaceae","Nymphaea"
"162","GCA_012273815.2","Streptophyta",3847,"Glycine max",NA,NA,"H","H","H","H",98.2,0.6,"Magnoliopsida","Streptophyta","Fabales","Fabaceae","Glycine"
"163","GCA_012274485.2","Streptophyta",3728,"Sinapis alba",NA,NA,"H","H","H","H",98.3,1.2,"Magnoliopsida","Streptophyta","Brassicales","Brassicaceae","Sinapis"
"164","GCA_012923435.1","Streptophyta",3483,"Cannabis sativa",NA,NA,"H","H","H","H",91.9,3.1,"Magnoliopsida","Streptophyta","Rosales","Cannabaceae","Cannabis"
"165","GCA_013030025.1","Streptophyta",3483,"Cannabis sativa",NA,NA,"H","H","H","H",93,2.2,"Magnoliopsida","Streptophyta","Rosales","Cannabaceae","Cannabis"
"166","GCA_013358455.1","Streptophyta",46969,"Thalictrum thalictroides",NA,NA,"H","H","H",NA,86.2,9,"Magnoliopsida","Streptophyta","Ranunculales","Ranunculaceae","Thalictrum"
"167","GCA_013401445.1","Streptophyta",458696,"Tripterygium wilfordii",NA,NA,"H","H","H",NA,92.3,4.2,"Magnoliopsida","Streptophyta","Celastrales","Celastraceae","Tripterygium"
"168","GCA_013467465.1","Streptophyta",34281,"Gossypium trilobum",NA,NA,"H","H","H","H",57,8.2,"Magnoliopsida","Streptophyta","Malvales","Malvaceae","Gossypium"
"169","GCA_013467475.1","Streptophyta",29730,"Gossypium raimondii",NA,NA,"H","H","H","M",49.6,15.9,"Magnoliopsida","Streptophyta","Malvales","Malvaceae","Gossypium"
"170","GCA_013467485.1","Streptophyta",34289,"Gossypium lobatum",NA,NA,"H","H","M","M",43.3,15.9,"Magnoliopsida","Streptophyta","Malvales","Malvaceae","Gossypium"
"171","GCA_013467495.1","Streptophyta",34282,"Gossypium gossypioides",NA,NA,"H","H",NA,"L",41.6,7.1,"Magnoliopsida","Streptophyta","Malvales","Malvaceae","Gossypium"
"172","GCA_013487665.1","Streptophyta",34290,"Gossypium aridum",NA,NA,"H","H","M","M",40.5,17.2,"Magnoliopsida","Streptophyta","Malvales","Malvaceae","Gossypium"
"173","GCA_013511315.1","Streptophyta",34288,"Gossypium laxum",NA,NA,"H","H",NA,"L",51.6,11.6,"Magnoliopsida","Streptophyta","Malvales","Malvaceae","Gossypium"
"174","GCA_013676235.1","Streptophyta",4442,"Camellia sinensis",NA,NA,"H","H","H","L",81.2,7.6,"Magnoliopsida","Streptophyta","Ericales","Theaceae","Camellia"
"175","GCA_013677235.1","Streptophyta",34286,"Gossypium klotzschianum",NA,NA,"H","H",NA,"M",56.4,9.9,"Magnoliopsida","Streptophyta","Malvales","Malvaceae","Gossypium"
"176","GCA_013677245.1","Streptophyta",34287,"Gossypium davidsonii",NA,NA,"H","H","H","M",56.9,8.9,"Magnoliopsida","Streptophyta","Malvales","Malvaceae","Gossypium"
"177","GCA_013677255.1","Streptophyta",34285,"Gossypium harknessii",NA,NA,"H","H","M","M",41.8,17,"Magnoliopsida","Streptophyta","Malvales","Malvaceae","Gossypium"
"178","GCA_013677265.1","Streptophyta",34283,"Gossypium armourianum",NA,NA,"H","H","M","M",43.8,16,"Magnoliopsida","Streptophyta","Malvales","Malvaceae","Gossypium"
"179","GCA_013677275.1","Streptophyta",34291,"Gossypium schwendimanii",NA,NA,"H","H","H","H",59.8,7.2,"Magnoliopsida","Streptophyta","Malvales","Malvaceae","Gossypium"
"180","GCA_014058105.1","Streptophyta",39325,"Kingdonia uniflora",NA,NA,"H","H","H","H",75.9,15.1,"Magnoliopsida","Streptophyta","Ranunculales","Circaeasteraceae","Kingdonia"
"181","GCA_014180765.2","Streptophyta",56867,"Marchantia paleacea",NA,NA,"H","H","H","H",79.9,2.9,"Marchantiopsida","Streptophyta","Marchantiales","Marchantiaceae","Marchantia"
"182","GCA_014282035.1","Streptophyta",3847,"Glycine max",NA,NA,"H","H","H","H",88.9,2,"Magnoliopsida","Streptophyta","Fabales","Fabaceae","Glycine"
"183","GCA_014282085.1","Streptophyta",3847,"Glycine max",NA,NA,"H","H","H","H",66.7,2.7,"Magnoliopsida","Streptophyta","Fabales","Fabaceae","Glycine"
"184","GCA_014282095.1","Streptophyta",3847,"Glycine max",NA,NA,"H","H","H","H",95.8,2.2,"Magnoliopsida","Streptophyta","Fabales","Fabaceae","Glycine"
"185","GCA_014282145.1","Streptophyta",3847,"Glycine max",NA,NA,"H","H","H","H",96.6,1.2,"Magnoliopsida","Streptophyta","Fabales","Fabaceae","Glycine"
"186","GCA_014282245.1","Streptophyta",118357,"Rhododendron simsii",NA,NA,"H","H","M","H",90,3.4,"Magnoliopsida","Streptophyta","Ericales","Ericaceae","Rhododendron"
"187","GCA_014282345.1","Streptophyta",3848,"Glycine soja",NA,NA,"H","H","H","H",97.9,0.6,"Magnoliopsida","Streptophyta","Fabales","Fabaceae","Glycine"
"188","GCA_014319735.1","Streptophyta",4432,"Nelumbo nucifera",NA,NA,NA,NA,NA,"H",0.1,0.2,"Magnoliopsida","Streptophyta","Proteales","Nelumbonaceae","Nelumbo"
"189","GCA_014362265.1","Streptophyta",165716,"Actinidia rufa",NA,NA,"H","H","H","M",66.7,16.7,"Magnoliopsida","Streptophyta","Ericales","Actinidiaceae","Actinidia"
"190","GCA_014529385.2","Streptophyta",13818,"Adiantum capillus-veneris",NA,NA,"H","H","H","H",84,4,"Polypodiopsida","Streptophyta","Polypodiales","Pteridaceae","Adiantum"
"191","GCA_014851425.1","Streptophyta",362788,"Senna tora",NA,NA,"H","H","H",NA,89.8,4,"Magnoliopsida","Streptophyta","Fabales","Fabaceae","Senna"
"192","GCA_014858505.1","Streptophyta",360336,"Corymbia citriodora subsp. variegata",NA,NA,"H","H","H","M",95.5,3.6,"Magnoliopsida","Streptophyta","Myrtales","Myrtaceae","Corymbia"
"193","GCA_014871385.1","Streptophyta",3225,"Ceratodon purpureus",NA,NA,"H","H","H","M",86.7,2.3,"Bryopsida","Streptophyta","Pseudoditrichales","Ditrichaceae","Ceratodon"
"194","GCA_014871845.1","Streptophyta",3225,"Ceratodon purpureus",NA,NA,"H","H","H","M",87.4,2,"Bryopsida","Streptophyta","Pseudoditrichales","Ditrichaceae","Ceratodon"
"195","GCA_014905375.1","Streptophyta",374723,"Phtheirospermum japonicum",NA,NA,"H","H","H","H",84.3,9.7,"Magnoliopsida","Streptophyta","Lamiales","Orobanchaceae","Phtheirospermum"
"196","GCA_015143295.1","Streptophyta",13715,"Tetracentron sinense",NA,NA,"H","H","H","H",83.2,7.9,"Magnoliopsida","Streptophyta","Trochodendrales","Trochodendraceae","Tetracentron"
"197","GCA_015342445.1","Streptophyta",1010633,"Digitaria exilis",NA,NA,"H","H","H","H",95,1.3,"Magnoliopsida","Streptophyta","Poales","Poaceae","Digitaria"
"198","GCA_015680905.1","Streptophyta",261450,"Coptis chinensis",NA,NA,"H","H","M","H",78.9,9.8,"Magnoliopsida","Streptophyta","Ranunculales","Ranunculaceae","Coptis"
"199","GCA_015731905.1","Streptophyta",1413687,"Salix dunnii",NA,NA,"H","H","H","H",91.5,2,"Magnoliopsida","Streptophyta","Malpighiales","Salicaceae","Salix"
"200","GCA_015852605.2","Streptophyta",3696,"Populus deltoides",NA,NA,"H","H","H","H",94.8,2.2,"Magnoliopsida","Streptophyta","Malpighiales","Salicaceae","Populus"
"201","GCA_015952705.1","Streptophyta",4558,"Sorghum bicolor",NA,NA,"H","H","H",NA,96.2,1.9,"Magnoliopsida","Streptophyta","Poales","Poaceae","Sorghum"
"202","GCA_016081115.2","Streptophyta",99300,"Rehmannia glutinosa",NA,NA,"H","H","H",NA,97,0.6,"Magnoliopsida","Streptophyta","Lamiales","Orobanchaceae","Rehmannia"
"203","GCA_016413885.1","Streptophyta",51239,"Vanilla planifolia",NA,NA,"H","H","H","H",74.9,11.7,"Magnoliopsida","Streptophyta","Asparagales","Orchidaceae","Vanilla"
"204","GCA_016413895.1","Streptophyta",51239,"Vanilla planifolia",NA,NA,"H","H","H","H",75.3,11.5,"Magnoliopsida","Streptophyta","Asparagales","Orchidaceae","Vanilla"
"205","GCA_016771965.1","Streptophyta",52824,"Brassica carinata",NA,NA,"H","H","H","H",91.4,1.7,"Magnoliopsida","Streptophyta","Brassicales","Brassicaceae","Brassica"
"206","GCA_016808095.1","Streptophyta",3914,"Vigna angularis",NA,NA,"H","H","H","M",92.3,3.6,"Magnoliopsida","Streptophyta","Fabales","Fabaceae","Vigna"
"207","GCA_016808215.1","Streptophyta",32201,"Carya illinoinensis",NA,NA,"H","H","H","H",98.6,0.9,"Magnoliopsida","Streptophyta","Fagales","Juglandaceae","Carya"
"208","GCA_016808335.1","Streptophyta",38727,"Panicum virgatum",NA,NA,"H","H","H","M",99.8,0.2,"Magnoliopsida","Streptophyta","Poales","Poaceae","Panicum"
"209","GCA_017552425.1","Streptophyta",1278906,"Salix suchowensis","L",NA,"H","H","H","H",95.8,2.7,"Magnoliopsida","Streptophyta","Malpighiales","Salicaceae","Salix"
"210","GCA_017639395.1","Streptophyta",1813537,"Brassica rapa subsp. trilocularis",NA,NA,"H","H","H","H",91,1.2,"Magnoliopsida","Streptophyta","Brassicales","Brassicaceae","Brassica"
"211","GCA_018107945.1","Streptophyta",4076,"Datura stramonium",NA,NA,"H","H","H","H",85.2,10.1,"Magnoliopsida","Streptophyta","Solanales","Solanaceae","Datura"
"212","GCA_018127125.1","Streptophyta",479676,"Rhododendron griersonianum",NA,NA,"H","H","H","H",91,4,"Magnoliopsida","Streptophyta","Ericales","Ericaceae","Rhododendron"
"213","GCA_018258275.1","Streptophyta",4109,"Solanum commersonii",NA,NA,"H","H","H","H",86,9.8,"Magnoliopsida","Streptophyta","Solanales","Solanaceae","Solanum"
"214","GCA_018446385.1","Streptophyta",94328,"Zingiber officinale",NA,NA,"H","H","H","H",91.1,4.5,"Magnoliopsida","Streptophyta","Zingiberales","Zingiberaceae","Zingiber"
"215","GCA_018687715.1","Streptophyta",32201,"Carya illinoinensis",NA,NA,"H","H","H","H",96.3,2.6,"Magnoliopsida","Streptophyta","Fagales","Juglandaceae","Carya"
"216","GCA_018688675.1","Streptophyta",32201,"Carya illinoinensis",NA,NA,"H","H","H","H",98.1,1.2,"Magnoliopsida","Streptophyta","Fagales","Juglandaceae","Carya"
"217","GCA_018689175.1","Streptophyta",32201,"Carya illinoinensis",NA,NA,"H","H","H","H",94.5,1.7,"Magnoliopsida","Streptophyta","Fagales","Juglandaceae","Carya"
"218","GCA_018691285.1","Streptophyta",37648,"Cucurbita argyrosperma subsp. sororia",NA,NA,"H","H","H",NA,97.3,1,"Magnoliopsida","Streptophyta","Cucurbitales","Cucurbitaceae","Cucurbita"
"219","GCA_018804465.1","Streptophyta",118781,"Populus tomentosa",NA,NA,"H","H","H","H",95.8,1.7,"Magnoliopsida","Streptophyta","Malpighiales","Salicaceae","Populus"
"220","GCA_019202795.1","Streptophyta",1240361,"Arabidopsis thaliana x Arabidopsis arenosa",NA,NA,"H","H","H","H",99.8,0.2,"Magnoliopsida","Streptophyta","Brassicales","Brassicaceae","Arabidopsis"
"221","GCA_019202805.1","Streptophyta",45249,"Arabidopsis suecica",NA,NA,"H","H","H","H",99.5,0.1,"Magnoliopsida","Streptophyta","Brassicales","Brassicaceae","Arabidopsis"
"222","GCA_019279435.1","Streptophyta",103762,"Zizania palustris",NA,NA,"H","H","H","H",84.9,10,"Magnoliopsida","Streptophyta","Poales","Poaceae","Zizania"
"223","GCA_019321725.1","Streptophyta",586722,"Paulownia fortunei",NA,NA,"H","H","H","M",97.5,1.7,"Magnoliopsida","Streptophyta","Lamiales","Paulowniaceae","Paulownia"
"224","GCA_019426215.1","Streptophyta",168488,"Buddleja alternifolia",NA,NA,"H","H","H","H",93.3,3.1,"Magnoliopsida","Streptophyta","Lamiales","Scrophulariaceae","Buddleja"
"225","GCA_019455425.1","Streptophyta",47600,"Gossypium anomalum",NA,NA,"H","H","H","M",83,1.7,"Magnoliopsida","Streptophyta","Malvales","Malvaceae","Gossypium"
"226","GCA_019511825.2","Streptophyta",151328,"Perilla frutescens var. frutescens",NA,NA,"H","H","H","H",85.9,2.2,"Magnoliopsida","Streptophyta","Lamiales","Lamiaceae","Perilla"
"227","GCA_019512045.2","Streptophyta",608512,"Perilla frutescens var. hirtella",NA,NA,"H","H","H",NA,82.7,1.7,"Magnoliopsida","Streptophyta","Lamiales","Lamiaceae","Perilla"
"228","GCA_019722365.1","Streptophyta",34254,"Lithospermum erythrorhizon",NA,NA,"H","H","H","M",78.6,10.2,"Magnoliopsida","Streptophyta","Boraginales","Boraginaceae","Lithospermum"
"229","GCA_019776745.2","Streptophyta",29808,"Taxus chinensis",NA,NA,"H","H","H","H",50.4,22.3,"Pinopsida","Streptophyta","Cupressales","Taxaceae","Taxus"
"230","GCA_019845555.1","Streptophyta",158543,"Aristolochia fimbriata",NA,NA,"H","H","H","H",96.4,1.4,"Magnoliopsida","Streptophyta","Piperales","Aristolochiaceae","Aristolochia"
"231","GCA_019925795.1","Streptophyta",161865,"Dendrobium chrysotoxum",NA,NA,"H","H","H","H",77.3,5.5,"Magnoliopsida","Streptophyta","Asparagales","Orchidaceae","Dendrobium"
"232","GCA_020169535.1","Streptophyta",4113,"Solanum tuberosum",NA,NA,"H","H","H","H",91.2,3.1,"Magnoliopsida","Streptophyta","Solanales","Solanaceae","Solanum"
"233","GCA_020169555.1","Streptophyta",4113,"Solanum tuberosum",NA,NA,"H","H","H","H",89,2.7,"Magnoliopsida","Streptophyta","Solanales","Solanaceae","Solanum"
"234","GCA_020169575.1","Streptophyta",4113,"Solanum tuberosum",NA,NA,"H","H","H","H",90.3,3,"Magnoliopsida","Streptophyta","Solanales","Solanaceae","Solanum"
"235","GCA_020169585.1","Streptophyta",4113,"Solanum tuberosum",NA,NA,"H","H","H","H",92.1,2.5,"Magnoliopsida","Streptophyta","Solanales","Solanaceae","Solanum"
"236","GCA_020310875.1","Streptophyta",49495,"Ceratopteris richardii",NA,NA,"H","H",NA,"H",84,4.8,"Polypodiopsida","Streptophyta","Polypodiales","Pteridaceae","Ceratopteris"
"237","GCA_020379485.1","Streptophyta",3708,"Brassica napus",NA,NA,"H","H","H","H",96.1,0.5,"Magnoliopsida","Streptophyta","Brassicales","Brassicaceae","Brassica"
"238","GCA_020424065.1","Streptophyta",36596,"Prunus armeniaca",NA,NA,"H","H","H","H",89.2,3.7,"Magnoliopsida","Streptophyta","Rosales","Rosaceae","Prunus"
"239","GCA_020496765.1","Streptophyta",47602,"Gossypium stocksii",NA,NA,"H","H","H","H",97.7,1.4,"Magnoliopsida","Streptophyta","Malvales","Malvaceae","Gossypium"
"240","GCA_020497155.1","Streptophyta",3847,"Glycine max",NA,NA,"H","H","H","H",96.5,0.9,"Magnoliopsida","Streptophyta","Fabales","Fabaceae","Glycine"
"241","GCA_020521535.1","Streptophyta",152421,"Rubroshorea leprosula",NA,NA,"H","H","H","H",88.5,7.4,"Magnoliopsida","Streptophyta","Malvales","Dipterocarpaceae","Rubroshorea"
"242","GCA_020796205.1","Streptophyta",714518,"Ziziphus jujuba var. spinosa",NA,NA,"H","H","H",NA,66.4,2.2,"Magnoliopsida","Streptophyta","Rosales","Rhamnaceae","Ziziphus"
"243","GCA_020796215.1","Streptophyta",99658,"Xanthoceras sorbifolium",NA,NA,"H","H","H","H",89,3.4,"Magnoliopsida","Streptophyta","Sapindales","Sapindaceae","Xanthoceras"
"244","GCA_020875875.1","Streptophyta",55571,"Dioscorea alata",NA,NA,"H","H","H",NA,96.8,1.8,"Magnoliopsida","Streptophyta","Dioscoreales","Dioscoreaceae","Dioscorea"
"245","GCA_020921065.1","Streptophyta",229202,"Vaccinium darrowii",NA,NA,"H","H","H","M",92.4,1.7,"Magnoliopsida","Streptophyta","Ericales","Ericaceae","Vaccinium"
"246","GCA_021292205.2","Streptophyta",3755,"Prunus dulcis",NA,NA,"H","H","H","H",90.2,1.8,"Magnoliopsida","Streptophyta","Rosales","Rosaceae","Prunus"
"247","GCA_021442195.1","Streptophyta",53036,"Sphagnum fallax",NA,NA,"H","H","H","H",89.5,1.9,"Sphagnopsida","Streptophyta","Sphagnales","Sphagnaceae","Sphagnum"
"248","GCA_021604985.1","Streptophyta",191504,"Eleusine coracana subsp. coracana",NA,NA,"H","H","H","H",69.8,16.5,"Magnoliopsida","Streptophyta","Poales","Poaceae","Eleusine"
"249","GCA_021904315.1","Streptophyta",128215,"Sphagnum magellanicum",NA,NA,"H","H","H","H",89,2.2,"Sphagnopsida","Streptophyta","Sphagnales","Sphagnaceae","Sphagnum"
"250","GCA_022085475.1","Streptophyta",39905,"Heliosperma pusillum",NA,NA,"H","H","H","L",81.7,6.1,"Magnoliopsida","Streptophyta","Caryophyllales","Caryophyllaceae","Heliosperma"
"251","GCA_022201045.1","Streptophyta",2711,"Citrus sinensis",NA,NA,"H","H","H","H",99.2,0.2,"Magnoliopsida","Streptophyta","Sapindales","Rutaceae","Citrus"
"252","GCA_022201065.1","Streptophyta",2711,"Citrus sinensis",NA,NA,"H","H","H","H",99.3,0.2,"Magnoliopsida","Streptophyta","Sapindales","Rutaceae","Citrus"
"253","GCA_022343405.2","Streptophyta",2759587,"Adiantum nelumboides","M","H","H","H","H","H",71.9,10.7,"Polypodiopsida","Streptophyta","Polypodiales","Pteridaceae","Adiantum"
"254","GCA_022379115.2","Streptophyta",167791,"Bauhinia variegata",NA,NA,"H","H","H","H",98.5,0.5,"Magnoliopsida","Streptophyta","Fabales","Fabaceae","Bauhinia"
"255","GCA_022539455.1","Streptophyta",94219,"Dendrobium nobile",NA,NA,"H","H","H","H",93.4,2.9,"Magnoliopsida","Streptophyta","Asparagales","Orchidaceae","Dendrobium"
"256","GCA_023344035.1","Streptophyta",120290,"Psidium guajava",NA,NA,"H","H","L",NA,61.6,3,"Magnoliopsida","Streptophyta","Myrtales","Myrtaceae","Psidium"
"257","GCA_023376185.1","Streptophyta",114280,"Cichorium endivia","H","H","H","H","H","H",81,1.1,"Magnoliopsida","Streptophyta","Asterales","Asteraceae","Cichorium"
"258","GCA_023525715.1","Streptophyta",13427,"Cichorium intybus",NA,NA,"H","H","H","H",82.3,1.3,"Magnoliopsida","Streptophyta","Asterales","Asteraceae","Cichorium"
"259","GCA_023525745.1","Streptophyta",4217,"Arctium lappa",NA,NA,"H","H","M","H",86.9,1.4,"Magnoliopsida","Streptophyta","Asterales","Asteraceae","Arctium"
"260","GCA_023525975.1","Streptophyta",185202,"Smallanthus sonchifolius",NA,NA,"H","H","H","H",97.9,1,"Magnoliopsida","Streptophyta","Asterales","Asteraceae","Smallanthus"
"261","GCA_023529015.1","Streptophyta",74823,"Papaver nudicaule",NA,NA,"H","H","H","H",68.7,8.4,"Magnoliopsida","Streptophyta","Ranunculales","Papaveraceae","Papaver"
"262","GCA_023529315.1","Streptophyta",215227,"Papaver bracteatum",NA,NA,"H","H","H","H",95.6,2.1,"Magnoliopsida","Streptophyta","Ranunculales","Papaveraceae","Papaver"
"263","GCA_023531105.1","Streptophyta",357466,"Papaver atlanticum",NA,NA,"H","H","H",NA,95.9,2.1,"Magnoliopsida","Streptophyta","Ranunculales","Papaveraceae","Papaver"
"264","GCA_023531295.1","Streptophyta",357465,"Papaver armeniacum",NA,NA,"H","H","H","H",95.2,2.5,"Magnoliopsida","Streptophyta","Ranunculales","Papaveraceae","Papaver"
"265","GCA_023531435.1","Streptophyta",74822,"Papaver californicum",NA,NA,"H","H","H",NA,94.3,2,"Magnoliopsida","Streptophyta","Ranunculales","Papaveraceae","Papaver"
"266","GCA_023547065.1","Streptophyta",320322,"Musa troglodytarum",NA,NA,"H","H","H","H",91.6,4.8,"Magnoliopsida","Streptophyta","Zingiberales","Musaceae","Musa"
"267","GCA_023653495.1","Streptophyta",119954,"Melastoma candidum",NA,NA,"H","H","H",NA,95.8,1.1,"Magnoliopsida","Streptophyta","Myrtales","Melastomataceae","Melastoma"
"268","GCA_024137805.1","Streptophyta",4513,"Hordeum vulgare",NA,NA,"H","H","H","H",95.6,1.2,"Magnoliopsida","Streptophyta","Poales","Poaceae","Hordeum"
"269","GCA_024323335.2","Streptophyta",3888,"Pisum sativum",NA,NA,"H","H","H","H",98.6,0.6,"Magnoliopsida","Streptophyta","Fabales","Fabaceae","Pisum"
"270","GCA_024362645.1","Streptophyta",3694,"Populus trichocarpa",NA,NA,"H","H","H","H",98.4,0.7,"Magnoliopsida","Streptophyta","Malpighiales","Salicaceae","Populus"
"271","GCA_024505715.1","Streptophyta",4058,"Catharanthus roseus",NA,NA,"H","H","H","H",92.3,4,"Magnoliopsida","Streptophyta","Gentianales","Apocynaceae","Catharanthus"
"272","GCA_024733475.1","Streptophyta",1042139,"Syzygium grande",NA,NA,"H","H","H",NA,91.1,4.5,"Magnoliopsida","Streptophyta","Myrtales","Myrtaceae","Syzygium"
"273","GCA_024762085.1","Streptophyta",4212,"Ambrosia artemisiifolia",NA,NA,"H","H","H","H",70,7.4,"Magnoliopsida","Streptophyta","Asterales","Asteraceae","Ambrosia"
"274","GCA_025200525.1","Streptophyta",1840588,"Camellia lanceoleosa",NA,NA,"H","H","H","H",93.9,3.3,"Magnoliopsida","Streptophyta","Ericales","Theaceae","Camellia"
"275","GCA_025413875.1","Streptophyta",49168,"Rhododendron molle",NA,NA,"H","H","H","H",91.3,4.3,"Magnoliopsida","Streptophyta","Ericales","Ericaceae","Rhododendron"
"276","GCA_025563575.1","Streptophyta",880440,"Acacia pycnantha",NA,NA,"H","H","H","H",97,1.6,"Magnoliopsida","Streptophyta","Fabales","Fabaceae","Acacia"
"277","GCA_025594385.1","Streptophyta",4023,"Acer negundo",NA,NA,"H","H","H","H",93.6,2.2,"Magnoliopsida","Streptophyta","Sapindales","Sapindaceae","Acer"
"278","GCA_026074375.1","Streptophyta",301880,"Tanacetum coccineum",NA,NA,"H","H","H","H",92.7,5.1,"Magnoliopsida","Streptophyta","Asterales","Asteraceae","Tanacetum"
"279","GCA_026225825.1","Streptophyta",434235,"Pistacia integerrima",NA,NA,"H","H","M","H",77.1,16.1,"Magnoliopsida","Streptophyta","Sapindales","Anacardiaceae","Pistacia"
"280","GCA_026229545.1","Streptophyta",434234,"Pistacia atlantica",NA,NA,NA,"H","H","H",72.7,17.8,"Magnoliopsida","Streptophyta","Sapindales","Anacardiaceae","Pistacia"
"281","GCA_026261945.1","Streptophyta",71354,"Hirschfeldia incana",NA,NA,"H","H","H",NA,96,0.4,"Magnoliopsida","Streptophyta","Brassicales","Brassicaceae","Hirschfeldia"
"282","GCA_026538245.1","Streptophyta",4232,"Helianthus annuus",NA,NA,"H","H","H","H",97.5,1.5,"Magnoliopsida","Streptophyta","Asterales","Asteraceae","Helianthus"
"283","GCA_026538285.1","Streptophyta",4232,"Helianthus annuus",NA,NA,"H","H","H","H",90.3,6.3,"Magnoliopsida","Streptophyta","Asterales","Asteraceae","Helianthus"
"284","GCA_026573395.1","Streptophyta",158149,"Paspalum vaginatum",NA,NA,"H","H","H","H",98.7,0.3,"Magnoliopsida","Streptophyta","Poales","Poaceae","Paspalum"
"285","GCA_026586065.1","Streptophyta",325984,"Dioscorea zingiberensis",NA,NA,"H","H","H","H",96.2,1.4,"Magnoliopsida","Streptophyta","Dioscoreales","Dioscoreaceae","Dioscorea"
"286","GCA_026651665.1","Streptophyta",4232,"Helianthus annuus",NA,NA,"H","H","H","H",88.1,8.1,"Magnoliopsida","Streptophyta","Asterales","Asteraceae","Helianthus"
"287","GCA_026651675.1","Streptophyta",4232,"Helianthus annuus",NA,NA,"H","H","H","H",90.6,6.2,"Magnoliopsida","Streptophyta","Asterales","Asteraceae","Helianthus"
"288","GCA_026651695.1","Streptophyta",4232,"Helianthus annuus",NA,NA,"H","H","H","H",97,1.3,"Magnoliopsida","Streptophyta","Asterales","Asteraceae","Helianthus"
"289","GCA_026651735.1","Streptophyta",4232,"Helianthus annuus",NA,NA,"H","H","H","H",94.2,1.5,"Magnoliopsida","Streptophyta","Asterales","Asteraceae","Helianthus"
"290","GCA_026651805.1","Streptophyta",4232,"Helianthus annuus",NA,NA,"H","H","H","H",96.8,1.4,"Magnoliopsida","Streptophyta","Asterales","Asteraceae","Helianthus"
"291","GCA_026652165.1","Streptophyta",4232,"Helianthus annuus",NA,NA,"H","H","H","H",96.3,2.1,"Magnoliopsida","Streptophyta","Asterales","Asteraceae","Helianthus"
"292","GCA_026901365.1","Streptophyta",485725,"Sesbania bispinosa",NA,NA,"H","H","H",NA,71.2,7.1,"Magnoliopsida","Streptophyta","Fabales","Fabaceae","Sesbania"
"293","GCA_027562975.1","Streptophyta",2022672,"Rhynchospora breviuscula",NA,NA,"H","H","H","H",88.5,1.2,"Magnoliopsida","Streptophyta","Poales","Cyperaceae","Rhynchospora"
"294","GCA_027725995.1","Streptophyta",198213,"Rhynchospora tenuis",NA,NA,"H","H","H","H",87.4,1.5,"Magnoliopsida","Streptophyta","Poales","Cyperaceae","Rhynchospora"
"295","GCA_027726005.1","Streptophyta",13579,"Juncus effusus",NA,NA,"H","H","H","H",87.2,1.2,"Magnoliopsida","Streptophyta","Poales","Juncaceae","Juncus"
"296","GCA_027943385.1","Streptophyta",2019903,"Closterium sp. NIES-68",NA,NA,"H","H","H",NA,53.2,5.9,"Zygnemophyceae","Streptophyta","Desmidiales","Closteriaceae","Closterium"
"297","GCA_027943415.1","Streptophyta",2790670,"Closterium sp. NIES-67",NA,NA,"H","H","H","H",55.8,5.8,"Zygnemophyceae","Streptophyta","Desmidiales","Closteriaceae","Closterium"
"298","GCA_028052125.1","Streptophyta",155640,"Melia azedarach",NA,NA,"H","H","H","H",97.6,1.4,"Magnoliopsida","Streptophyta","Sapindales","Meliaceae","Melia"
"299","GCA_028095005.1","Streptophyta",906938,"Rhynchospora pubera",NA,NA,"H","H","H","H",91.6,0.8,"Magnoliopsida","Streptophyta","Poales","Cyperaceae","Rhynchospora"
"300","GCA_028386065.3","Streptophyta",218843,"Turnera subulata",NA,NA,"H","H","M","H",87.5,5.3,"Magnoliopsida","Streptophyta","Malpighiales","Passifloraceae","Turnera"
"301","GCA_028411795.1","Streptophyta",38846,"Euphorbia peplus",NA,NA,"H","H","H",NA,98.8,0.5,"Magnoliopsida","Streptophyta","Malpighiales","Euphorbiaceae","Euphorbia"
"302","GCA_028583415.1","Streptophyta",273540,"Protea cynaroides",NA,NA,"H","H","H","H",97.9,1,"Magnoliopsida","Streptophyta","Proteales","Proteaceae","Protea"
"303","GCA_029030645.1","Streptophyta",1278906,"Salix suchowensis","L",NA,"H","H","H","H",82.9,10.3,"Magnoliopsida","Streptophyta","Malpighiales","Salicaceae","Salix"
"304","GCA_029030655.1","Streptophyta",1278906,"Salix suchowensis","L",NA,"H","H","H","H",75.5,11.7,"Magnoliopsida","Streptophyta","Malpighiales","Salicaceae","Salix"
"305","GCA_029030765.1","Streptophyta",1278906,"Salix suchowensis","L",NA,"H","H","H","H",78.9,10.7,"Magnoliopsida","Streptophyta","Malpighiales","Salicaceae","Salix"
"306","GCA_029204005.1","Streptophyta",889485,"Salix udensis",NA,NA,"H","H","H",NA,77.8,11.8,"Magnoliopsida","Streptophyta","Malpighiales","Salicaceae","Salix"
"307","GCA_029204225.1","Streptophyta",34168,"Diphasiastrum complanatum",NA,NA,"H","H","H","L",88.5,2.9,"Lycopodiopsida","Streptophyta","Lycopodiales","Lycopodiaceae","Diphasiastrum"
"308","GCA_029216955.1","Streptophyta",29817,"Iris pallida",NA,NA,"H","H","H","H",82.8,6.9,"Magnoliopsida","Streptophyta","Asparagales","Iridaceae","Iris"
"309","GCA_029228465.1","Streptophyta",40686,"Salix viminalis",NA,NA,"H","H","H",NA,87.8,7.2,"Magnoliopsida","Streptophyta","Malpighiales","Salicaceae","Salix"
"310","GCA_029228485.1","Streptophyta",444605,"Populus alba x Populus x berolinensis",NA,NA,"H","H","H","H",92.1,3.4,"Magnoliopsida","Streptophyta","Malpighiales","Salicaceae","Populus"
"311","GCA_029228495.1","Streptophyta",77065,"Salix purpurea",NA,NA,"H","H","H","H",86.1,8.2,"Magnoliopsida","Streptophyta","Malpighiales","Salicaceae","Salix"
"312","GCA_029228505.1","Streptophyta",444605,"Populus alba x Populus x berolinensis",NA,NA,"H","H","H","H",91.8,3.3,"Magnoliopsida","Streptophyta","Malpighiales","Salicaceae","Populus"
"313","GCA_029228515.1","Streptophyta",444605,"Populus alba x Populus x berolinensis",NA,NA,"H","H","H","H",91.1,3.8,"Magnoliopsida","Streptophyta","Malpighiales","Salicaceae","Populus"
"314","GCA_029228605.1","Streptophyta",2511006,"Salix koriyanagi",NA,NA,"H","H","H","L",78.1,10.7,"Magnoliopsida","Streptophyta","Malpighiales","Salicaceae","Salix"
"315","GCA_029379385.1","Streptophyta",32244,"Quillaja saponaria",NA,NA,"H","H","H","H",95.8,2.6,"Magnoliopsida","Streptophyta","Fabales","Quillajaceae","Quillaja"
"316","GCA_029747015.1","Streptophyta",171969,"Carnegiea gigantea",NA,NA,"H","H","H","H",77.9,10.6,"Magnoliopsida","Streptophyta","Caryophyllales","Cactaceae","Carnegiea"
"317","GCA_029747655.1","Streptophyta",4639,"Ensete ventricosum",NA,NA,"H","H","H","H",96.3,1.7,"Magnoliopsida","Streptophyta","Zingiberales","Musaceae","Ensete"
"318","GCA_029783415.1","Streptophyta",402998,"Anisodus acutangulus",NA,NA,"H","H","H","H",95.8,1,"Magnoliopsida","Streptophyta","Solanales","Solanaceae","Anisodus"
"319","GCA_029852735.1","Streptophyta",3435,"Persea americana","M",NA,"H","H","H","H",92.7,3.3,"Magnoliopsida","Streptophyta","Laurales","Lauraceae","Persea"
"320","GCA_029891385.1","Streptophyta",1862640,"Erythroxylum novogranatense",NA,NA,"H","H","H","H",97.5,1.5,"Magnoliopsida","Streptophyta","Malpighiales","Erythroxylaceae","Erythroxylum"
"321","GCA_030052815.1","Streptophyta",3981,"Hevea brasiliensis",NA,NA,"H","H","H","H",96.6,0.8,"Magnoliopsida","Streptophyta","Malpighiales","Euphorbiaceae","Hevea"
"322","GCA_030169165.1","Streptophyta",347529,"Centaurea solstitialis",NA,NA,"H","H","H","H",74.5,3.7,"Magnoliopsida","Streptophyta","Asterales","Asteraceae","Centaurea"
"323","GCA_030254885.1","Streptophyta",103349,"Vitis rotundifolia",NA,NA,"M","H","H",NA,82.8,3.4,"Magnoliopsida","Streptophyta","Vitales","Vitaceae","Vitis"
"324","GCA_030270665.1","Streptophyta",183268,"Hibiscus trionum",NA,NA,"H","H","H","M",98.8,0.6,"Magnoliopsida","Streptophyta","Malvales","Malvaceae","Hibiscus"
"325","GCA_030272615.1","Streptophyta",3369,"Cryptomeria japonica",NA,NA,"H","H","H",NA,91.3,2.6,"Pinopsida","Streptophyta","Cupressales","Cupressaceae","Cryptomeria"
"326","GCA_030408175.1","Streptophyta",3899,"Trifolium repens",NA,NA,"H","H","H","H",99.5,0.2,"Magnoliopsida","Streptophyta","Fabales","Fabaceae","Trifolium"
"327","GCA_030490815.1","Streptophyta",4024,"Acer saccharum",NA,NA,"H","H","H","H",92.9,3.5,"Magnoliopsida","Streptophyta","Sapindales","Sapindaceae","Acer"
"328","GCA_030704535.1","Streptophyta",29760,"Vitis vinifera",NA,NA,"H","H","H","H",93.6,1.3,"Magnoliopsida","Streptophyta","Vitales","Vitaceae","Vitis"
"329","GCA_030737835.1","Streptophyta",55184,"Acorus gramineus",NA,NA,"H","H","H",NA,86.8,6.6,"Magnoliopsida","Streptophyta","Acorales","Acoraceae","Acorus"
"330","GCA_030737845.1","Streptophyta",4465,"Acorus calamus",NA,NA,"H","H","H","H",89.5,5.7,"Magnoliopsida","Streptophyta","Acorales","Acoraceae","Acorus"
"331","GCA_030848705.1","Streptophyta",360622,"Heracleum sosnowskyi",NA,NA,"H","H","H","M",96.8,1.1,"Magnoliopsida","Streptophyta","Apiales","Apiaceae","Heracleum"
"332","GCA_030867185.1","Streptophyta",13708,"Tagetes erecta",NA,NA,"H","H","H","H",87.2,0.7,"Magnoliopsida","Streptophyta","Asterales","Asteraceae","Tagetes"
"333","GCA_030979865.1","Streptophyta",4024,"Acer saccharum",NA,NA,"H","H","H","H",91.4,1.7,"Magnoliopsida","Streptophyta","Sapindales","Sapindaceae","Acer"
"334","GCA_030979885.1","Streptophyta",4521,"Lolium multiflorum",NA,NA,"H","H","H","H",83.2,2,"Magnoliopsida","Streptophyta","Poales","Poaceae","Lolium"
"335","GCA_031230405.1","Streptophyta",315347,"Solanum verrucosum",NA,NA,"H","H","M","H",86.6,9.6,"Magnoliopsida","Streptophyta","Solanales","Solanaceae","Solanum"
"336","GCA_032173615.1","Streptophyta",3899,"Trifolium repens",NA,NA,"H","H","H","H",99.8,0.1,"Magnoliopsida","Streptophyta","Fabales","Fabaceae","Trifolium"
"337","GCA_032690845.1","Streptophyta",191504,"Eleusine coracana subsp. coracana",NA,NA,"H","H","H","H",93.6,2.2,"Magnoliopsida","Streptophyta","Poales","Poaceae","Eleusine"
"338","GCA_032871835.1","Streptophyta",168575,"Dipteronia dyeriana",NA,NA,"H","H","H","H",97.1,1.5,"Magnoliopsida","Streptophyta","Sapindales","Sapindaceae","Dipteronia"
"339","GCA_033065855.1","Streptophyta",112253,"Escallonia rubra",NA,NA,"H","H","H","H",87.5,8.5,"Magnoliopsida","Streptophyta","Escalloniales","Escalloniaceae","Escallonia"
"340","GCA_033070095.1","Streptophyta",1293975,"Escallonia herrerae",NA,NA,"H","H","H","H",89.5,5.6,"Magnoliopsida","Streptophyta","Escalloniales","Escalloniaceae","Escallonia"
"341","GCA_033220585.1","Streptophyta",43782,"Dipteronia sinensis",NA,NA,"H","H","H","H",91.2,5.2,"Magnoliopsida","Streptophyta","Sapindales","Sapindaceae","Dipteronia"
"342","GCA_033239525.1","Streptophyta",150966,"Nepenthes gracilis",NA,NA,"H","H","H","H",94.4,2.7,"Magnoliopsida","Streptophyta","Caryophyllales","Nepenthaceae","Nepenthes"
"343","GCA_033242285.1","Streptophyta",3494,"Ficus carica",NA,NA,"H","H","L","H",90,6.9,"Magnoliopsida","Streptophyta","Rosales","Moraceae","Ficus"
"344","GCA_034222035.1","Streptophyta",499986,"Acacia crassicarpa",NA,NA,"H","H","H","H",98.3,0.6,"Magnoliopsida","Streptophyta","Fabales","Fabaceae","Acacia"
"345","GCA_034359265.1","Streptophyta",4628,"Canna indica",NA,NA,"H","H","H","H",93.6,3.4,"Magnoliopsida","Streptophyta","Zingiberales","Cannaceae","Canna"
"346","GCA_034509725.1","Streptophyta",2727404,"Sesamum angolense",NA,NA,"H","H","H","M",73.2,13.6,"Magnoliopsida","Streptophyta","Lamiales","Pedaliaceae","Sesamum"
"347","GCA_034509735.1","Streptophyta",300844,"Sesamum alatum",NA,NA,"H","H","H","M",93.5,1.9,"Magnoliopsida","Streptophyta","Lamiales","Pedaliaceae","Sesamum"
"348","GCA_034509755.1","Streptophyta",243964,"Anisodus tanguticus",NA,NA,"H","H","H","M",98.8,0.6,"Magnoliopsida","Streptophyta","Solanales","Solanaceae","Anisodus"
"349","GCA_034814905.1","Streptophyta",160366,"Penstemon davidsonii",NA,NA,"H","H","H","H",49.9,3.3,"Magnoliopsida","Streptophyta","Lamiales","Plantaginaceae","Penstemon"
"350","GCA_035136125.1","Streptophyta",3512,"Quercus rubra",NA,NA,"H","H","H","H",98.1,0.9,"Magnoliopsida","Streptophyta","Fagales","Fagaceae","Quercus"
"351","GCA_035578085.1","Streptophyta",50273,"Solanum pinnatisectum",NA,NA,"H","H","H","H",97.8,0.6,"Magnoliopsida","Streptophyta","Solanales","Solanaceae","Solanum"
"352","GCA_035582445.1","Streptophyta",236973,"Trapa incisa",NA,NA,"H","H","H","H",94.6,2.1,"Magnoliopsida","Streptophyta","Myrtales","Lythraceae","Trapa"
"353","GCA_035582545.1","Streptophyta",22666,"Trapa natans",NA,NA,"H","H","H","H",92.8,4.1,"Magnoliopsida","Streptophyta","Myrtales","Lythraceae","Trapa"
"354","GCA_035582765.1","Streptophyta",4023,"Acer negundo",NA,NA,"H","H","H","H",91.9,1.5,"Magnoliopsida","Streptophyta","Sapindales","Sapindaceae","Acer"
"355","GCA_035896635.1","Streptophyta",3641,"Theobroma cacao",NA,NA,"H","H","H","H",89.3,6.9,"Magnoliopsida","Streptophyta","Malvales","Malvaceae","Theobroma"
"356","GCA_036250425.1","Streptophyta",79078,"Stylosanthes scabra",NA,NA,"H","H","H","H",94.1,3.8,"Magnoliopsida","Streptophyta","Fabales","Fabaceae","Stylosanthes"
"357","GCA_036320975.1","Streptophyta",29729,"Gossypium arboreum",NA,NA,"H","H","H","H",95.4,2.5,"Magnoliopsida","Streptophyta","Malvales","Malvaceae","Gossypium"
"358","GCA_036689595.1","Streptophyta",547442,"Paspalum notatum var. saurae",NA,NA,"H","H","H","H",91.9,2.4,"Magnoliopsida","Streptophyta","Poales","Poaceae","Paspalum"
"359","GCA_036851095.1","Streptophyta",3641,"Theobroma cacao",NA,NA,"H","H","H","H",91.3,3.8,"Magnoliopsida","Streptophyta","Malvales","Malvaceae","Theobroma"
"360","GCA_036851125.1","Streptophyta",3641,"Theobroma cacao",NA,NA,"H","H","H","H",95.5,2.7,"Magnoliopsida","Streptophyta","Malvales","Malvaceae","Theobroma"
"361","GCA_036851155.1","Streptophyta",3641,"Theobroma cacao",NA,NA,"H","H","H","H",95,2.8,"Magnoliopsida","Streptophyta","Malvales","Malvaceae","Theobroma"
"362","GCA_036885675.1","Streptophyta",3915,"Vigna mungo",NA,NA,"L","H","H",NA,79.5,10.1,"Magnoliopsida","Streptophyta","Fabales","Fabaceae","Vigna"
"363","GCA_037074985.1","Streptophyta",147425,"Solanum bulbocastanum",NA,NA,"H","H","H","H",88.2,2.8,"Magnoliopsida","Streptophyta","Solanales","Solanaceae","Solanum"
"364","GCA_037126225.1","Streptophyta",194707,"Dillenia turbinata",NA,NA,"H","H","H","H",93.9,2.8,"Magnoliopsida","Streptophyta","Dilleniales","Dilleniaceae","Dillenia"
"365","GCA_037833805.1","Streptophyta",1480154,"Marchantia polymorpha subsp. ruderalis",NA,NA,"H","H","H","H",87.4,1.1,"Marchantiopsida","Streptophyta","Marchantiales","Marchantiaceae","Marchantia"
"366","GCA_037833965.1","Streptophyta",1480154,"Marchantia polymorpha subsp. ruderalis",NA,NA,"H","H","H","H",87.4,1.1,"Marchantiopsida","Streptophyta","Marchantiales","Marchantiaceae","Marchantia"
"367","GCA_037953625.1","Streptophyta",3830,"Crotalaria pallida",NA,NA,"H","H","H","H",79.5,1.4,"Magnoliopsida","Streptophyta","Fabales","Fabaceae","Crotalaria"
"368","GCA_037954015.1","Streptophyta",3891,"Psophocarpus tetragonolobus",NA,NA,"H","H","H","H",80,0.7,"Magnoliopsida","Streptophyta","Fabales","Fabaceae","Psophocarpus"
"369","GCA_037954025.1","Streptophyta",3886,"Phaseolus coccineus",NA,NA,"H","H","H","H",93.9,0.4,"Magnoliopsida","Streptophyta","Fabales","Fabaceae","Phaseolus"
"370","GCA_037954105.1","Streptophyta",3824,"Canavalia gladiata",NA,NA,"H","H","H","H",81.7,0.9,"Magnoliopsida","Streptophyta","Fabales","Fabaceae","Canavalia"
"371","GCA_037962975.1","Streptophyta",43366,"Clitoria ternatea",NA,NA,"H","H","H","L",83.6,0.7,"Magnoliopsida","Streptophyta","Fabales","Fabaceae","Clitoria"
"372","GCA_038405125.1","Streptophyta",3635,"Gossypium hirsutum",NA,NA,"H","H","H","H",99.4,0.4,"Magnoliopsida","Streptophyta","Malvales","Malvaceae","Gossypium"
"373","GCA_038485115.1","Streptophyta",183260,"Hibiscus sabdariffa",NA,NA,"H","H","H","H",88.5,1.8,"Magnoliopsida","Streptophyta","Malvales","Malvaceae","Hibiscus"
"374","GCA_038485135.2","Streptophyta",183260,"Hibiscus sabdariffa",NA,NA,"H","H","H","H",92,1.4,"Magnoliopsida","Streptophyta","Malvales","Malvaceae","Hibiscus"
"375","GCA_038485145.1","Streptophyta",183260,"Hibiscus sabdariffa",NA,NA,"H","H","H","H",99.2,0.4,"Magnoliopsida","Streptophyta","Malvales","Malvaceae","Hibiscus"
"376","GCA_038677285.1","Streptophyta",3708,"Brassica napus",NA,NA,"H","H","H","H",99.2,0.1,"Magnoliopsida","Streptophyta","Brassicales","Brassicaceae","Brassica"
"377","GCA_039105155.1","Streptophyta",1480154,"Marchantia polymorpha subsp. ruderalis",NA,NA,"H","H","H","H",87.4,1.1,"Marchantiopsida","Streptophyta","Marchantiales","Marchantiaceae","Marchantia"
"378","GCA_039513925.1","Streptophyta",2320716,"Platanthera zijinensis",NA,NA,"H","H","H","H",79.5,6.4,"Magnoliopsida","Streptophyta","Asparagales","Orchidaceae","Platanthera"
"379","GCA_039583875.1","Streptophyta",2320717,"Platanthera guangdongensis",NA,NA,"H","H","H","M",58.1,11.1,"Magnoliopsida","Streptophyta","Asparagales","Orchidaceae","Platanthera"
"380","GCA_039602395.1","Streptophyta",3103831,"Deinandra increscens subsp. villosa",NA,NA,"H","H","H","H",95.5,0.6,"Magnoliopsida","Streptophyta","Asterales","Asteraceae","Deinandra"
"381","GCA_039657325.1","Streptophyta",152367,"Stephania cephalantha",NA,NA,"H","H",NA,"H",96,1.8,"Magnoliopsida","Streptophyta","Ranunculales","Menispermaceae","Stephania"
"382","GCA_039657345.1","Streptophyta",461633,"Stephania japonica",NA,NA,"H","H","H","H",96.7,0.9,"Magnoliopsida","Streptophyta","Ranunculales","Menispermaceae","Stephania"
"383","GCA_039657365.1","Streptophyta",152371,"Stephania yunnanensis",NA,NA,"H","H","H","H",96,1.2,"Magnoliopsida","Streptophyta","Ranunculales","Menispermaceae","Stephania"
"384","GCA_039657385.1","Streptophyta",2935761,"Citrus x changshan-huyou",NA,NA,"H","H","H","H",94.7,2.1,"Magnoliopsida","Streptophyta","Sapindales","Rutaceae","Citrus"
"385","GCA_039657395.1","Streptophyta",2935761,"Citrus x changshan-huyou",NA,NA,"H","H","H","H",94.5,2.4,"Magnoliopsida","Streptophyta","Sapindales","Rutaceae","Citrus"
"386","GCA_039720395.1","Streptophyta",63359,"Liquidambar formosana",NA,NA,"H","H","H","H",83.1,11.4,"Magnoliopsida","Streptophyta","Saxifragales","Altingiaceae","Liquidambar"
"387","GCA_040167595.1","Streptophyta",3572,"Saponaria officinalis",NA,NA,"H","H","H","H",98.9,0.4,"Magnoliopsida","Streptophyta","Caryophyllales","Caryophyllaceae","Saponaria"
"388","GCA_040182985.1","Streptophyta",425828,"Lithocarpus litseifolius",NA,NA,"H","H","H","M",96,2.1,"Magnoliopsida","Streptophyta","Fagales","Fagaceae","Lithocarpus"
"389","GCA_040183295.1","Streptophyta",59490,"Rubus argutus",NA,NA,"H","H","H","H",92.5,3.6,"Magnoliopsida","Streptophyta","Rosales","Rosaceae","Rubus"
"390","GCA_040256815.2","Streptophyta",4565,"Triticum aestivum",NA,NA,"H","H","H","H",99.1,0.2,"Magnoliopsida","Streptophyta","Poales","Poaceae","Triticum"
"391","GCA_040285695.1","Streptophyta",2727405,"Sesamum angustifolium",NA,NA,"H","H","H","L",70.6,14.3,"Magnoliopsida","Streptophyta","Lamiales","Pedaliaceae","Sesamum"
"392","GCA_040285715.1","Streptophyta",2727403,"Sesamum calycinum",NA,NA,"H","H","H","H",73.1,12.8,"Magnoliopsida","Streptophyta","Lamiales","Pedaliaceae","Sesamum"
"393","GCA_040286105.1","Streptophyta",2727402,"Sesamum latifolium",NA,NA,"H","H","H","H",75,13.1,"Magnoliopsida","Streptophyta","Lamiales","Pedaliaceae","Sesamum"
"394","GCA_040286145.1","Streptophyta",300843,"Sesamum radiatum",NA,NA,"H","H","H","M",83.6,9.9,"Magnoliopsida","Streptophyta","Lamiales","Pedaliaceae","Sesamum"
"395","GCA_040372305.1","Streptophyta",34254,"Lithospermum erythrorhizon",NA,NA,"H","H","H","M",87.5,4.6,"Magnoliopsida","Streptophyta","Boraginales","Boraginaceae","Lithospermum"
"396","GCA_040436765.1","Streptophyta",3656,"Cucumis melo",NA,NA,"H","H","H","H",91.3,3.3,"Magnoliopsida","Streptophyta","Cucurbitales","Cucurbitaceae","Cucumis"
"397","GCA_040550855.1","Streptophyta",52824,"Brassica carinata",NA,NA,"H","H","H","H",99.6,0.1,"Magnoliopsida","Streptophyta","Brassicales","Brassicaceae","Brassica"
"398","GCA_040584065.1","Streptophyta",52824,"Brassica carinata",NA,NA,"H","H","H","H",99.6,0.1,"Magnoliopsida","Streptophyta","Brassicales","Brassicaceae","Brassica"
"399","GCA_040670175.1","Streptophyta",117978,"Dendrobium thyrsiflorum",NA,NA,"H","H","H","H",91.5,2.3,"Magnoliopsida","Streptophyta","Asparagales","Orchidaceae","Dendrobium"
"400","GCA_040938325.1","Streptophyta",3635,"Gossypium hirsutum",NA,NA,"H","H","H","H",99.3,0.5,"Magnoliopsida","Streptophyta","Malvales","Malvaceae","Gossypium"
"401","GCA_040955855.1","Streptophyta",228776,"Cardamine amara subsp. amara",NA,NA,"H","H","H","H",95.5,0.7,"Magnoliopsida","Streptophyta","Brassicales","Brassicaceae","Cardamine"
"402","GCA_041154535.1","Streptophyta",542762,"Camellia sinensis var. sinensis",NA,NA,"H","H","H","H",97.3,1.6,"Magnoliopsida","Streptophyta","Ericales","Theaceae","Camellia"
"403","GCA_041154625.1","Streptophyta",378228,"Prunus speciosa",NA,NA,"H","H","H","H",97.8,0.4,"Magnoliopsida","Streptophyta","Rosales","Rosaceae","Prunus"
"404","GCA_041381175.1","Streptophyta",28513,"Salvia divinorum",NA,NA,"H","H","H","H",98.5,0.6,"Magnoliopsida","Streptophyta","Lamiales","Lamiaceae","Salvia"
"405","GCA_041383265.1","Streptophyta",3818,"Arachis hypogaea",NA,NA,"H","H","H","H",99.3,0.3,"Magnoliopsida","Streptophyta","Fabales","Fabaceae","Arachis"
"406","GCA_042100155.1","Streptophyta",4039,"Daucus carota",NA,NA,"H","H","H",NA,96.4,0.6,"Magnoliopsida","Streptophyta","Apiales","Apiaceae","Daucus"
"407","GCA_043165305.1","Streptophyta",520843,"Flemingia macrophylla",NA,NA,"H","H","H","M",98.6,0.5,"Magnoliopsida","Streptophyta","Fabales","Fabaceae","Flemingia"
"408","GCA_043235775.1","Streptophyta",126358,"Abeliophyllum distichum",NA,NA,"H","H","H","H",89.3,4.1,"Magnoliopsida","Streptophyta","Lamiales","Oleaceae","Abeliophyllum"
"409","GCA_043237855.1","Streptophyta",205694,"Forsythia ovata",NA,NA,"H","H","H","H",92.6,3.6,"Magnoliopsida","Streptophyta","Lamiales","Oleaceae","Forsythia"
"410","GCA_043381025.1","Streptophyta",3847,"Glycine max",NA,NA,"H","H","H","H",99.9,0,"Magnoliopsida","Streptophyta","Fabales","Fabaceae","Glycine"
"411","GCA_043381455.1","Streptophyta",41844,"Riccia fluitans",NA,NA,"H","H","H",NA,83.3,3,"Marchantiopsida","Streptophyta","Marchantiales","Ricciaceae","Riccia"
"412","GCA_044505025.1","Streptophyta",338654,"Bienertia sinuspersici",NA,NA,NA,"H","M","H",72.2,12.8,"Magnoliopsida","Streptophyta","Caryophyllales","Chenopodiaceae","Bienertia"
"413","GCA_044510105.1","Streptophyta",3847,"Glycine max",NA,NA,"H","H","H","H",99.8,0.1,"Magnoliopsida","Streptophyta","Fabales","Fabaceae","Glycine"
"414","GCA_045791845.1","Streptophyta",62892,"Solanum stoloniferum",NA,NA,"H","H","H","H",95.7,0.7,"Magnoliopsida","Streptophyta","Solanales","Solanaceae","Solanum"
"415","GCA_900059795.1","Streptophyta",49390,"Coffea canephora",NA,NA,"H","H","H",NA,93.9,3.9,"Magnoliopsida","Streptophyta","Gentianales","Rubiaceae","Coffea"
"416","GCA_900231445.1","Streptophyta",4567,"Triticum turgidum subsp. durum",NA,NA,"H","H","H","H",96.5,0.8,"Magnoliopsida","Streptophyta","Poales","Poaceae","Triticum"
"417","GCA_900332095.2","Streptophyta",132261,"Cuscuta campestris",NA,NA,"H","H","H","H",81.7,7.1,"Magnoliopsida","Streptophyta","Solanales","Convolvulaceae","Cuscuta"
"418","GCA_900411305.1","Streptophyta",4565,"Triticum aestivum",NA,NA,"H","H","H","H",17.4,1.1,"Magnoliopsida","Streptophyta","Poales","Poaceae","Triticum"
"419","GCA_900412535.3","Streptophyta",3711,"Brassica rapa",NA,NA,"H","H","H","M",97.5,1,"Magnoliopsida","Streptophyta","Brassicales","Brassicaceae","Brassica"
"420","GCA_902201215.1","Streptophyta",3755,"Prunus dulcis",NA,NA,"H","H","H","H",97.1,0.4,"Magnoliopsida","Streptophyta","Rosales","Rosaceae","Prunus"
"421","GCA_902206195.3","Streptophyta",586526,"Arabis nemorensis",NA,NA,"H","H","H",NA,96.8,1.4,"Magnoliopsida","Streptophyta","Brassicales","Brassicaceae","Arabis"
"422","GCA_902651935.1","Streptophyta",3702,"Arabidopsis thaliana",NA,NA,"H","H","H","H",99.6,0.1,"Magnoliopsida","Streptophyta","Brassicales","Brassicaceae","Arabidopsis"
"423","GCA_902703425.1","Streptophyta",51605,"Spirodela intermedia",NA,NA,"H","H","H","H",86.5,5,"Magnoliopsida","Streptophyta","Alismatales","Araceae","Spirodela"
"424","GCA_902705455.1","Streptophyta",3702,"Arabidopsis thaliana",NA,NA,"H","H","H","H",99.6,0.1,"Magnoliopsida","Streptophyta","Brassicales","Brassicaceae","Arabidopsis"
"425","GCA_902706635.1","Streptophyta",68872,"Striga hermonthica",NA,NA,"H","H","H","M",90.7,4.5,"Magnoliopsida","Streptophyta","Lamiales","Orobanchaceae","Striga"
"426","GCA_902713445.1","Streptophyta",158383,"Olea europaea subsp. europaea",NA,NA,"H","H","H","H",97.1,1.2,"Magnoliopsida","Streptophyta","Lamiales","Oleaceae","Olea"
"427","GCA_902728155.2","Streptophyta",1685480,"Microthlaspi erraticum",NA,NA,"H","H","H","H",98.5,0.6,"Magnoliopsida","Streptophyta","Brassicales","Brassicaceae","Microthlaspi"
"428","GCA_902729315.2","Streptophyta",51605,"Spirodela intermedia",NA,NA,"H","H","H","H",95.4,2,"Magnoliopsida","Streptophyta","Alismatales","Araceae","Spirodela"
"429","GCA_903112645.1","Streptophyta",36596,"Prunus armeniaca",NA,NA,"H","H","H","H",93.4,2.5,"Magnoliopsida","Streptophyta","Rosales","Rosaceae","Prunus"
"430","GCA_903114435.1","Streptophyta",36596,"Prunus armeniaca",NA,NA,"H","H","H","H",94.4,2.2,"Magnoliopsida","Streptophyta","Rosales","Rosaceae","Prunus"
"431","GCA_904420315.1","Streptophyta",3702,"Arabidopsis thaliana",NA,NA,"H","H","H","H",91.3,1.6,"Magnoliopsida","Streptophyta","Brassicales","Brassicaceae","Arabidopsis"
"432","GCA_904845875.1","Streptophyta",422564,"Miscanthus lutarioriparius",NA,NA,"H","H","H","H",97.2,1.4,"Magnoliopsida","Streptophyta","Poales","Poaceae","Miscanthus"
"433","GCA_905183035.1","Streptophyta",3708,"Brassica napus",NA,NA,"H","H","H","H",98.1,0.5,"Magnoliopsida","Streptophyta","Brassicales","Brassicaceae","Brassica"
"434","GCA_905216605.1","Streptophyta",38785,"Arabidopsis arenosa",NA,NA,"H","H","H","M",95.5,0.9,"Magnoliopsida","Streptophyta","Brassicales","Brassicaceae","Arabidopsis"
"435","GCA_911865555.2","Streptophyta",13288,"Thlaspi arvense",NA,NA,"H","H","H","L",87.3,2.5,"Magnoliopsida","Streptophyta","Brassicales","Brassicaceae","Thlaspi"
"436","GCA_912172775.2","Streptophyta",56036,"Fraxinus pennsylvanica",NA,NA,"H","H","H",NA,82.4,2.4,"Magnoliopsida","Streptophyta","Lamiales","Oleaceae","Fraxinus"
"437","GCA_928212115.1","Streptophyta",75947,"Lactuca virosa",NA,NA,"H","H","H","H",91.9,2.1,"Magnoliopsida","Streptophyta","Asterales","Asteraceae","Lactuca"
"438","GCA_932364175.1","Streptophyta",29727,"Eruca vesicaria subsp. sativa",NA,NA,"H","H","H","M",98,0.9,"Magnoliopsida","Streptophyta","Brassicales","Brassicaceae","Eruca"
"439","GCA_944990045.1","Streptophyta",59689,"Arabidopsis lyrata",NA,NA,"H","H","H","H",96.2,1.2,"Magnoliopsida","Streptophyta","Brassicales","Brassicaceae","Arabidopsis"
"440","GCA_945859875.1","Streptophyta",41803,"Cuscuta europaea",NA,NA,"H","H","H","H",87.9,2.5,"Magnoliopsida","Streptophyta","Solanales","Convolvulaceae","Cuscuta"
"441","GCA_945859915.1","Streptophyta",186058,"Cuscuta epithymum",NA,NA,"H","H","H","H",90.8,0.8,"Magnoliopsida","Streptophyta","Solanales","Convolvulaceae","Cuscuta"
"442","GCA_946122785.1","Streptophyta",586396,"Linum tenue",NA,NA,"H","H","H","H",96,1.3,"Magnoliopsida","Streptophyta","Malpighiales","Linaceae","Linum"
"443","GCA_947470075.1","Streptophyta",2996821,"Closterium sp. Yama58-4",NA,NA,"H","H","H",NA,45.1,9,"Zygnemophyceae","Streptophyta","Desmidiales","Closteriaceae","Closterium"
"444","GCA_947471745.1","Streptophyta",2996811,"Closterium sp. Naga37s-1",NA,NA,"H","H","H",NA,49.9,8.1,"Zygnemophyceae","Streptophyta","Desmidiales","Closteriaceae","Closterium"
"445","GCA_948144035.1","Streptophyta",3014308,"Closterium sp. NIES-64",NA,NA,"H","H","H",NA,44.2,9,"Zygnemophyceae","Streptophyta","Desmidiales","Closteriaceae","Closterium"
"446","GCA_948144175.1","Streptophyta",3014309,"Closterium sp. NIES-65",NA,NA,"H","H","H",NA,45,8.7,"Zygnemophyceae","Streptophyta","Desmidiales","Closteriaceae","Closterium"
"447","GCA_948472305.1","Streptophyta",3906,"Vicia faba",NA,NA,"H","H","H","H",96.1,2.4,"Magnoliopsida","Streptophyta","Fabales","Fabaceae","Vicia"
"448","GCA_949281255.1","Streptophyta",3014311,"Closterium sp. NIES-54",NA,NA,"M","H","H",NA,35.9,10.4,"Zygnemophyceae","Streptophyta","Desmidiales","Closteriaceae","Closterium"
"449","GCA_949281275.1","Streptophyta",3014310,"Closterium sp. NIES-53",NA,NA,"H","H","H",NA,36.8,10.9,"Zygnemophyceae","Streptophyta","Desmidiales","Closteriaceae","Closterium"
"450","GCA_949352195.3","Streptophyta",57577,"Trifolium pratense",NA,NA,"H","H","H","L",99.9,0,"Magnoliopsida","Streptophyta","Fabales","Fabaceae","Trifolium"
"451","GCA_949775105.1","Streptophyta",529605,"Oldenlandia corymbosa var. corymbosa",NA,NA,"H","H","H","H",94.1,1.2,"Magnoliopsida","Streptophyta","Gentianales","Rubiaceae","Oldenlandia"
"452","GCA_949927565.1","Streptophyta",75948,"Lactuca saligna",NA,NA,"H","H","H","H",89.9,2.2,"Magnoliopsida","Streptophyta","Asterales","Asteraceae","Lactuca"
"453","GCA_963425845.1","Streptophyta",92480,"Sphenostylis stenocarpa",NA,NA,"H","H","H","H",90,5.3,"Magnoliopsida","Streptophyta","Fabales","Fabaceae","Sphenostylis"
"454","GCA_963454935.2","Streptophyta",185542,"Ilex paraguariensis",NA,NA,"H","H","H","H",75.2,16.4,"Magnoliopsida","Streptophyta","Aquifoliales","Aquifoliaceae","Ilex"
"455","GCA_963859935.3","Streptophyta",3860,"Lathyrus sativus",NA,NA,"H","H","H","H",95.7,0.7,"Magnoliopsida","Streptophyta","Fabales","Fabaceae","Lathyrus"
"456","GCA_963924115.1","Streptophyta",77055,"Dovyalis caffra",NA,NA,"H","H","H","H",88.3,5.9,"Magnoliopsida","Streptophyta","Malpighiales","Salicaceae","Dovyalis"
"457","GCA_963931745.2","Streptophyta",4442,"Camellia sinensis",NA,NA,"H","H","H","L",96.1,1.3,"Magnoliopsida","Streptophyta","Ericales","Theaceae","Camellia"
"458","GCA_963931755.2","Streptophyta",4442,"Camellia sinensis",NA,NA,"H","H","H","L",95.5,1.5,"Magnoliopsida","Streptophyta","Ericales","Theaceae","Camellia"
"459","GCA_963931765.2","Streptophyta",4442,"Camellia sinensis",NA,NA,"H","H","H","L",95.5,2,"Magnoliopsida","Streptophyta","Ericales","Theaceae","Camellia"
"460","GCA_963970345.1","Streptophyta",128251,"Sphagnum troendelagicum",NA,NA,"H","H","H","H",87.7,2.1,"Sphagnopsida","Streptophyta","Sphagnales","Sphagnaceae","Sphagnum"
"461","GCA_963970355.1","Streptophyta",128251,"Sphagnum troendelagicum",NA,NA,"H","H","H","H",88.3,1.8,"Sphagnopsida","Streptophyta","Sphagnales","Sphagnaceae","Sphagnum"
"462","GCA_963971075.1","Streptophyta",128206,"Sphagnum jensenii",NA,"M","H","H","H","H",88.2,1.9,"Sphagnopsida","Streptophyta","Sphagnales","Sphagnaceae","Sphagnum"
"463","GCA_963978565.1","Streptophyta",252529,"Citrullus colocynthis",NA,NA,"H","H","H",NA,95.2,1.5,"Magnoliopsida","Streptophyta","Cucurbitales","Cucurbitaceae","Citrullus"
"464","GCA_964014455.1","Streptophyta",128206,"Sphagnum jensenii",NA,"M","H","H","H","H",87.5,2,"Sphagnopsida","Streptophyta","Sphagnales","Sphagnaceae","Sphagnum"
"465","GCA_964019355.1","Streptophyta",3873,"Lupinus luteus",NA,NA,"H","H","H","H",98.8,0.5,"Magnoliopsida","Streptophyta","Fabales","Fabaceae","Lupinus"
"466","GCA_964030455.1","Streptophyta",586398,"Linum trigynum",NA,NA,"H","H","H",NA,97,1.2,"Magnoliopsida","Streptophyta","Malpighiales","Linaceae","Linum"
"467","GCA_964030465.3","Streptophyta",240449,"Urochloa decumbens",NA,NA,"H","H","H","H",99.4,0.1,"Magnoliopsida","Streptophyta","Poales","Poaceae","Urochloa"
"468","GCA_964186695.1","Streptophyta",3888,"Pisum sativum",NA,NA,"H","H","H","H",99.2,0.1,"Magnoliopsida","Streptophyta","Fabales","Fabaceae","Pisum"
"469","GCA_964259005.1","Streptophyta",36596,"Prunus armeniaca",NA,NA,"H","H","H","H",97.2,1.5,"Magnoliopsida","Streptophyta","Rosales","Rosaceae","Prunus"
"470","GCA_964267205.1","Streptophyta",151428,"Prunus brigantina",NA,NA,"H","H","H",NA,96.9,0.5,"Magnoliopsida","Streptophyta","Rosales","Rosaceae","Prunus"
"471","GCA_964270275.1","Streptophyta",213591,"Musa banksii",NA,NA,"H","H","H","L",95.9,1.5,"Magnoliopsida","Streptophyta","Zingiberales","Musaceae","Musa"
"472","GCA_964270295.1","Streptophyta",228183,"Musa textilis",NA,NA,"H","H","H","M",89.8,4,"Magnoliopsida","Streptophyta","Zingiberales","Musaceae","Musa"
"473","GCA_964270305.1","Streptophyta",214685,"Musa acuminata var. zebrina",NA,NA,"H","H","H","H",97.6,0.6,"Magnoliopsida","Streptophyta","Zingiberales","Musaceae","Musa"
"474","GCA_964270695.1","Streptophyta",491892,"Musa hybrid cultivar",NA,NA,"H","H","H","M",97.2,0.9,"Magnoliopsida","Streptophyta","Zingiberales","Musaceae","Musa"
"475","GCA_964270995.1","Streptophyta",491892,"Musa hybrid cultivar",NA,NA,"H","H","H","M",97.3,0.7,"Magnoliopsida","Streptophyta","Zingiberales","Musaceae","Musa"
"476","GCA_964271285.1","Streptophyta",81970,"Arabidopsis halleri",NA,NA,"H","H","H","H",97.2,0.7,"Magnoliopsida","Streptophyta","Brassicales","Brassicaceae","Arabidopsis"
"477","GCA_964340505.1","Streptophyta",114194,"Alopecurus aequalis",NA,NA,"H","H","H",NA,98.9,0,"Magnoliopsida","Streptophyta","Poales","Poaceae","Alopecurus"
