"","Accn","Group","Organism_Taxonomic_ID","Organism.Name","SIN1","RICTOR","RAPTOR","TOR","LST8","D1","Class.name","Phylum.name","Order.name","Family.name","Genus.name","Source"
"1","Amoce1","Alveolata",1775427,"Amoebophrya ceratii AT5.2",NA,NA,NA,"M",NA,NA,"Dinophyceae",NA,"Syndiniales","Amoebophryaceae","Amoebophrya","JGI"
"2","Polgl2088","Alveolata",89957,"Polarella glacialis CCMP2088",NA,"L","L","H","M",NA,"Dinophyceae",NA,"Suessiales","Suessiaceae","Polarella","JGI"
"3","Chrveli1","Alveolata",1169474,"Chromera velia CCMP2878",NA,NA,"H","H","H",NA,NA,NA,NA,"Chromeraceae","Chromera","JGI"
"4","Fugka2468","Alveolata",2697096,"Fugacium kawagutii CCMP2468",NA,NA,NA,"M","L",NA,"Dinophyceae",NA,"Suessiales","Symbiodiniaceae","Fugacium","JGI"
"5","Clago1","Alveolata",2562237,"Cladocopium goreaui SCF055-01",NA,NA,NA,"H","L",NA,"Dinophyceae",NA,"Suessiales","Symbiodiniaceae","Cladocopium","JGI"
"6","Bremi1","Alveolata",2499525,"Breviolum minutum",NA,NA,NA,"H","L","M","Dinophyceae",NA,"Suessiales","Symbiodiniaceae","Breviolum","JGI"
"7","Vitbras1","Alveolata",1169540,"Vitrella brassicaformis CCMP3155",NA,"M","H","H","H",NA,NA,NA,NA,"Vitrellaceae","Vitrella","JGI"
"8","Tetthe1","Alveolata",312017,"Tetrahymena thermophila SB210",NA,"H",NA,"H","M",NA,"Oligohymenophorea","Ciliophora","Hymenostomatida","Tetrahymenidae","Tetrahymena","JGI"
"9","Toxgon1","Alveolata",508771,"Toxoplasma gondii ME49",NA,NA,NA,"H","L",NA,"Conoidasida","Apicomplexa","Eucoccidiorida","Sarcocystidae","Toxoplasma","JGI"
"10","Oxytri1","Alveolata",1172189,"Oxytricha trifallax JRB310",NA,"H",NA,"H","M",NA,"Spirotrichea","Ciliophora","Sporadotrichida","Oxytrichidae","Oxytricha","JGI"
"11","Partet1","Alveolata",412030,"Paramecium tetraurelia d4_2","M","H",NA,"H","H",NA,"Oligohymenophorea","Ciliophora","Peniculida","Parameciidae","Paramecium","JGI"
"12","Symmic1","Alveolata",2951,"Symbiodinium microadriaticum CCMP2467",NA,NA,NA,"H","L",NA,"Dinophyceae",NA,"Suessiales","Symbiodiniaceae","Symbiodinium","JGI"
"13","GCA_000002415.2","Alveolata",5855,"Plasmodium vivax",NA,NA,NA,NA,NA,NA,"Aconoidasida","Apicomplexa","Haemosporida","Plasmodiidae","Plasmodium","NCBI"
"14","GCA_000002765.3","Alveolata",36329,"Plasmodium falciparum 3D7",NA,NA,NA,NA,NA,NA,"Aconoidasida","Apicomplexa","Haemosporida","Plasmodiidae","Plasmodium","NCBI"
"15","GCA_000003085.2","Alveolata",73239,"Plasmodium yoelii yoelii",NA,NA,NA,NA,NA,NA,"Aconoidasida","Apicomplexa","Haemosporida","Plasmodiidae","Plasmodium","NCBI"
"16","GCA_000003225.1","Alveolata",5874,"Theileria annulata",NA,NA,NA,"M",NA,NA,"Aconoidasida","Apicomplexa","Piroplasmida","Theileriidae","Theileria","NCBI"
"17","GCA_000006355.3","Alveolata",5851,"Plasmodium knowlesi strain H",NA,NA,NA,NA,NA,NA,"Aconoidasida","Apicomplexa","Haemosporida","Plasmodiidae","Plasmodium","NCBI"
"18","GCA_000006405.1","Alveolata",423536,"Perkinsus marinus ATCC 50983",NA,"L","M","H","M",NA,NA,"Perkinsozoa","Perkinsida","Perkinsidae","Perkinsus","NCBI"
"19","GCA_000006515.1","Alveolata",441375,"Cryptosporidium muris RN66",NA,NA,NA,"H",NA,NA,"Conoidasida","Apicomplexa","Eucoccidiorida","Cryptosporidiidae","Cryptosporidium","NCBI"
"20","GCA_000149665.2","Alveolata",137071,"Plasmodium falciparum HB3",NA,NA,NA,NA,NA,NA,"Aconoidasida","Apicomplexa","Haemosporida","Plasmodiidae","Plasmodium","NCBI"
"21","GCA_000149715.2","Alveolata",507601,"Toxoplasma gondii GT1",NA,NA,NA,"H","L",NA,"Conoidasida","Apicomplexa","Eucoccidiorida","Sarcocystidae","Toxoplasma","NCBI"
"22","GCA_000149795.1","Alveolata",57267,"Plasmodium falciparum Dd2",NA,NA,NA,NA,NA,NA,"Aconoidasida","Apicomplexa","Haemosporida","Plasmodiidae","Plasmodium","NCBI"
"23","GCA_000150015.2","Alveolata",432359,"Toxoplasma gondii VEG",NA,NA,NA,"H","L",NA,"Conoidasida","Apicomplexa","Eucoccidiorida","Sarcocystidae","Toxoplasma","NCBI"
"24","GCA_000150435.3","Alveolata",57266,"Plasmodium falciparum 7G8",NA,NA,NA,NA,NA,NA,"Aconoidasida","Apicomplexa","Haemosporida","Plasmodiidae","Plasmodium","NCBI"
"25","GCA_000165345.1","Alveolata",353152,"Cryptosporidium parvum Iowa II",NA,NA,NA,"H",NA,NA,"Conoidasida","Apicomplexa","Eucoccidiorida","Cryptosporidiidae","Cryptosporidium","NCBI"
"26","GCA_000165365.1","Alveolata",333668,"Theileria parva strain Muguga",NA,NA,NA,"M",NA,NA,"Aconoidasida","Apicomplexa","Piroplasmida","Theileriidae","Theileria","NCBI"
"27","GCA_000165395.2","Alveolata",484906,"Babesia bovis T2Bo",NA,NA,NA,"H",NA,NA,"Aconoidasida","Apicomplexa","Piroplasmida","Babesiidae","Babesia","NCBI"
"28","GCA_000165425.1","Alveolata",5888,"Paramecium tetraurelia","M","H",NA,"H","H",NA,"Oligohymenophorea","Ciliophora","Peniculida","Parameciidae","Paramecium","NCBI"
"29","GCA_000186025.2","Alveolata",580058,"Plasmodium falciparum RAJ116",NA,NA,NA,NA,NA,NA,"Aconoidasida","Apicomplexa","Haemosporida","Plasmodiidae","Plasmodium","NCBI"
"30","GCA_000186055.2","Alveolata",580059,"Plasmodium falciparum IGH-CR14",NA,NA,NA,NA,NA,NA,"Aconoidasida","Apicomplexa","Haemosporida","Plasmodiidae","Plasmodium","NCBI"
"31","GCA_000208865.2","Alveolata",572307,"Neospora caninum Liverpool",NA,NA,NA,"H","L",NA,"Conoidasida","Apicomplexa","Eucoccidiorida","Sarcocystidae","Neospora","NCBI"
"32","GCA_000209695.1","Alveolata",5807,"Cryptosporidium parvum",NA,NA,NA,"H",NA,NA,"Conoidasida","Apicomplexa","Eucoccidiorida","Cryptosporidiidae","Cryptosporidium","NCBI"
"33","GCA_000220395.1","Alveolata",5932,"Ichthyophthirius multifiliis",NA,"M",NA,"H","M",NA,"Oligohymenophorea","Ciliophora","Hymenostomatida",NA,"Ichthyophthirius","NCBI"
"34","GCA_000223845.4","Alveolata",110365,"Gregarina niphandrodes",NA,NA,NA,"H",NA,NA,"Conoidasida","Apicomplexa","Eugregarinorida","Gregarinidae","Gregarina","NCBI"
"35","GCA_000224805.2","Alveolata",935652,"Toxoplasma gondii RUB",NA,NA,NA,"H","L",NA,"Conoidasida","Apicomplexa","Eucoccidiorida","Sarcocystidae","Toxoplasma","NCBI"
"36","GCA_000224845.2","Alveolata",933077,"Toxoplasma gondii VAND",NA,NA,NA,"H","L",NA,"Conoidasida","Apicomplexa","Eucoccidiorida","Sarcocystidae","Toxoplasma","NCBI"
"37","GCA_000224865.2","Alveolata",943118,"Toxoplasma gondii MAS",NA,NA,NA,"H","L",NA,"Conoidasida","Apicomplexa","Eucoccidiorida","Sarcocystidae","Toxoplasma","NCBI"
"38","GCA_000224885.2","Alveolata",943119,"Toxoplasma gondii p89",NA,NA,NA,"H","L",NA,"Conoidasida","Apicomplexa","Eucoccidiorida","Sarcocystidae","Toxoplasma","NCBI"
"39","GCA_000224905.2","Alveolata",943167,"Toxoplasma gondii FOU",NA,NA,NA,"H","L",NA,"Conoidasida","Apicomplexa","Eucoccidiorida","Sarcocystidae","Toxoplasma","NCBI"
"40","GCA_000250965.2","Alveolata",1074872,"Toxoplasma gondii ARI",NA,NA,NA,"H","L",NA,"Conoidasida","Apicomplexa","Eucoccidiorida","Sarcocystidae","Toxoplasma","NCBI"
"41","GCA_000256705.2","Alveolata",943122,"Toxoplasma gondii CAST",NA,NA,NA,"H","L",NA,"Conoidasida","Apicomplexa","Eucoccidiorida","Sarcocystidae","Toxoplasma","NCBI"
"42","GCA_000256725.2","Alveolata",1130821,"Toxoplasma gondii TgCatPRC2",NA,NA,NA,"H","L",NA,"Conoidasida","Apicomplexa","Eucoccidiorida","Sarcocystidae","Toxoplasma","NCBI"
"43","GCA_000258005.2","Alveolata",99158,"Hammondia hammondi",NA,NA,NA,"H","L",NA,"Conoidasida","Apicomplexa","Eucoccidiorida","Sarcocystidae","Hammondia","NCBI"
"44","GCA_000320625.2","Alveolata",1077284,"Plasmodium vivax India VII",NA,NA,NA,NA,NA,NA,"Aconoidasida","Apicomplexa","Haemosporida","Plasmodiidae","Plasmodium","NCBI"
"45","GCA_000320645.2","Alveolata",1033975,"Plasmodium vivax Brazil I",NA,NA,NA,NA,NA,NA,"Aconoidasida","Apicomplexa","Haemosporida","Plasmodiidae","Plasmodium","NCBI"
"46","GCA_000320665.2","Alveolata",1035515,"Plasmodium vivax Mauritania I",NA,NA,NA,NA,NA,NA,"Aconoidasida","Apicomplexa","Haemosporida","Plasmodiidae","Plasmodium","NCBI"
"47","GCA_000320685.2","Alveolata",1035514,"Plasmodium vivax North Korean",NA,NA,NA,NA,NA,NA,"Aconoidasida","Apicomplexa","Haemosporida","Plasmodiidae","Plasmodium","NCBI"
"48","GCA_000321355.1","Alveolata",1120755,"Plasmodium cynomolgi strain B",NA,NA,NA,NA,NA,NA,"Aconoidasida","Apicomplexa","Haemosporida","Plasmodiidae","Plasmodium","NCBI"
"49","GCA_000325525.2","Alveolata",1130820,"Toxoplasma gondii GAB2-2007-GAL-DOM2",NA,NA,NA,"H","L",NA,"Conoidasida","Apicomplexa","Eucoccidiorida","Sarcocystidae","Toxoplasma","NCBI"
"50","GCA_000342415.1","Alveolata",1537102,"Theileria equi strain WA",NA,NA,NA,"H",NA,NA,"Aconoidasida","Apicomplexa","Piroplasmida","Theileriidae","Theileria","NCBI"
"51","GCA_000401695.2","Alveolata",5843,"Plasmodium falciparum NF54",NA,NA,NA,NA,NA,NA,"Aconoidasida","Apicomplexa","Haemosporida","Plasmodiidae","Plasmodium","NCBI"
"52","GCA_000401715.2","Alveolata",1237627,"Plasmodium falciparum UGT5.1",NA,NA,NA,NA,NA,NA,"Aconoidasida","Apicomplexa","Haemosporida","Plasmodiidae","Plasmodium","NCBI"
"53","GCA_000499385.1","Alveolata",51315,"Eimeria necatrix",NA,NA,NA,NA,NA,NA,"Conoidasida","Apicomplexa","Eucoccidiorida","Eimeriidae","Eimeria","NCBI"
"54","GCA_000499425.1","Alveolata",5801,"Eimeria acervulina",NA,NA,NA,"M",NA,NA,"Conoidasida","Apicomplexa","Eucoccidiorida","Eimeriidae","Eimeria","NCBI"
"55","GCA_000499445.1","Alveolata",51316,"Eimeria praecox",NA,NA,NA,NA,NA,NA,"Conoidasida","Apicomplexa","Eucoccidiorida","Eimeriidae","Eimeria","NCBI"
"56","GCA_000499545.1","Alveolata",5802,"Eimeria tenella",NA,NA,NA,"M","L",NA,"Conoidasida","Apicomplexa","Eucoccidiorida","Eimeriidae","Eimeria","NCBI"
"57","GCA_000499605.1","Alveolata",5804,"Eimeria maxima",NA,NA,NA,"L",NA,NA,"Conoidasida","Apicomplexa","Eucoccidiorida","Eimeriidae","Eimeria","NCBI"
"58","GCA_000499725.1","Alveolata",51314,"Eimeria brunetti",NA,NA,NA,"M","L",NA,"Conoidasida","Apicomplexa","Eucoccidiorida","Eimeriidae","Eimeria","NCBI"
"59","GCA_000499745.2","Alveolata",44415,"Eimeria mitis",NA,NA,NA,NA,NA,NA,"Conoidasida","Apicomplexa","Eucoccidiorida","Eimeriidae","Eimeria","NCBI"
"60","GCA_000505035.1","Alveolata",1323249,"Plasmodium yoelii 17X",NA,NA,NA,NA,NA,NA,"Aconoidasida","Apicomplexa","Haemosporida","Plasmodiidae","Plasmodium","NCBI"
"61","GCA_000521015.1","Alveolata",1036723,"Plasmodium falciparum Vietnam Oak-Knoll (FVO)",NA,NA,NA,NA,NA,NA,"Aconoidasida","Apicomplexa","Haemosporida","Plasmodiidae","Plasmodium","NCBI"
"62","GCA_000521035.1","Alveolata",1036727,"Plasmodium falciparum MaliPS096_E11",NA,NA,NA,NA,NA,NA,"Aconoidasida","Apicomplexa","Haemosporida","Plasmodiidae","Plasmodium","NCBI"
"63","GCA_000521055.1","Alveolata",1036725,"Plasmodium falciparum Tanzania (2000708)",NA,NA,NA,NA,NA,NA,"Aconoidasida","Apicomplexa","Haemosporida","Plasmodiidae","Plasmodium","NCBI"
"64","GCA_000521075.1","Alveolata",1036726,"Plasmodium falciparum NF135/5.C10",NA,NA,NA,NA,NA,NA,"Aconoidasida","Apicomplexa","Haemosporida","Plasmodiidae","Plasmodium","NCBI"
"65","GCA_000521095.1","Alveolata",57270,"Plasmodium falciparum Palo Alto/Uganda",NA,NA,NA,NA,NA,NA,"Aconoidasida","Apicomplexa","Haemosporida","Plasmodiidae","Plasmodium","NCBI"
"66","GCA_000521115.1","Alveolata",5835,"Plasmodium falciparum CAMP/Malaysia",NA,NA,NA,NA,NA,NA,"Aconoidasida","Apicomplexa","Haemosporida","Plasmodiidae","Plasmodium","NCBI"
"67","GCA_000521155.1","Alveolata",1036724,"Plasmodium falciparum FCH/4",NA,NA,NA,NA,NA,NA,"Aconoidasida","Apicomplexa","Haemosporida","Plasmodiidae","Plasmodium","NCBI"
"68","GCA_000524495.1","Alveolata",1237626,"Plasmodium inui San Antonio 1",NA,NA,NA,NA,NA,NA,"Aconoidasida","Apicomplexa","Haemosporida","Plasmodiidae","Plasmodium","NCBI"
"69","GCA_000524515.1","Alveolata",138298,"Plasmodium vinckei petteri",NA,NA,NA,NA,NA,NA,"Aconoidasida","Apicomplexa","Haemosporida","Plasmodiidae","Plasmodium","NCBI"
"70","GCA_000691945.2","Alveolata",1133968,"Babesia microti strain RI",NA,NA,NA,"M",NA,NA,"Aconoidasida","Apicomplexa","Piroplasmida","Babesiidae","Babesia","NCBI"
"71","GCA_000709005.1","Alveolata",54757,"Plasmodium vinckei vinckei",NA,NA,NA,NA,NA,NA,"Aconoidasida","Apicomplexa","Haemosporida","Plasmodiidae","Plasmodium","NCBI"
"72","GCA_000723685.1","Alveolata",5854,"Plasmodium reichenowi",NA,NA,NA,NA,NA,NA,"Aconoidasida","Apicomplexa","Haemosporida","Plasmodiidae","Plasmodium","NCBI"
"73","GCA_000740895.1","Alveolata",869250,"Theileria orientalis strain Shintoku",NA,NA,NA,"M",NA,NA,"Aconoidasida","Apicomplexa","Piroplasmida","Theileriidae","Theileria","NCBI"
"74","GCA_000751175.1","Alveolata",5949,"Stylonychia lemnae",NA,"H",NA,"H","M",NA,"Spirotrichea","Ciliophora","Sporadotrichida","Oxytrichidae","Stylonychia","NCBI"
"75","GCA_000769155.2","Alveolata",88456,"Cyclospora cayetanensis",NA,NA,NA,"M",NA,NA,"Conoidasida","Apicomplexa","Eucoccidiorida","Eimeriidae","Cyclospora","NCBI"
"76","GCA_000956335.1","Alveolata",5857,"Plasmodium fragile",NA,NA,NA,NA,NA,NA,"Aconoidasida","Apicomplexa","Haemosporida","Plasmodiidae","Plasmodium","NCBI"
"77","GCA_000981445.1","Alveolata",5866,"Babesia bigemina",NA,NA,NA,"H",NA,NA,"Aconoidasida","Apicomplexa","Piroplasmida","Babesiidae","Babesia","NCBI"
"78","GCA_001447515.1","Alveolata",266149,"Pseudocohnilembus persalinus",NA,"H",NA,"H","M",NA,"Oligohymenophorea","Ciliophora","Philasterida","Pseudocohnilembidae","Pseudocohnilembus","NCBI"
"79","GCA_001483515.1","Alveolata",237895,"Cryptosporidium hominis",NA,NA,NA,"H",NA,NA,"Conoidasida","Apicomplexa","Eucoccidiorida","Cryptosporidiidae","Cryptosporidium","NCBI"
"80","GCA_001593445.1","Alveolata",93969,"Cryptosporidium meleagridis",NA,NA,NA,"H",NA,NA,"Conoidasida","Apicomplexa","Eucoccidiorida","Cryptosporidiidae","Cryptosporidium","NCBI"
"81","GCA_001602025.1","Alveolata",647221,"Plasmodium gaboni",NA,NA,NA,NA,NA,NA,"Aconoidasida","Apicomplexa","Haemosporida","Plasmodiidae","Plasmodium","NCBI"
"82","GCA_001865345.1","Alveolata",857276,"Cryptosporidium ubiquitum",NA,NA,NA,"H",NA,NA,"Conoidasida","Apicomplexa","Eucoccidiorida","Cryptosporidiidae","Cryptosporidium","NCBI"
"83","GCA_001865355.1","Alveolata",117008,"Cryptosporidium andersoni",NA,NA,NA,"H",NA,NA,"Conoidasida","Apicomplexa","Eucoccidiorida","Cryptosporidiidae","Cryptosporidium","NCBI"
"84","GCA_002095265.1","Alveolata",462227,"Babesia sp. Xinjiang",NA,NA,NA,"H",NA,NA,"Aconoidasida","Apicomplexa","Piroplasmida","Babesiidae","Babesia","NCBI"
"85","GCA_002140095.1","Alveolata",5850,"Plasmodium knowlesi",NA,NA,NA,NA,NA,NA,"Aconoidasida","Apicomplexa","Haemosporida","Plasmodiidae","Plasmodium","NCBI"
"86","GCA_002157705.1","Alveolata",77519,"Plasmodium gonderi",NA,NA,NA,NA,NA,NA,"Aconoidasida","Apicomplexa","Haemosporida","Plasmodiidae","Plasmodium","NCBI"
"87","GCA_002563875.1","Alveolata",94643,"Besnoitia besnoiti",NA,NA,NA,"H","L",NA,"Conoidasida","Apicomplexa","Eucoccidiorida","Sarcocystidae","Besnoitia","NCBI"
"88","GCA_002600585.1","Alveolata",483139,"Cystoisospora suis",NA,NA,NA,"H","L",NA,"Conoidasida","Apicomplexa","Eucoccidiorida","Sarcocystidae","Cystoisospora","NCBI"
"89","GCA_002897235.1","Alveolata",189622,"Babesia ovata",NA,NA,NA,"H",NA,NA,"Aconoidasida","Apicomplexa","Piroplasmida","Babesiidae","Babesia","NCBI"
"90","GCA_003072535.4","Alveolata",68886,"Theileria orientalis",NA,NA,NA,"M",NA,NA,"Aconoidasida","Apicomplexa","Piroplasmida","Theileriidae","Theileria","NCBI"
"91","GCA_004369235.1","Alveolata",2494336,"Perkinsus sp. BL_2016",NA,NA,NA,NA,NA,NA,NA,"Perkinsozoa","Perkinsida","Perkinsidae","Perkinsus","NCBI"
"92","GCA_004936735.2","Alveolata",1280935,"Cryptosporidium sp. chipmunk genotype I",NA,NA,NA,"H",NA,NA,"Conoidasida","Apicomplexa","Eucoccidiorida","Cryptosporidiidae","Cryptosporidium","NCBI"
"93","GCA_007210665.1","Alveolata",756076,"Cryptosporidium tyzzeri",NA,NA,NA,"H",NA,NA,"Conoidasida","Apicomplexa","Eucoccidiorida","Cryptosporidiidae","Cryptosporidium","NCBI"
"94","GCA_009768925.2","Alveolata",310047,"Cryptosporidium bovis",NA,NA,NA,"H",NA,NA,"Conoidasida","Apicomplexa","Eucoccidiorida","Cryptosporidiidae","Cryptosporidium","NCBI"
"95","GCA_009792415.2","Alveolata",515981,"Cryptosporidium ryanae",NA,NA,NA,"H",NA,NA,"Conoidasida","Apicomplexa","Eucoccidiorida","Cryptosporidiidae","Cryptosporidium","NCBI"
"96","GCA_013099955.1","Alveolata",5811,"Toxoplasma gondii",NA,NA,NA,"H","L",NA,"Conoidasida","Apicomplexa","Eucoccidiorida","Sarcocystidae","Toxoplasma","NCBI"
"97","GCA_013115115.1","Alveolata",32597,"Perkinsus olseni",NA,"M","H","H","M",NA,NA,"Perkinsozoa","Perkinsida","Perkinsidae","Perkinsus","NCBI"
"98","GCA_013115145.1","Alveolata",330153,"Perkinsus chesapeaki",NA,"L","M","H","M",NA,NA,"Perkinsozoa","Perkinsida","Perkinsidae","Perkinsus","NCBI"
"99","GCA_014529505.1","Alveolata",83540,"Cryptosporidium felis",NA,NA,NA,"H",NA,NA,"Conoidasida","Apicomplexa","Eucoccidiorida","Cryptosporidiidae","Cryptosporidium","NCBI"
"100","GCA_015476325.1","Alveolata",476202,"Cardiosporidium cionae",NA,NA,NA,"M","M",NA,"Aconoidasida","Apicomplexa","Nephromycida",NA,"Cardiosporidium","NCBI"
"101","GCA_019968955.1","Alveolata",2853593,"Porospora cf. gigantea A",NA,NA,NA,"M",NA,NA,"Conoidasida","Apicomplexa","Eugregarinorida","Porosporidae","Porospora","NCBI"
"102","GCA_023705535.2","Alveolata",5869,"Babesia ovis",NA,NA,NA,"H",NA,NA,"Aconoidasida","Apicomplexa","Piroplasmida","Babesiidae","Babesia","NCBI"
"103","GCA_023973825.1","Alveolata",5824,"Plasmodium brasilianum",NA,NA,NA,NA,NA,NA,"Aconoidasida","Apicomplexa","Haemosporida","Plasmodiidae","Plasmodium","NCBI"
"104","GCA_024862765.1","Alveolata",5871,"Babesia caballi",NA,NA,NA,NA,NA,NA,"Aconoidasida","Apicomplexa","Piroplasmida","Babesiidae","Babesia","NCBI"
"105","GCA_027243965.1","Alveolata",195482,"Cryptosporidium canis",NA,NA,NA,"H",NA,NA,"Conoidasida","Apicomplexa","Eucoccidiorida","Cryptosporidiidae","Cryptosporidium","NCBI"
"106","GCA_028658345.1","Alveolata",323732,"Babesia duncani",NA,NA,NA,"H",NA,NA,"Aconoidasida","Apicomplexa","Piroplasmida","Babesiidae","Babesia","NCBI"
"107","GCA_030849525.1","Alveolata",33632,"Babesia gibsoni",NA,NA,NA,"H",NA,NA,"Aconoidasida","Apicomplexa","Piroplasmida","Babesiidae","Babesia","NCBI"
"108","GCA_031892065.1","Alveolata",2138604,"Cryptosporidium sp. 43IA8",NA,NA,NA,"H",NA,NA,"Conoidasida","Apicomplexa","Eucoccidiorida","Cryptosporidiidae","Cryptosporidium","NCBI"
"109","GCA_037039495.1","Alveolata",659607,"Cryptosporidium xiaoi",NA,NA,NA,"H",NA,NA,"Conoidasida","Apicomplexa","Eucoccidiorida","Cryptosporidiidae","Cryptosporidium","NCBI"
"110","GCA_900002335.2","Alveolata",31271,"Plasmodium chabaudi chabaudi",NA,NA,NA,NA,NA,NA,"Aconoidasida","Apicomplexa","Haemosporida","Plasmodiidae","Plasmodium","NCBI"
"111","GCA_900002375.2","Alveolata",5823,"Plasmodium berghei ANKA",NA,NA,NA,NA,NA,NA,"Aconoidasida","Apicomplexa","Haemosporida","Plasmodiidae","Plasmodium","NCBI"
"112","GCA_900002385.2","Alveolata",5861,"Plasmodium yoelii",NA,NA,NA,NA,NA,NA,"Aconoidasida","Apicomplexa","Haemosporida","Plasmodiidae","Plasmodium","NCBI"
"113","GCA_900005765.1","Alveolata",85471,"Plasmodium relictum",NA,NA,NA,NA,NA,NA,"Aconoidasida","Apicomplexa","Haemosporida","Plasmodiidae","Plasmodium","NCBI"
"114","GCA_900005855.1","Alveolata",5849,"Plasmodium gallinaceum",NA,NA,NA,NA,NA,NA,"Aconoidasida","Apicomplexa","Haemosporida","Plasmodiidae","Plasmodium","NCBI"
"115","GCA_900044335.1","Alveolata",5821,"Plasmodium berghei",NA,NA,NA,NA,NA,NA,"Aconoidasida","Apicomplexa","Haemosporida","Plasmodiidae","Plasmodium","NCBI"
"116","GCA_900088485.1","Alveolata",864142,"Plasmodium ovale wallikeri",NA,NA,NA,NA,NA,NA,"Aconoidasida","Apicomplexa","Haemosporida","Plasmodiidae","Plasmodium","NCBI"
"117","GCA_900088555.1","Alveolata",864141,"Plasmodium ovale curtisi",NA,NA,NA,NA,NA,NA,"Aconoidasida","Apicomplexa","Haemosporida","Plasmodiidae","Plasmodium","NCBI"
"118","GCA_900088575.1","Alveolata",5858,"Plasmodium malariae",NA,NA,NA,NA,NA,NA,"Aconoidasida","Apicomplexa","Haemosporida","Plasmodiidae","Plasmodium","NCBI"
"119","GCA_900090025.2","Alveolata",36330,"Plasmodium ovale",NA,NA,NA,NA,NA,NA,"Aconoidasida","Apicomplexa","Haemosporida","Plasmodiidae","Plasmodium","NCBI"
"120","GCA_900095565.1","Alveolata",5826,"Plasmodium chabaudi adami",NA,NA,NA,NA,NA,NA,"Aconoidasida","Apicomplexa","Haemosporida","Plasmodiidae","Plasmodium","NCBI"
"121","GCA_900095595.1","Alveolata",880534,"Plasmodium sp. gorilla clade G1",NA,NA,NA,NA,NA,NA,"Aconoidasida","Apicomplexa","Haemosporida","Plasmodiidae","Plasmodium","NCBI"
"122","GCA_900097015.1","Alveolata",880535,"Plasmodium sp. gorilla clade G2",NA,NA,NA,NA,NA,NA,"Aconoidasida","Apicomplexa","Haemosporida","Plasmodiidae","Plasmodium","NCBI"
"123","GCA_900097035.1","Alveolata",880536,"Plasmodium sp. gorilla clade G3",NA,NA,NA,NA,NA,NA,"Aconoidasida","Apicomplexa","Haemosporida","Plasmodiidae","Plasmodium","NCBI"
"124","GCA_900240055.1","Alveolata",720590,"Plasmodium sp. DRC-Itaito",NA,NA,NA,NA,NA,NA,"Aconoidasida","Apicomplexa","Haemosporida","Plasmodiidae","Plasmodium","NCBI"
"125","GCA_902459845.2","Alveolata",2600580,"Hepatocystis sp. ex Piliocolobus tephrosceles",NA,NA,NA,NA,NA,NA,"Aconoidasida","Apicomplexa","Haemosporida","Plasmodiidae","Hepatocystis","NCBI"
"126","GCA_903994205.1","Alveolata",119398,"Plasmodium vinckei brucechwatti",NA,NA,NA,NA,NA,NA,"Aconoidasida","Apicomplexa","Haemosporida","Plasmodiidae","Plasmodium","NCBI"
"127","GCA_903994225.1","Alveolata",138297,"Plasmodium vinckei lentum",NA,NA,NA,NA,NA,NA,"Aconoidasida","Apicomplexa","Haemosporida","Plasmodiidae","Plasmodium","NCBI"
"128","GCA_903994265.1","Alveolata",5860,"Plasmodium vinckei",NA,NA,NA,NA,NA,NA,"Aconoidasida","Apicomplexa","Haemosporida","Plasmodiidae","Plasmodium","NCBI"
"129","GCA_905178155.1","Alveolata",2202890,"Amoebophrya sp. A120",NA,NA,NA,"M",NA,NA,"Dinophyceae",NA,"Syndiniales","Amoebophryaceae","Amoebophrya","NCBI"
"130","GCA_905182975.1","Alveolata",5886,"Paramecium primaurelia","M",NA,NA,"H","H",NA,"Oligohymenophorea","Ciliophora","Peniculida","Parameciidae","Paramecium","NCBI"
"131","GCA_905182985.1","Alveolata",65129,"Paramecium sonneborni","M","H",NA,"H","H",NA,"Oligohymenophorea","Ciliophora","Peniculida","Parameciidae","Paramecium","NCBI"
"132","GCA_905182995.1","Alveolata",43137,"Paramecium octaurelia","M","H",NA,"H","H",NA,"Oligohymenophorea","Ciliophora","Peniculida","Parameciidae","Paramecium","NCBI"
"133","GCA_905183005.1","Alveolata",43138,"Paramecium pentaurelia","M","H",NA,"H","H",NA,"Oligohymenophorea","Ciliophora","Peniculida","Parameciidae","Paramecium","NCBI"
"134","GCA_905221605.1","Alveolata",878477,"Symbiodinium natans",NA,NA,NA,"H","L",NA,"Dinophyceae",NA,"Suessiales","Symbiodiniaceae","Symbiodinium","NCBI"
"135","GCA_905221615.1","Alveolata",631055,"Symbiodinium sp. CCMP2592",NA,NA,NA,"H","L",NA,"Dinophyceae",NA,"Suessiales","Symbiodiniaceae","Symbiodinium","NCBI"
"136","GCA_905221625.1","Alveolata",230985,"Symbiodinium sp. KB8",NA,NA,NA,"H","H","H","Dinophyceae",NA,"Suessiales","Symbiodiniaceae","Symbiodinium","NCBI"
"137","GCA_905221635.1","Alveolata",1519616,"Symbiodinium sp. CCMP2456",NA,NA,NA,"H",NA,"H","Dinophyceae",NA,"Suessiales","Symbiodiniaceae","Symbiodinium","NCBI"
"138","GCA_905231905.1","Alveolata",2952,"Symbiodinium pilosum",NA,NA,NA,NA,NA,NA,"Dinophyceae",NA,"Suessiales","Symbiodiniaceae","Symbiodinium","NCBI"
"139","GCA_905231915.1","Alveolata",1628268,"Symbiodinium necroappetens",NA,NA,NA,NA,"L","H","Dinophyceae",NA,"Suessiales","Symbiodiniaceae","Symbiodinium","NCBI"
"140","GCA_914767885.1","Alveolata",1481888,"Blepharisma stoltei",NA,"H",NA,"H","M",NA,"Heterotrichea","Ciliophora","Heterotrichida","Blepharismidae","Blepharisma","NCBI"
"141","GCA_946863485.1","Alveolata",5936,"Moneuplotes crassus",NA,NA,NA,"H","M",NA,"Spirotrichea","Ciliophora","Euplotida","Euplotidae","Moneuplotes","NCBI"
"142","GCA_963377065.1","Alveolata",2562239,"Effrenium voratum",NA,NA,NA,"H",NA,NA,"Dinophyceae",NA,"Suessiales","Symbiodiniaceae","Effrenium","NCBI"
"143","GCA_963969995.1","Alveolata",1381693,"Durusdinium trenchii",NA,NA,NA,"H","L",NA,"Dinophyceae",NA,"Suessiales","Symbiodiniaceae","Durusdinium","NCBI"
